{"type":"FeatureCollection","features":[{"type":"Feature","properties":{"codarea":"BR","fonte":"IBGE - API de malhas geográficas v3","base":"malha municipal em qualidade máxima, limites dissolvidos","detalhe":"visao-geral"},"geometry":{"type":"MultiPolygon","coordinates":[[[[-73.9904,-7.536],[-73.9833,-7.5662],[-73.9683,-7.5673],[-73.9323,-7.608],[-73.9085,-7.6244],[-73.8883,-7.6313],[-73.8851,-7.6553],[-73.8729,-7.6711],[-73.8572,-7.6777],[-73.8441,-7.6757],[-73.8217,-7.7175],[-73.8091,-7.7227],[-73.7862,-7.7224],[-73.7554,-7.732],[-73.74,-7.7337],[-73.7132,-7.7555],[-73.6965,-7.7632],[-73.6928,-7.7727],[-73.6838,-7.7761],[-73.6819,-7.7961],[-73.6869,-7.8206],[-73.6833,-7.8416],[-73.6871,-7.854],[-73.704,-7.8726],[-73.713,-7.8755],[-73.742,-7.8727],[-73.7586,-7.8573],[-73.7672,-7.8609],[-73.7661,-7.8702],[-73.7526,-7.8919],[-73.7701,-7.8968],[-73.772,-7.902],[-73.7509,-7.9234],[-73.7465,-7.9352],[-73.7465,-7.9526],[-73.7343,-7.9614],[-73.7313,-7.968],[-73.7243,-7.9651],[-73.7228,-7.9601],[-73.6976,-7.9602],[-73.6887,-7.9714],[-73.676,-8.0078],[-73.6634,-8.0082],[-73.6459,-8.003],[-73.6269,-8.0215],[-73.6234,-8.0394],[-73.6334,-8.0568],[-73.6311,-8.0612],[-73.6156,-8.0696],[-73.6071,-8.0865],[-73.594,-8.0974],[-73.5853,-8.1228],[-73.5913,-8.1423],[-73.5858,-8.1642],[-73.5865,-8.1864],[-73.5952,-8.2066],[-73.5778,-8.2106],[-73.5716,-8.2298],[-73.5603,-8.2353],[-73.5533,-8.2539],[-73.5403,-8.2627],[-73.5364,-8.2699],[-73.5401,-8.295],[-73.5297,-8.3148],[-73.5378,-8.3342],[-73.537,-8.3455],[-73.5065,-8.3773],[-73.4859,-8.3781],[-73.4861,-8.3858],[-73.482,-8.3918],[-73.448,-8.4022],[-73.4335,-8.4121],[-73.4216,-8.407],[-73.4124,-8.4106],[-73.4067,-8.4192],[-73.4057,-8.4342],[-73.3944,-8.4673],[-73.3866,-8.4696],[-73.3768,-8.4624],[-73.3746,-8.4668],[-73.3651,-8.4634],[-73.3472,-8.4706],[-73.3354,-8.4671],[-73.3313,-8.4718],[-73.3324,-8.4765],[-73.3277,-8.4815],[-73.328,-8.5171],[-73.3342,-8.5401],[-73.3375,-8.5709],[-73.3414,-8.5787],[-73.344,-8.6021],[-73.3414,-8.6157],[-73.337,-8.6178],[-73.3146,-8.6152],[-73.3116,-8.6218],[-73.3131,-8.6311],[-73.2996,-8.6322],[-73.3018,-8.6365],[-73.2974,-8.6509],[-73.2903,-8.6617],[-73.2643,-8.6777],[-73.2573,-8.679],[-73.2478,-8.6873],[-73.2164,-8.679],[-73.1761,-8.6943],[-73.1554,-8.7077],[-73.1406,-8.7271],[-73.1382,-8.7596],[-73.1198,-8.7785],[-73.1116,-8.7919],[-73.1118,-8.8156],[-73.109,-8.8227],[-73.0943,-8.8372],[-73.078,-8.8429],[-73.0775,-8.8609],[-73.0562,-8.9069],[-73.0432,-8.9153],[-73.0089,-8.9128],[-72.9948,-8.9198],[-72.9706,-8.9749],[-72.9662,-8.9791],[-72.9444,-8.9841],[-72.9363,-8.9895],[-72.9392,-8.9968],[-72.9569,-9.0107],[-72.9483,-9.0256],[-72.9402,-9.069],[-72.9461,-9.0769],[-72.9438,-9.1022],[-72.9527,-9.1286],[-72.9644,-9.147],[-72.9716,-9.1482],[-72.9862,-9.1599],[-73.0087,-9.1677],[-73.0164,-9.1766],[-73.0167,-9.1817],[-73.0112,-9.1876],[-72.9937,-9.1922],[-73.026,-9.2291],[-73.0449,-9.2369],[-73.0562,-9.2253],[-73.0866,-9.2445],[-73.0951,-9.2661],[-73.1115,-9.2794],[-73.1008,-9.3042],[-73.128,-9.3125],[-73.1393,-9.3218],[-73.1567,-9.3509],[-73.188,-9.3612],[-73.1935,-9.3928],[-73.2096,-9.4055],[-73.2119,-9.4117],[-72.7197,-9.4117],[-72.7158,-9.4141],[-72.7181,-9.4162],[-72.713,-9.4293],[-72.7069,-9.4306],[-72.7058,-9.4336],[-72.7004,-9.4283],[-72.698,-9.4323],[-72.7009,-9.436],[-72.6955,-9.4328],[-72.696,-9.4389],[-72.69,-9.4341],[-72.6861,-9.4377],[-72.6871,-9.4336],[-72.6834,-9.4324],[-72.6788,-9.4393],[-72.6683,-9.4378],[-72.6696,-9.4417],[-72.6665,-9.4403],[-72.6675,-9.4432],[-72.6642,-9.4428],[-72.6631,-9.4477],[-72.6572,-9.4464],[-72.6582,-9.4502],[-72.6546,-9.4521],[-72.6523,-9.4454],[-72.6452,-9.4477],[-72.6448,-9.4434],[-72.6305,-9.4454],[-72.6274,-9.4423],[-72.6286,-9.4454],[-72.6261,-9.4477],[-72.6253,-9.4443],[-72.622,-9.4453],[-72.6233,-9.45],[-72.6178,-9.4495],[-72.6171,-9.4526],[-72.6113,-9.4492],[-72.6007,-9.4558],[-72.5899,-9.4554],[-72.5819,-9.46],[-72.576,-9.4557],[-72.5773,-9.4635],[-72.5736,-9.4643],[-72.5669,-9.4595],[-72.5671,-9.4655],[-72.5609,-9.4633],[-72.5603,-9.4728],[-72.559,-9.467],[-72.5551,-9.465],[-72.5547,-9.4705],[-72.5516,-9.4654],[-72.5492,-9.4682],[-72.5436,-9.4656],[-72.5428,-9.4723],[-72.5361,-9.4696],[-72.5369,-9.4734],[-72.5263,-9.4793],[-72.5291,-9.4849],[-72.5235,-9.485],[-72.524,-9.4889],[-72.518,-9.4916],[-72.5155,-9.4845],[-72.5045,-9.4866],[-72.5023,-9.4811],[-72.4958,-9.4845],[-72.493,-9.4795],[-72.4866,-9.4798],[-72.48,-9.487],[-72.4758,-9.4857],[-72.4753,-9.4823],[-72.4729,-9.4862],[-72.465,-9.4851],[-72.4628,-9.4877],[-72.4613,-9.4849],[-72.4544,-9.4903],[-72.4542,-9.487],[-72.4501,-9.486],[-72.4534,-9.4843],[-72.4468,-9.4809],[-72.4437,-9.4832],[-72.4411,-9.4766],[-72.4375,-9.4848],[-72.4307,-9.4812],[-72.4267,-9.4818],[-72.4262,-9.4861],[-72.4228,-9.4805],[-72.4137,-9.4833],[-72.4083,-9.4771],[-72.4052,-9.4817],[-72.3985,-9.4831],[-72.396,-9.4886],[-72.3916,-9.4869],[-72.3859,-9.4931],[-72.381,-9.4911],[-72.3751,-9.4954],[-72.3696,-9.493],[-72.369,-9.4897],[-72.3634,-9.4973],[-72.355,-9.4954],[-72.3538,-9.5002],[-72.3408,-9.506],[-72.3381,-9.5139],[-72.3399,-9.5206],[-72.3351,-9.5208],[-72.3298,-9.5348],[-72.3261,-9.5343],[-72.3187,-9.5436],[-72.3126,-9.5448],[-72.3118,-9.5409],[-72.3015,-9.5367],[-72.3016,-9.5337],[-72.2906,-9.5357],[-72.2885,-9.541],[-72.2839,-9.5398],[-72.2816,-9.5472],[-72.2855,-9.5568],[-72.2831,-9.5605],[-72.2857,-9.5646],[-72.2836,-9.5785],[-72.2864,-9.5793],[-72.287,-9.5887],[-72.2844,-9.5951],[-72.289,-9.6022],[-72.269,-9.6204],[-72.2652,-9.6196],[-72.2639,-9.6156],[-72.2536,-9.6164],[-72.2529,-9.6228],[-72.2605,-9.6449],[-72.2522,-9.6564],[-72.2467,-9.6563],[-72.2463,-9.6611],[-72.2526,-9.6787],[-72.2498,-9.6855],[-72.2512,-9.6931],[-72.2639,-9.7131],[-72.2647,-9.7216],[-72.2619,-9.7261],[-72.2707,-9.7422],[-72.2687,-9.7494],[-72.2516,-9.7538],[-72.2432,-9.7657],[-72.2304,-9.7633],[-72.2145,-9.774],[-72.2014,-9.774],[-72.1753,-9.7819],[-72.158,-9.7912],[-72.151,-9.7989],[-72.1655,-9.828],[-72.1576,-9.8348],[-72.1551,-9.8422],[-72.1551,-9.8605],[-72.1407,-9.8775],[-72.1567,-9.9022],[-72.1663,-9.9095],[-72.1741,-9.9216],[-72.1725,-9.936],[-72.1607,-9.9395],[-72.1599,-9.9534],[-72.1557,-9.9636],[-72.1624,-9.9741],[-72.1807,-9.9848],[-72.1805,-10],[-71.3774,-10],[-71.364,-9.985],[-71.3574,-9.9895],[-71.3547,-9.988],[-71.3529,-9.9766],[-71.3485,-9.9731],[-71.3389,-9.972],[-71.3177,-9.9912],[-71.308,-9.992],[-71.2711,-9.9783],[-71.2591,-9.9781],[-71.2531,-9.9639],[-71.2466,-9.962],[-71.2275,-9.9693],[-71.2108,-9.9664],[-71.2057,-9.9472],[-71.1939,-9.9382],[-71.1874,-9.9197],[-71.1814,-9.9175],[-71.1717,-9.8881],[-71.1662,-9.884],[-71.163,-9.8753],[-71.1299,-9.8525],[-71.1024,-9.8518],[-71.0999,-9.8456],[-71.0852,-9.8391],[-71.0777,-9.8277],[-71.0609,-9.8251],[-71.0522,-9.8162],[-71.0395,-9.8189],[-71.0317,-9.8139],[-71.022,-9.8184],[-71.0199,-9.8162],[-70.9942,-9.8172],[-70.9912,-9.8116],[-70.9949,-9.8049],[-70.9909,-9.8],[-70.993,-9.7952],[-70.9859,-9.7888],[-70.9804,-9.7711],[-70.9709,-9.7556],[-70.9654,-9.7551],[-70.9638,-9.749],[-70.9618,-9.7528],[-70.9524,-9.742],[-70.9503,-9.746],[-70.9502,-9.7425],[-70.9373,-9.7451],[-70.9353,-9.7416],[-70.9228,-9.7401],[-70.9245,-9.7375],[-70.9204,-9.7374],[-70.915,-9.7265],[-70.9089,-9.7249],[-70.9036,-9.7148],[-70.8987,-9.7146],[-70.8972,-9.703],[-70.8936,-9.7017],[-70.8891,-9.6896],[-70.8803,-9.6881],[-70.8805,-9.6803],[-70.8771,-9.6804],[-70.8753,-9.674],[-70.8714,-9.6735],[-70.869,-9.6647],[-70.8573,-9.66],[-70.8548,-9.6558],[-70.85,-9.6548],[-70.8469,-9.6584],[-70.8385,-9.6566],[-70.8364,-9.643],[-70.8315,-9.647],[-70.8285,-9.6428],[-70.8181,-9.6446],[-70.8179,-9.6414],[-70.8143,-9.6434],[-70.8128,-9.6394],[-70.8058,-9.6438],[-70.7996,-9.6425],[-70.7967,-9.6373],[-70.793,-9.6383],[-70.7943,-9.6344],[-70.7904,-9.6316],[-70.7928,-9.6277],[-70.784,-9.6225],[-70.7879,-9.6208],[-70.7864,-9.6144],[-70.7789,-9.6099],[-70.7756,-9.612],[-70.7714,-9.6063],[-70.7659,-9.6072],[-70.767,-9.6008],[-70.758,-9.6057],[-70.7563,-9.604],[-70.7587,-9.6018],[-70.7549,-9.5966],[-70.7583,-9.588],[-70.7567,-9.5849],[-70.7591,-9.5846],[-70.7553,-9.5824],[-70.7577,-9.5787],[-70.753,-9.5795],[-70.7552,-9.5772],[-70.7498,-9.5694],[-70.7549,-9.5678],[-70.7516,-9.5663],[-70.7503,-9.5603],[-70.747,-9.563],[-70.7385,-9.5587],[-70.7294,-9.5702],[-70.723,-9.5637],[-70.725,-9.5608],[-70.7222,-9.5581],[-70.7261,-9.5569],[-70.7173,-9.5537],[-70.7139,-9.5466],[-70.7107,-9.5481],[-70.7058,-9.5437],[-70.7025,-9.5464],[-70.7002,-9.5411],[-70.6944,-9.5406],[-70.693,-9.5355],[-70.6883,-9.5365],[-70.685,-9.532],[-70.6795,-9.5344],[-70.6813,-9.531],[-70.6713,-9.5282],[-70.6653,-9.5191],[-70.6623,-9.5257],[-70.659,-9.5167],[-70.654,-9.5186],[-70.6572,-9.5153],[-70.6548,-9.5114],[-70.6524,-9.5143],[-70.6504,-9.5125],[-70.6521,-9.4998],[-70.6423,-9.5001],[-70.6459,-9.4966],[-70.6427,-9.4956],[-70.6356,-9.5006],[-70.6359,-9.4956],[-70.6304,-9.493],[-70.6358,-9.4895],[-70.6351,-9.4854],[-70.6317,-9.4849],[-70.6323,-9.4798],[-70.625,-9.4782],[-70.6229,-9.4697],[-70.6156,-9.4754],[-70.6172,-9.4701],[-70.6119,-9.468],[-70.612,-9.4577],[-70.596,-9.4594],[-70.5983,-9.4557],[-70.5956,-9.4542],[-70.598,-9.4523],[-70.5954,-9.4411],[-70.5905,-9.4406],[-70.5885,-9.4466],[-70.5747,-9.4352],[-70.57,-9.4394],[-70.5698,-9.4322],[-70.5671,-9.4341],[-70.567,-9.4309],[-70.5642,-9.4311],[-70.5641,-9.4335],[-70.5614,-9.4288],[-70.5589,-9.4334],[-70.5484,-9.434],[-70.5469,-9.427],[-70.5371,-9.433],[-70.5379,-9.4374],[-70.526,-9.4271],[-70.5246,-9.4302],[-70.5287,-9.4341],[-70.5245,-9.4365],[-70.5195,-9.4339],[-70.5202,-9.4288],[-70.5104,-9.4236],[-70.5044,-9.4224],[-70.502,-9.4268],[-70.4949,-9.4239],[-70.4947,-9.44],[-70.512,-9.4472],[-70.5038,-9.4612],[-70.5046,-9.4646],[-70.5116,-9.465],[-70.5151,-9.4556],[-70.5219,-9.4572],[-70.5235,-9.4721],[-70.512,-9.4814],[-70.5155,-9.5022],[-70.519,-9.5043],[-70.5288,-9.4973],[-70.5323,-9.4997],[-70.531,-9.5058],[-70.5337,-9.5099],[-70.5419,-9.5109],[-70.5458,-9.5147],[-70.5467,-9.5258],[-70.5392,-9.5271],[-70.5369,-9.5305],[-70.5401,-9.537],[-70.5554,-9.5391],[-70.5633,-9.5308],[-70.5674,-9.5309],[-70.5642,-9.5397],[-70.5705,-9.5548],[-70.5593,-9.5577],[-70.5535,-9.5709],[-70.5639,-9.5751],[-70.5746,-9.5633],[-70.5803,-9.5687],[-70.5851,-9.5685],[-70.5871,-9.5668],[-70.5838,-9.5561],[-70.5908,-9.5484],[-70.6003,-9.5578],[-70.6003,-9.563],[-70.5857,-9.5753],[-70.5868,-9.5851],[-70.5912,-9.5863],[-70.5851,-9.5905],[-70.588,-9.5989],[-70.5985,-9.6074],[-70.5919,-9.6158],[-70.5934,-9.6222],[-70.5905,-9.6228],[-70.5913,-9.6267],[-70.5832,-9.6374],[-70.5849,-9.641],[-70.5744,-9.6501],[-70.5748,-9.655],[-70.5666,-9.6679],[-70.5525,-9.6683],[-70.5476,-9.6796],[-70.5415,-9.6816],[-70.5314,-9.7116],[-70.5247,-9.7153],[-70.529,-9.7195],[-70.5271,-9.7259],[-70.5344,-9.7354],[-70.5321,-9.745],[-70.5394,-9.7502],[-70.5358,-9.7637],[-70.557,-9.7887],[-70.579,-9.7784],[-70.5858,-9.7841],[-70.5862,-9.7939],[-70.5911,-9.8037],[-70.5997,-9.8003],[-70.6083,-9.8012],[-70.6126,-9.8051],[-70.6148,-9.8161],[-70.6236,-9.8208],[-70.6206,-9.8323],[-70.621,-10.9996],[-70.5301,-10.9348],[-70.5294,-10.9311],[-70.5211,-10.9354],[-70.5173,-10.9454],[-70.5033,-10.9528],[-70.4964,-10.963],[-70.4868,-10.9643],[-70.4807,-10.9692],[-70.4733,-10.9844],[-70.4527,-10.9967],[-70.4376,-11.0266],[-70.4415,-11.0335],[-70.4378,-11.039],[-70.4247,-11.0378],[-70.4108,-11.0426],[-70.4063,-11.0476],[-70.4004,-11.0451],[-70.3862,-11.0475],[-70.3817,-11.0501],[-70.3805,-11.0565],[-70.3731,-11.0607],[-70.3708,-11.058],[-70.3654,-11.0607],[-70.3539,-11.0589],[-70.3503,-11.0654],[-70.3451,-11.0671],[-70.3277,-11.0654],[-70.3082,-11.0706],[-70.2944,-11.0663],[-70.2829,-11.0565],[-70.2713,-11.0593],[-70.2664,-11.0571],[-70.2642,-11.0517],[-70.2583,-11.0534],[-70.2419,-11.0471],[-70.2307,-11.0529],[-70.2289,-11.0497],[-70.2149,-11.0534],[-70.2123,-11.0503],[-70.1984,-11.0545],[-70.1904,-11.0493],[-70.1896,-11.0449],[-70.1781,-11.0435],[-70.177,-11.0398],[-70.172,-11.043],[-70.1648,-11.0392],[-70.1585,-11.0424],[-70.1562,-11.0331],[-70.1424,-11.0304],[-70.1383,-11.0281],[-70.1397,-11.0225],[-70.1306,-11.0233],[-70.1269,-11.0144],[-70.1153,-11.0104],[-70.1113,-11.0056],[-70.1069,-11.0062],[-70.1077,-10.9942],[-70.0987,-10.9923],[-70.0948,-10.9959],[-70.0957,-10.9883],[-70.0925,-10.9854],[-70.0862,-10.9901],[-70.0811,-10.9843],[-70.0799,-10.9925],[-70.0775,-10.9891],[-70.0663,-10.9942],[-70.0635,-10.9928],[-70.0641,-10.9871],[-70.0547,-10.987],[-70.0461,-10.9789],[-70.0364,-10.9782],[-70.0381,-10.971],[-70.0288,-10.9775],[-70.027,-10.9719],[-70.0149,-10.9698],[-70.007,-10.9611],[-69.9979,-10.9632],[-69.9948,-10.9494],[-69.9848,-10.9551],[-69.9823,-10.9422],[-69.979,-10.9478],[-69.9747,-10.9488],[-69.9693,-10.9424],[-69.9578,-10.9388],[-69.9623,-10.9347],[-69.9545,-10.9354],[-69.9549,-10.9278],[-69.9472,-10.9246],[-69.9418,-10.9263],[-69.9339,-10.9212],[-69.9235,-10.9247],[-69.9246,-10.9305],[-69.9216,-10.9331],[-69.9181,-10.9327],[-69.9179,-10.9264],[-69.9127,-10.9222],[-69.9005,-10.92],[-69.8792,-10.9241],[-69.874,-10.9306],[-69.862,-10.926],[-69.8582,-10.9341],[-69.854,-10.9247],[-69.8501,-10.9238],[-69.8436,-10.9247],[-69.8402,-10.9298],[-69.8331,-10.9278],[-69.8328,-10.9337],[-69.8131,-10.9293],[-69.812,-10.9256],[-69.8003,-10.9264],[-69.7938,-10.9343],[-69.7885,-10.9287],[-69.7798,-10.9354],[-69.7697,-10.9295],[-69.7678,-10.933],[-69.7742,-10.9388],[-69.7642,-10.9421],[-69.7601,-10.9392],[-69.7481,-10.9532],[-69.7455,-10.9621],[-69.7393,-10.9654],[-69.7418,-10.9716],[-69.7398,-10.9747],[-69.7287,-10.9705],[-69.7231,-10.9647],[-69.7195,-10.9666],[-69.7163,-10.9768],[-69.7006,-10.9655],[-69.6985,-10.9729],[-69.6959,-10.9679],[-69.6825,-10.9615],[-69.6683,-10.9623],[-69.659,-10.953],[-69.634,-10.9579],[-69.6196,-10.9501],[-69.6087,-10.9585],[-69.6124,-10.9519],[-69.6114,-10.947],[-69.5964,-10.9409],[-69.5906,-10.9482],[-69.5852,-10.94],[-69.5753,-10.942],[-69.5718,-10.9458],[-69.5673,-10.944],[-69.558,-10.9481],[-69.5504,-10.9473],[-69.5508,-10.9528],[-69.5479,-10.9535],[-69.5407,-10.9509],[-69.5432,-10.94],[-69.5391,-10.9372],[-69.521,-10.9362],[-69.5083,-10.9438],[-69.5034,-10.9416],[-69.5021,-10.9361],[-69.4929,-10.9515],[-69.4852,-10.9501],[-69.4779,-10.9549],[-69.4761,-10.9512],[-69.4787,-10.9456],[-69.473,-10.9449],[-69.4654,-10.9508],[-69.4582,-10.9466],[-69.4538,-10.9493],[-69.4526,-10.9368],[-69.4356,-10.9339],[-69.4295,-10.9384],[-69.4249,-10.9349],[-69.4253,-10.9275],[-69.4169,-10.9254],[-69.4138,-10.9273],[-69.4119,-10.938],[-69.4053,-10.9289],[-69.4019,-10.9298],[-69.3948,-10.9451],[-69.3904,-10.9423],[-69.3947,-10.9402],[-69.3957,-10.9352],[-69.387,-10.9339],[-69.3888,-10.9395],[-69.3857,-10.9426],[-69.381,-10.9404],[-69.3778,-10.9424],[-69.3771,-10.9544],[-69.3743,-10.9564],[-69.3741,-10.941],[-69.3704,-10.9385],[-69.3556,-10.9454],[-69.358,-10.9379],[-69.3464,-10.9376],[-69.3469,-10.9481],[-69.3419,-10.9521],[-69.3412,-10.9452],[-69.3372,-10.9409],[-69.3348,-10.9467],[-69.3288,-10.9502],[-69.325,-10.9357],[-69.3213,-10.9438],[-69.3045,-10.9484],[-69.2978,-10.9465],[-69.2861,-10.9496],[-69.2839,-10.9434],[-69.274,-10.9548],[-69.2708,-10.9511],[-69.2755,-10.9481],[-69.2756,-10.9441],[-69.252,-10.939],[-69.2514,-10.9439],[-69.2584,-10.9456],[-69.2543,-10.9489],[-69.2407,-10.9515],[-69.2326,-10.94],[-69.2252,-10.9486],[-69.2203,-10.9489],[-69.2162,-10.958],[-69.2013,-10.9482],[-69.1897,-10.9503],[-69.1864,-10.9478],[-69.1825,-10.9556],[-69.1707,-10.9587],[-69.1698,-10.9635],[-69.1618,-10.9657],[-69.1521,-10.9546],[-69.1508,-10.9572],[-69.1558,-10.9647],[-69.1443,-10.9633],[-69.1511,-10.9711],[-69.1386,-10.968],[-69.1367,-10.9744],[-69.1246,-10.966],[-69.1204,-10.9691],[-69.1208,-10.9811],[-69.112,-10.971],[-69.1079,-10.9724],[-69.1043,-10.9804],[-69.1008,-10.9808],[-69.0873,-10.9698],[-69.078,-10.9758],[-69.0714,-10.9669],[-69.0681,-10.9775],[-69.0611,-10.9858],[-69.0517,-10.9746],[-69.0484,-10.9742],[-69.0492,-10.9813],[-69.0438,-10.9812],[-69.0391,-10.9767],[-69.0344,-10.9861],[-69.0264,-10.9824],[-69.0251,-10.9928],[-69.0115,-10.9921],[-69.0109,-10.9968],[-69.0162,-11.0016],[-69.0082,-11.002],[-69.0014,-11.0089],[-68.9967,-11.0027],[-68.9928,-11.0115],[-68.9849,-11.0094],[-68.9876,-10.9984],[-68.9685,-10.9875],[-68.9624,-10.9927],[-68.9525,-10.9907],[-68.9575,-10.9996],[-68.9547,-11.0039],[-68.9477,-11.004],[-68.948,-11.0116],[-68.9432,-11.0111],[-68.9368,-11.0042],[-68.9327,-11.0051],[-68.9317,-11.012],[-68.9269,-11.0119],[-68.9253,-11.018],[-68.9202,-11.0134],[-68.9121,-11.0217],[-68.9075,-11.0205],[-68.9048,-11.0133],[-68.8958,-11.0061],[-68.8886,-11.0117],[-68.8885,-11.0163],[-68.8805,-11.0212],[-68.8772,-11.0206],[-68.8757,-11.015],[-68.8786,-11.012],[-68.8805,-11.0166],[-68.8845,-11.0163],[-68.8858,-11.0114],[-68.8828,-11.0084],[-68.8732,-11.0086],[-68.8699,-11.0139],[-68.8599,-11.0164],[-68.8603,-11.0047],[-68.847,-10.9918],[-68.842,-10.9927],[-68.8409,-10.9968],[-68.846,-10.9992],[-68.843,-11.0013],[-68.8376,-11.0012],[-68.8339,-10.9925],[-68.8268,-10.996],[-68.8267,-10.9995],[-68.8318,-11.0006],[-68.8274,-11.0067],[-68.823,-11.0025],[-68.8165,-11.0051],[-68.8111,-11.0008],[-68.8038,-11.0012],[-68.8115,-10.9942],[-68.8017,-10.9945],[-68.7987,-10.9899],[-68.7922,-10.9902],[-68.799,-10.9966],[-68.797,-11.0002],[-68.7903,-10.9996],[-68.7891,-11.0146],[-68.7861,-11.0127],[-68.787,-11.0038],[-68.7819,-10.9989],[-68.7786,-10.9991],[-68.7788,-11.0049],[-68.7704,-11.0069],[-68.7581,-10.9996],[-68.7569,-11.009],[-68.7634,-11.0119],[-68.7624,-11.0183],[-68.7537,-11.0084],[-68.7476,-11.0105],[-68.7516,-11.016],[-68.7487,-11.0203],[-68.7547,-11.0234],[-68.7514,-11.0258],[-68.7513,-11.0358],[-68.7597,-11.0394],[-68.7665,-11.0501],[-68.7596,-11.0562],[-68.7653,-11.0659],[-68.7557,-11.0763],[-68.7569,-11.0839],[-68.7509,-11.0858],[-68.7445,-11.0958],[-68.7345,-11.0933],[-68.7213,-11.1029],[-68.7222,-11.1136],[-68.7109,-11.1309],[-68.7161,-11.1456],[-68.543,-11.1114],[-68.5399,-11.0968],[-68.5202,-11.0887],[-68.5072,-11.0732],[-68.5037,-11.0629],[-68.4872,-11.0509],[-68.4806,-11.0488],[-68.4751,-11.0517],[-68.4557,-11.0453],[-68.4448,-11.0461],[-68.4325,-11.0318],[-68.4243,-11.0408],[-68.4156,-11.0395],[-68.4106,-11.0433],[-68.406,-11.0537],[-68.3981,-11.0521],[-68.3882,-11.0406],[-68.3906,-11.029],[-68.3847,-11.0181],[-68.3517,-11.0044],[-68.342,-11.0052],[-68.3369,-11.0077],[-68.3356,-11.0122],[-68.331,-11.0126],[-68.3254,-11.0091],[-68.3207,-11.0001],[-68.3063,-10.9916],[-68.2767,-10.9883],[-68.2717,-10.9799],[-68.2574,-10.9728],[-68.2504,-10.9631],[-68.2394,-10.9578],[-68.2306,-10.9431],[-68.2305,-10.9298],[-68.2269,-10.9249],[-68.2291,-10.9211],[-68.2243,-10.9116],[-68.2072,-10.902],[-68.2038,-10.8885],[-68.2063,-10.8811],[-68.1972,-10.871],[-68.1961,-10.8586],[-68.1837,-10.8577],[-68.1749,-10.8471],[-68.1732,-10.8396],[-68.1679,-10.8386],[-68.1597,-10.8318],[-68.1538,-10.8211],[-68.1436,-10.8161],[-68.1403,-10.8084],[-68.1346,-10.8064],[-68.1254,-10.7968],[-68.1255,-10.7931],[-68.1197,-10.7901],[-68.118,-10.7839],[-68.111,-10.7829],[-68.1039,-10.776],[-68.1071,-10.7646],[-68.0971,-10.7492],[-68.1053,-10.7413],[-68.108,-10.7246],[-68.105,-10.7226],[-68.1053,-10.7152],[-68.1026,-10.7162],[-68.1029,-10.7124],[-68.0946,-10.7088],[-68.0968,-10.7052],[-68.0917,-10.7053],[-68.0885,-10.6985],[-68.0796,-10.6936],[-68.0772,-10.6856],[-68.0661,-10.6851],[-68.0657,-10.6807],[-68.055,-10.6704],[-68.0468,-10.6723],[-68.0365,-10.6685],[-68.03,-10.6627],[-68.0342,-10.6601],[-68.0324,-10.6565],[-68.0283,-10.6584],[-68.0229,-10.6543],[-68.0239,-10.6518],[-68.0151,-10.6524],[-68.0128,-10.6486],[-68.0051,-10.6515],[-68.0012,-10.6486],[-67.996,-10.653],[-67.9928,-10.6511],[-67.9763,-10.663],[-67.963,-10.6501],[-67.9459,-10.6521],[-67.9367,-10.6566],[-67.9129,-10.6494],[-67.9103,-10.642],[-67.8996,-10.6434],[-67.8937,-10.6479],[-67.8901,-10.6442],[-67.8918,-10.6415],[-67.886,-10.6397],[-67.8774,-10.6411],[-67.8755,-10.6451],[-67.8641,-10.6408],[-67.8543,-10.6502],[-67.8527,-10.6479],[-67.8452,-10.6488],[-67.8452,-10.6521],[-67.8421,-10.6528],[-67.8371,-10.6495],[-67.8326,-10.653],[-67.8259,-10.6523],[-67.8172,-10.6586],[-67.8175,-10.6646],[-67.8096,-10.6612],[-67.8043,-10.669],[-67.798,-10.6701],[-67.7955,-10.6759],[-67.7857,-10.6792],[-67.782,-10.6774],[-67.7745,-10.6861],[-67.7667,-10.689],[-67.762,-10.685],[-67.7577,-10.6865],[-67.7562,-10.6953],[-67.7447,-10.6966],[-67.7447,-10.7076],[-67.736,-10.7129],[-67.73,-10.7135],[-67.7261,-10.7067],[-67.722,-10.7111],[-67.7131,-10.7068],[-67.708,-10.7107],[-67.7064,-10.7061],[-67.709,-10.7045],[-67.7044,-10.7],[-67.6756,-10.6052],[-67.6592,-10.6147],[-67.6438,-10.6024],[-67.6363,-10.5922],[-67.6353,-10.5804],[-67.6098,-10.5624],[-67.605,-10.5343],[-67.5996,-10.5316],[-67.5945,-10.5216],[-67.5777,-10.5167],[-67.5624,-10.5036],[-67.5456,-10.4952],[-67.5225,-10.4916],[-67.5158,-10.4845],[-67.4782,-10.4678],[-67.4659,-10.4553],[-67.4517,-10.4551],[-67.4365,-10.4479],[-67.4319,-10.431],[-67.4274,-10.4271],[-67.4193,-10.429],[-67.4126,-10.4237],[-67.4142,-10.4011],[-67.4229,-10.3961],[-67.4238,-10.3914],[-67.4065,-10.3725],[-67.3981,-10.373],[-67.3958,-10.3781],[-67.3936,-10.3746],[-67.3907,-10.3785],[-67.3873,-10.3775],[-67.3833,-10.3797],[-67.3829,-10.3842],[-67.3806,-10.3811],[-67.3787,-10.3832],[-67.3716,-10.3813],[-67.3686,-10.376],[-67.3638,-10.3776],[-67.3626,-10.385],[-67.3593,-10.3858],[-67.3562,-10.3934],[-67.3532,-10.3933],[-67.3512,-10.3906],[-67.3548,-10.384],[-67.3512,-10.3786],[-67.3381,-10.3767],[-67.3292,-10.3835],[-67.3255,-10.3799],[-67.3198,-10.3816],[-67.3171,-10.3768],[-67.3108,-10.3774],[-67.3105,-10.3712],[-67.3175,-10.3688],[-67.3163,-10.3622],[-67.3194,-10.3599],[-67.3161,-10.3574],[-67.3155,-10.3472],[-67.328,-10.3354],[-67.3241,-10.3259],[-67.3214,-10.3262],[-67.3219,-10.3217],[-67.316,-10.3187],[-67.3031,-10.3241],[-67.2961,-10.3211],[-67.2956,-10.3248],[-67.2831,-10.3198],[-67.2703,-10.3256],[-67.2653,-10.3306],[-67.2662,-10.3338],[-67.243,-10.3234],[-67.2416,-10.3185],[-67.2254,-10.3151],[-67.2185,-10.3236],[-67.2171,-10.3207],[-67.2128,-10.325],[-67.2108,-10.3219],[-67.1982,-10.323],[-67.1915,-10.3297],[-67.1887,-10.3392],[-67.1778,-10.3394],[-67.1662,-10.3352],[-67.1622,-10.3289],[-67.1546,-10.3286],[-67.1477,-10.3235],[-67.1439,-10.3266],[-67.1393,-10.3152],[-67.1364,-10.3191],[-67.1344,-10.3157],[-67.1281,-10.3159],[-67.1405,-10.3067],[-67.137,-10.2977],[-67.1258,-10.2904],[-67.1195,-10.2929],[-67.1116,-10.2911],[-67.1043,-10.2853],[-67.0996,-10.2866],[-67.0989,-10.2822],[-67.0878,-10.2854],[-67.0888,-10.2904],[-67.079,-10.2893],[-67.0764,-10.2843],[-67.0709,-10.2851],[-67.0478,-10.2753],[-67.0531,-10.2715],[-67.051,-10.267],[-67.0428,-10.2657],[-67.0422,-10.262],[-67.0347,-10.2642],[-67.0309,-10.2567],[-67.0252,-10.2584],[-67.0235,-10.2542],[-67.0177,-10.2549],[-67.0158,-10.2587],[-67.0045,-10.2433],[-67.0064,-10.2306],[-66.9976,-10.2307],[-66.9951,-10.2229],[-66.9891,-10.2218],[-66.992,-10.2173],[-67.0005,-10.2185],[-66.9985,-10.2119],[-66.9934,-10.2108],[-66.9966,-10.1989],[-66.9931,-10.1983],[-66.9912,-10.2038],[-66.9815,-10.1946],[-66.9745,-10.1961],[-66.9813,-10.1893],[-66.9756,-10.1854],[-66.9724,-10.1871],[-66.9762,-10.189],[-66.9736,-10.1921],[-66.9683,-10.1922],[-66.9609,-10.1827],[-66.9567,-10.1874],[-66.9589,-10.1919],[-66.9533,-10.1888],[-66.9458,-10.1668],[-66.9458,-10.1583],[-66.9394,-10.1543],[-66.9341,-10.1556],[-66.9347,-10.1481],[-66.931,-10.1489],[-66.9243,-10.1432],[-66.9127,-10.1485],[-66.9114,-10.1389],[-66.9184,-10.135],[-66.919,-10.1306],[-66.9145,-10.1291],[-66.9093,-10.1322],[-66.9105,-10.1257],[-66.9034,-10.1276],[-66.9021,-10.1237],[-66.8967,-10.123],[-66.8986,-10.1114],[-66.8952,-10.1101],[-66.8893,-10.115],[-66.8878,-10.0993],[-66.8852,-10.1007],[-66.8854,-10.1085],[-66.8803,-10.1053],[-66.8801,-10.0968],[-66.8732,-10.1014],[-66.8711,-10.0949],[-66.8748,-10.0916],[-66.8739,-10.0808],[-66.8663,-10.085],[-66.8554,-10.0844],[-66.8527,-10.0815],[-66.853,-10.0872],[-66.838,-10.0833],[-66.8407,-10.0714],[-66.8339,-10.0665],[-66.8365,-10.0628],[-66.8323,-10.0596],[-66.8223,-10.0595],[-66.8173,-10.0517],[-66.808,-10.0497],[-66.8076,-10.0456],[-66.8022,-10.0434],[-66.8071,-10.0371],[-66.8007,-10.0349],[-66.79,-10.022],[-66.7783,-10.0174],[-66.7719,-10.0212],[-66.7728,-10.0115],[-66.764,-10.0061],[-66.7635,-9.9992],[-66.7533,-10.0006],[-66.7506,-9.9932],[-66.7419,-9.9967],[-66.7323,-9.9815],[-66.7195,-9.9819],[-66.7223,-9.9779],[-66.7185,-9.9737],[-66.7123,-9.9785],[-66.6942,-9.9704],[-66.695,-9.9668],[-66.6812,-9.965],[-66.6751,-9.9671],[-66.6774,-9.9574],[-66.6685,-9.9594],[-66.6692,-9.9534],[-66.6639,-9.9493],[-66.6662,-9.9447],[-66.6625,-9.9367],[-66.6576,-9.9349],[-66.6547,-9.9412],[-66.6519,-9.9351],[-66.6492,-9.944],[-66.6416,-9.9464],[-66.6423,-9.9498],[-66.637,-9.9499],[-66.6323,-9.935],[-66.6256,-9.9333],[-66.6261,-9.9305],[-66.6362,-9.927],[-66.6329,-9.9204],[-66.6265,-9.9192],[-66.6297,-9.9136],[-66.6355,-9.9124],[-66.6239,-9.9053],[-66.6269,-9.898],[-66.6199,-9.894],[-66.5876,-9.9003],[-66.5823,-9.9059],[-66.5744,-9.8901],[-66.5673,-9.8947],[-66.5622,-9.8894],[-66.5659,-9.8863],[-66.5619,-9.8809],[-66.5489,-9.8888],[-66.5439,-9.8774],[-66.528,-9.887],[-66.5168,-9.8832],[-66.5133,-9.8764],[-66.5006,-9.8754],[-66.502,-9.8821],[-66.4948,-9.8844],[-66.4911,-9.8825],[-66.4891,-9.8707],[-66.481,-9.8684],[-66.4706,-9.869],[-66.4563,-9.8799],[-66.4546,-9.8774],[-66.4601,-9.8741],[-66.4452,-9.8714],[-66.4358,-9.866],[-66.4249,-9.8737],[-66.4322,-9.892],[-66.4262,-9.8996],[-66.4125,-9.895],[-66.4216,-9.8951],[-66.4237,-9.8909],[-66.4173,-9.8828],[-66.4121,-9.882],[-66.4111,-9.8755],[-66.4029,-9.8688],[-66.4041,-9.8642],[-66.3823,-9.8679],[-66.3596,-9.8662],[-66.356,-9.8488],[-66.3514,-9.847],[-66.3505,-9.8407],[-66.3462,-9.8394],[-66.3376,-9.8408],[-66.3195,-9.8369],[-66.3158,-9.8314],[-66.3083,-9.8405],[-66.3049,-9.8353],[-66.2862,-9.8447],[-66.2821,-9.8403],[-66.2836,-9.8332],[-66.2797,-9.8287],[-66.2753,-9.827],[-66.2748,-9.8348],[-66.2633,-9.8306],[-66.2551,-9.8333],[-66.2491,-9.8273],[-66.2483,-9.821],[-66.2413,-9.8262],[-66.2377,-9.8146],[-66.2133,-9.8343],[-66.2037,-9.8346],[-66.1945,-9.8288],[-66.1977,-9.8248],[-66.1959,-9.8203],[-66.1895,-9.8241],[-66.1858,-9.8224],[-66.1966,-9.8147],[-66.1951,-9.8063],[-66.1762,-9.8033],[-66.1725,-9.7933],[-66.1529,-9.7857],[-66.1479,-9.7869],[-66.1461,-9.7911],[-66.141,-9.7885],[-66.1306,-9.7899],[-66.1278,-9.7865],[-66.1229,-9.7911],[-66.1111,-9.7898],[-66.1102,-9.7851],[-66.1058,-9.7831],[-66.1002,-9.7847],[-66.0978,-9.7913],[-66.1009,-9.8069],[-66.0935,-9.814],[-66.0845,-9.8],[-66.0783,-9.7961],[-66.0871,-9.79],[-66.0711,-9.7843],[-66.0349,-9.7875],[-66.0242,-9.8122],[-66.0182,-9.8108],[-65.9997,-9.7944],[-65.9987,-9.8023],[-65.9928,-9.8041],[-65.9887,-9.8019],[-65.9821,-9.8088],[-65.9826,-9.8022],[-65.98,-9.8013],[-65.9648,-9.8043],[-65.9641,-9.8015],[-65.9741,-9.7979],[-65.9724,-9.7755],[-65.9672,-9.7707],[-65.9533,-9.7688],[-65.9432,-9.7601],[-65.9392,-9.7621],[-65.9373,-9.7689],[-65.934,-9.7689],[-65.9266,-9.7625],[-65.9228,-9.7637],[-65.9253,-9.7584],[-65.9216,-9.7528],[-65.9144,-9.7552],[-65.9154,-9.7628],[-65.904,-9.7668],[-65.8991,-9.76],[-65.8859,-9.7525],[-65.8714,-9.7534],[-65.8684,-9.762],[-65.8619,-9.7678],[-65.8688,-9.7738],[-65.8681,-9.7816],[-65.8722,-9.789],[-65.8607,-9.7951],[-65.8473,-9.7895],[-65.8422,-9.7905],[-65.8435,-9.7834],[-65.8345,-9.776],[-65.8302,-9.7674],[-65.8205,-9.7664],[-65.8191,-9.7555],[-65.8154,-9.7551],[-65.8064,-9.7621],[-65.7999,-9.7567],[-65.8016,-9.7658],[-65.8131,-9.7724],[-65.8057,-9.7881],[-65.8017,-9.7896],[-65.7977,-9.7861],[-65.7945,-9.7918],[-65.7837,-9.7863],[-65.7809,-9.7721],[-65.7754,-9.7669],[-65.7799,-9.7418],[-65.7779,-9.7368],[-65.7719,-9.7343],[-65.7666,-9.7396],[-65.7727,-9.7582],[-65.757,-9.7662],[-65.7507,-9.7775],[-65.7442,-9.7821],[-65.7373,-9.7798],[-65.736,-9.7667],[-65.7291,-9.7597],[-65.7189,-9.756],[-65.7063,-9.7575],[-65.6958,-9.7496],[-65.685,-9.749],[-65.6852,-9.7619],[-65.6791,-9.7601],[-65.6815,-9.7673],[-65.6892,-9.7688],[-65.7042,-9.7638],[-65.7081,-9.7661],[-65.7099,-9.7726],[-65.7,-9.7882],[-65.7105,-9.8073],[-65.6897,-9.8127],[-65.6894,-9.7998],[-65.6689,-9.7811],[-65.6602,-9.7934],[-65.6474,-9.7915],[-65.6442,-9.7941],[-65.6539,-9.8076],[-65.6493,-9.8162],[-65.6382,-9.8048],[-65.634,-9.8069],[-65.6322,-9.8301],[-65.6276,-9.8368],[-65.6011,-9.8242],[-65.5977,-9.8276],[-65.597,-9.8419],[-65.57,-9.838],[-65.558,-9.8446],[-65.553,-9.8354],[-65.5646,-9.8198],[-65.5643,-9.8103],[-65.5594,-9.8108],[-65.5532,-9.8044],[-65.5393,-9.802],[-65.5316,-9.7812],[-65.5276,-9.7873],[-65.5135,-9.7932],[-65.5021,-9.7858],[-65.4982,-9.7784],[-65.5042,-9.7677],[-65.501,-9.7298],[-65.4829,-9.7276],[-65.4899,-9.7153],[-65.4866,-9.7079],[-65.4816,-9.7142],[-65.4719,-9.7137],[-65.4471,-9.6971],[-65.4415,-9.6863],[-65.4468,-9.6697],[-65.3916,-9.6876],[-65.3682,-9.7067],[-65.3546,-9.7237],[-65.3431,-9.7535],[-65.3281,-9.78],[-65.3205,-9.8145],[-65.293,-9.8333],[-65.2867,-9.8418],[-65.2867,-9.8585],[-65.2913,-9.8716],[-65.3212,-9.906],[-65.3318,-9.93],[-65.3335,-9.9425],[-65.3331,-9.9657],[-65.3222,-9.9777],[-65.3201,-10.001],[-65.3298,-10.0516],[-65.3198,-10.0795],[-65.3006,-10.1009],[-65.3003,-10.1394],[-65.307,-10.165],[-65.302,-10.1862],[-65.29,-10.2088],[-65.2888,-10.2199],[-65.2938,-10.2289],[-65.2948,-10.2391],[-65.3068,-10.2498],[-65.311,-10.2582],[-65.322,-10.2976],[-65.3317,-10.3097],[-65.3475,-10.3216],[-65.3631,-10.3433],[-65.3759,-10.3522],[-65.3918,-10.3744],[-65.3791,-10.409],[-65.3815,-10.4291],[-65.3904,-10.4476],[-65.4048,-10.464],[-65.4234,-10.4643],[-65.4291,-10.477],[-65.4279,-10.4879],[-65.4108,-10.5086],[-65.4203,-10.5345],[-65.4047,-10.5538],[-65.3972,-10.5833],[-65.3978,-10.5895],[-65.4083,-10.5966],[-65.4106,-10.6015],[-65.4093,-10.6144],[-65.4161,-10.6167],[-65.4165,-10.6208],[-65.4109,-10.6307],[-65.4058,-10.6336],[-65.4042,-10.6423],[-65.372,-10.6482],[-65.3583,-10.6574],[-65.3497,-10.6705],[-65.3436,-10.6996],[-65.3442,-10.7212],[-65.3496,-10.7435],[-65.3447,-10.7696],[-65.3505,-10.7806],[-65.3655,-10.7801],[-65.367,-10.7963],[-65.3547,-10.805],[-65.3395,-10.808],[-65.3204,-10.8223],[-65.2773,-10.8683],[-65.2692,-10.8954],[-65.2666,-10.9218],[-65.2844,-10.9194],[-65.2858,-10.9277],[-65.2504,-10.9879],[-65.255,-10.9948],[-65.27,-11.0004],[-65.3013,-11.0321],[-65.3006,-11.0393],[-65.2809,-11.0636],[-65.2798,-11.0791],[-65.2863,-11.0922],[-65.3315,-11.1068],[-65.3515,-11.1217],[-65.3628,-11.1378],[-65.3635,-11.1473],[-65.3509,-11.1864],[-65.3433,-11.1903],[-65.3344,-11.1863],[-65.3256,-11.1866],[-65.3187,-11.1972],[-65.3202,-11.2056],[-65.3256,-11.2117],[-65.3455,-11.2108],[-65.3554,-11.215],[-65.3607,-11.2233],[-65.3613,-11.2514],[-65.3434,-11.3088],[-65.3354,-11.3138],[-65.2986,-11.3161],[-65.2918,-11.3242],[-65.292,-11.3311],[-65.2977,-11.3351],[-65.3293,-11.3404],[-65.3354,-11.3549],[-65.3271,-11.3844],[-65.319,-11.4474],[-65.3073,-11.4972],[-65.2986,-11.5044],[-65.2641,-11.5131],[-65.225,-11.5164],[-65.2175,-11.5205],[-65.2119,-11.5305],[-65.2136,-11.5471],[-65.2319,-11.5661],[-65.235,-11.5768],[-65.2249,-11.5988],[-65.2318,-11.6183],[-65.2186,-11.6407],[-65.2179,-11.6521],[-65.2313,-11.6737],[-65.257,-11.6964],[-65.2601,-11.701],[-65.2595,-11.7101],[-65.2442,-11.7264],[-65.2048,-11.7495],[-65.1853,-11.7566],[-65.1778,-11.7559],[-65.1735,-11.751],[-65.1761,-11.7413],[-65.1854,-11.7304],[-65.183,-11.7217],[-65.1237,-11.7197],[-65.1073,-11.7086],[-65.0971,-11.7056],[-65.0853,-11.7123],[-65.0806,-11.7204],[-65.0797,-11.7362],[-65.0597,-11.7907],[-65.0613,-11.8243],[-65.0708,-11.8564],[-65.0707,-11.8691],[-65.0599,-11.8828],[-65.0261,-11.8884],[-65.0156,-11.8966],[-65.0162,-11.9106],[-65.0259,-11.9416],[-65.042,-11.9627],[-65.0399,-11.9703],[-65.031,-11.9664],[-65.0256,-11.9716],[-65.0354,-11.9869],[-65.0305,-11.9966],[-65.0226,-11.9992],[-65.0085,-11.9931],[-65.0006,-11.9934],[-64.9842,-12.0144],[-64.9751,-12.0187],[-64.971,-12.0166],[-64.9661,-12.0003],[-64.9484,-11.9934],[-64.9424,-11.9975],[-64.9299,-12.0206],[-64.917,-12.0284],[-64.8837,-12.0137],[-64.847,-12.0089],[-64.8396,-12.0107],[-64.8262,-12.0212],[-64.8127,-12.0449],[-64.8095,-12.0591],[-64.8132,-12.0703],[-64.8322,-12.081],[-64.8424,-12.0946],[-64.8423,-12.1075],[-64.8326,-12.1217],[-64.8262,-12.122],[-64.8219,-12.1188],[-64.8095,-12.094],[-64.8001,-12.0859],[-64.7885,-12.0858],[-64.7658,-12.0963],[-64.7599,-12.1023],[-64.7575,-12.1123],[-64.7691,-12.1437],[-64.7629,-12.1541],[-64.7565,-12.1578],[-64.745,-12.1551],[-64.737,-12.1402],[-64.7337,-12.1181],[-64.7386,-12.1001],[-64.7184,-12.0872],[-64.7092,-12.0871],[-64.702,-12.0913],[-64.6976,-12.0961],[-64.6984,-12.1036],[-64.7136,-12.1235],[-64.7178,-12.1425],[-64.7153,-12.1653],[-64.7101,-12.1767],[-64.6941,-12.1897],[-64.6716,-12.1927],[-64.6162,-12.2147],[-64.5758,-12.2153],[-64.5686,-12.2198],[-64.5641,-12.2305],[-64.5522,-12.2419],[-64.542,-12.2408],[-64.5236,-12.2258],[-64.5128,-12.2229],[-64.5082,-12.2253],[-64.4966,-12.262],[-64.4929,-12.2943],[-64.5013,-12.3314],[-64.5131,-12.3438],[-64.509,-12.3565],[-64.4994,-12.3673],[-64.4906,-12.37],[-64.479,-12.3796],[-64.4616,-12.3858],[-64.4477,-12.4092],[-64.432,-12.4214],[-64.4207,-12.4377],[-64.4062,-12.447],[-64.3492,-12.4599],[-64.3218,-12.4567],[-64.2947,-12.4578],[-64.2908,-12.4689],[-64.2988,-12.4908],[-64.294,-12.5],[-64.2867,-12.503],[-64.2794,-12.5008],[-64.27,-12.4881],[-64.2509,-12.4745],[-64.2345,-12.4555],[-64.2305,-12.4551],[-64.2197,-12.4623],[-64.2099,-12.4622],[-64.1968,-12.4728],[-64.1902,-12.472],[-64.1841,-12.4659],[-64.1722,-12.4671],[-64.1709,-12.4915],[-64.1739,-12.504],[-64.1712,-12.5104],[-64.1646,-12.5144],[-64.1574,-12.5139],[-64.1519,-12.5096],[-64.1466,-12.5018],[-64.1438,-12.4817],[-64.1339,-12.4765],[-64.1269,-12.4797],[-64.1226,-12.4862],[-64.1226,-12.5058],[-64.1155,-12.504],[-64.1048,-12.4954],[-64.0989,-12.4855],[-64.0899,-12.4843],[-64.0885,-12.4971],[-64.0838,-12.5007],[-64.0758,-12.5011],[-64.0658,-12.4917],[-64.06,-12.491],[-64.0509,-12.4974],[-64.0402,-12.5151],[-64.0323,-12.5154],[-64.0212,-12.5081],[-64.0093,-12.518],[-64.0036,-12.5147],[-64.0006,-12.503],[-63.9959,-12.5032],[-63.9634,-12.5297],[-63.952,-12.5316],[-63.9397,-12.5266],[-63.9218,-12.5118],[-63.9072,-12.5103],[-63.9007,-12.506],[-63.8978,-12.4997],[-63.9009,-12.4829],[-63.8894,-12.4657],[-63.8906,-12.4547],[-63.8873,-12.4473],[-63.8731,-12.4471],[-63.8503,-12.4604],[-63.834,-12.4634],[-63.8181,-12.447],[-63.805,-12.4482],[-63.7987,-12.4434],[-63.7906,-12.4295],[-63.7863,-12.4279],[-63.7643,-12.4421],[-63.7337,-12.4386],[-63.6915,-12.4494],[-63.6731,-12.4632],[-63.6568,-12.4618],[-63.6212,-12.4735],[-63.614,-12.4853],[-63.5946,-12.4894],[-63.5762,-12.5012],[-63.5505,-12.5084],[-63.5273,-12.5457],[-63.5017,-12.5673],[-63.474,-12.5616],[-63.4372,-12.5644],[-63.4389,-12.5838],[-63.427,-12.596],[-63.4392,-12.5982],[-63.4433,-12.6033],[-63.4403,-12.6076],[-63.4199,-12.6064],[-63.4121,-12.6103],[-63.4032,-12.6295],[-63.3942,-12.6379],[-63.3936,-12.6433],[-63.3775,-12.6568],[-63.3678,-12.6597],[-63.3563,-12.6555],[-63.3486,-12.6562],[-63.3332,-12.6681],[-63.2994,-12.6818],[-63.238,-12.69],[-63.2324,-12.6831],[-63.2408,-12.6762],[-63.2408,-12.6702],[-63.2479,-12.6663],[-63.2471,-12.6617],[-63.242,-12.6601],[-63.23,-12.6645],[-63.2168,-12.6551],[-63.2042,-12.6603],[-63.1986,-12.6576],[-63.1906,-12.647],[-63.1909,-12.6411],[-63.1982,-12.6313],[-63.1943,-12.6232],[-63.1836,-12.6271],[-63.1759,-12.64],[-63.1659,-12.6423],[-63.1632,-12.6354],[-63.1683,-12.6226],[-63.1661,-12.616],[-63.1602,-12.6132],[-63.1546,-12.6183],[-63.1538,-12.6332],[-63.1468,-12.6377],[-63.1218,-12.6382],[-63.117,-12.6247],[-63.1086,-12.6309],[-63.0927,-12.6337],[-63.0902,-12.6483],[-63.0846,-12.6547],[-63.0918,-12.6562],[-63.0915,-12.6663],[-63.0989,-12.6764],[-63.0985,-12.6817],[-63.0787,-12.6858],[-63.0668,-12.6827],[-63.0609,-12.6886],[-63.0648,-12.6961],[-63.0805,-12.7038],[-63.0829,-12.712],[-63.0813,-12.7241],[-63.0729,-12.7309],[-63.0583,-12.7287],[-63.0472,-12.7407],[-63.0419,-12.7501],[-63.0402,-12.7657],[-63.0365,-12.7691],[-63.0338,-12.7807],[-63.0198,-12.791],[-63.0205,-12.8064],[-63.0085,-12.8108],[-63.0135,-12.829],[-63.0092,-12.8378],[-63.001,-12.8419],[-62.9834,-12.8441],[-62.982,-12.8537],[-62.9763,-12.8599],[-62.9709,-12.8589],[-62.9632,-12.8474],[-62.9594,-12.8471],[-62.9516,-12.85],[-62.9475,-12.8586],[-62.9378,-12.843],[-62.9214,-12.8409],[-62.906,-12.8547],[-62.8937,-12.8574],[-62.8932,-12.8771],[-62.8805,-12.8872],[-62.8702,-12.9106],[-62.8609,-12.9129],[-62.8431,-12.9271],[-62.8435,-12.9322],[-62.8503,-12.9409],[-62.8458,-12.9487],[-62.8389,-12.9473],[-62.8321,-12.9378],[-62.823,-12.9338],[-62.806,-12.9406],[-62.8033,-12.9451],[-62.8089,-12.9621],[-62.8069,-12.9681],[-62.7944,-12.9952],[-62.7791,-13.0096],[-62.7677,-13.0125],[-62.7597,-13.0183],[-62.7564,-13.0172],[-62.7522,-13.002],[-62.7469,-12.9989],[-62.7438,-13.0003],[-62.7442,-13.0089],[-62.734,-13.0219],[-62.7292,-13.0208],[-62.727,-13.0148],[-62.7289,-13.0087],[-62.7252,-13.0013],[-62.7132,-13.0043],[-62.7069,-12.9999],[-62.6986,-13.0028],[-62.6944,-12.9922],[-62.6749,-12.991],[-62.6645,-12.9807],[-62.6607,-12.9695],[-62.6508,-12.9656],[-62.6455,-12.9677],[-62.6453,-12.9746],[-62.6522,-12.9893],[-62.6465,-12.9931],[-62.6389,-12.9892],[-62.6315,-12.9902],[-62.6292,-12.9958],[-62.633,-13.0106],[-62.6292,-13.0163],[-62.6215,-13.0177],[-62.6068,-13.011],[-62.6,-13.0157],[-62.6006,-13.0188],[-62.6141,-13.0262],[-62.6148,-13.0365],[-62.6092,-13.044],[-62.558,-13.0656],[-62.5472,-13.074],[-62.535,-13.0733],[-62.5238,-13.0655],[-62.5026,-13.0832],[-62.483,-13.0761],[-62.4835,-13.0622],[-62.4789,-13.0574],[-62.4727,-13.063],[-62.472,-13.0789],[-62.4655,-13.0772],[-62.4604,-13.0655],[-62.454,-13.0648],[-62.4524,-13.0702],[-62.4591,-13.0811],[-62.4575,-13.0867],[-62.4519,-13.0878],[-62.4429,-13.0799],[-62.437,-13.0806],[-62.4334,-13.0858],[-62.4345,-13.102],[-62.419,-13.1167],[-62.414,-13.1284],[-62.3994,-13.1134],[-62.3949,-13.1187],[-62.3974,-13.1301],[-62.392,-13.1348],[-62.3825,-13.1308],[-62.3777,-13.1385],[-62.3726,-13.1407],[-62.3648,-13.1394],[-62.352,-13.1433],[-62.3455,-13.1371],[-62.3374,-13.1405],[-62.3424,-13.1458],[-62.341,-13.1499],[-62.3305,-13.14],[-62.3261,-13.1447],[-62.3264,-13.149],[-62.3214,-13.1521],[-62.3168,-13.1345],[-62.3059,-13.1395],[-62.2993,-13.1506],[-62.295,-13.1499],[-62.2874,-13.1406],[-62.2785,-13.1555],[-62.2722,-13.1559],[-62.2767,-13.1462],[-62.2647,-13.1532],[-62.2617,-13.1507],[-62.2659,-13.148],[-62.2645,-13.1461],[-62.2459,-13.1452],[-62.2434,-13.1173],[-62.2358,-13.117],[-62.2296,-13.1216],[-62.2231,-13.1137],[-62.2148,-13.1113],[-62.201,-13.1245],[-62.2002,-13.1506],[-62.1909,-13.1538],[-62.1782,-13.143],[-62.1778,-13.137],[-62.1837,-13.1279],[-62.1815,-13.1178],[-62.175,-13.1135],[-62.167,-13.1164],[-62.1696,-13.1342],[-62.1601,-13.1465],[-62.1511,-13.1512],[-62.15,-13.1632],[-62.1429,-13.1612],[-62.1348,-13.1494],[-62.1287,-13.1484],[-62.1197,-13.1535],[-62.1162,-13.1594],[-62.1179,-13.1725],[-62.1144,-13.1883],[-62.115,-13.2039],[-62.1091,-13.219],[-62.1094,-13.2459],[-62.1157,-13.2585],[-62.114,-13.261],[-62.0982,-13.2727],[-62.0928,-13.2817],[-62.0852,-13.2821],[-62.0843,-13.2903],[-62.0749,-13.2922],[-62.0713,-13.2961],[-62.057,-13.2882],[-62.0569,-13.3118],[-62.0462,-13.3163],[-62.0327,-13.3336],[-62.0251,-13.3276],[-62.0172,-13.3273],[-62.0137,-13.3305],[-62.0142,-13.3524],[-62.0005,-13.371],[-61.9967,-13.3744],[-61.9944,-13.3708],[-61.9996,-13.365],[-61.9978,-13.3632],[-61.9872,-13.3667],[-61.9805,-13.3655],[-61.9714,-13.3742],[-61.9773,-13.3881],[-61.9675,-13.3868],[-61.9623,-13.3911],[-61.9706,-13.4062],[-61.9563,-13.4083],[-61.948,-13.4154],[-61.9404,-13.4079],[-61.931,-13.4174],[-61.9288,-13.4256],[-61.9143,-13.4337],[-61.9076,-13.4341],[-61.8993,-13.4268],[-61.893,-13.4309],[-61.8833,-13.4568],[-61.8811,-13.4796],[-61.8832,-13.4973],[-61.8721,-13.5134],[-61.8689,-13.5282],[-61.8612,-13.5354],[-61.8529,-13.5385],[-61.8472,-13.5275],[-61.8403,-13.527],[-61.8387,-13.5347],[-61.8434,-13.5414],[-61.8411,-13.5489],[-61.8337,-13.5393],[-61.8212,-13.5338],[-61.8185,-13.5394],[-61.8113,-13.5402],[-61.8171,-13.5274],[-61.8058,-13.5296],[-61.79,-13.5379],[-61.7837,-13.5369],[-61.7763,-13.5279],[-61.7766,-13.5178],[-61.7692,-13.5193],[-61.7645,-13.5392],[-61.7573,-13.5406],[-61.7537,-13.5316],[-61.7578,-13.5242],[-61.7517,-13.5204],[-61.7443,-13.526],[-61.7308,-13.5265],[-61.7347,-13.5186],[-61.7252,-13.5223],[-61.703,-13.5151],[-61.7043,-13.5118],[-61.6938,-13.5081],[-61.6958,-13.5004],[-61.6862,-13.5092],[-61.6688,-13.5051],[-61.669,-13.5098],[-61.6515,-13.5187],[-61.6459,-13.5165],[-61.6451,-13.5068],[-61.629,-13.5155],[-61.6228,-13.5146],[-61.6262,-13.4999],[-61.6232,-13.4967],[-61.619,-13.4992],[-61.6159,-13.5114],[-61.608,-13.5117],[-61.6046,-13.5046],[-61.5995,-13.5017],[-61.5914,-13.5031],[-61.5856,-13.5006],[-61.5843,-13.4906],[-61.5767,-13.4886],[-61.5731,-13.4941],[-61.5789,-13.5099],[-61.5724,-13.5186],[-61.5632,-13.5214],[-61.5564,-13.5182],[-61.5353,-13.5279],[-61.5329,-13.533],[-61.5217,-13.5355],[-61.5083,-13.5479],[-61.492,-13.5464],[-61.4791,-13.5538],[-61.4699,-13.5553],[-61.4296,-13.5454],[-61.4132,-13.5379],[-61.405,-13.5397],[-61.4025,-13.5379],[-61.405,-13.5283],[-61.3898,-13.5198],[-61.3505,-13.5212],[-61.3422,-13.5184],[-61.3364,-13.5056],[-61.3062,-13.5031],[-61.3011,-13.4982],[-61.3053,-13.482],[-61.2963,-13.4778],[-61.2883,-13.4829],[-61.2856,-13.5021],[-61.2804,-13.5056],[-61.2752,-13.5061],[-61.2623,-13.4975],[-61.2483,-13.4963],[-61.2419,-13.5011],[-61.2438,-13.5128],[-61.2372,-13.517],[-61.2335,-13.525],[-61.2217,-13.5302],[-61.2079,-13.5254],[-61.1943,-13.5364],[-61.1828,-13.5277],[-61.1878,-13.5169],[-61.1841,-13.5079],[-61.1805,-13.5088],[-61.1825,-13.5143],[-61.1713,-13.5106],[-61.1567,-13.5171],[-61.1532,-13.5273],[-61.147,-13.532],[-61.1443,-13.5286],[-61.1474,-13.5191],[-61.1441,-13.5134],[-61.1385,-13.5124],[-61.1396,-13.529],[-61.126,-13.5199],[-61.1062,-13.5317],[-61.1009,-13.5285],[-61.1043,-13.5204],[-61.095,-13.5061],[-61.0978,-13.4958],[-61.0947,-13.4922],[-61.0878,-13.4921],[-61.0758,-13.4995],[-61.0636,-13.5021],[-61.0604,-13.5119],[-61.0412,-13.5077],[-61.0355,-13.501],[-61.0356,-13.4971],[-61.051,-13.4954],[-61.051,-13.4888],[-61.047,-13.4847],[-61.0255,-13.4905],[-61.0149,-13.4875],[-60.9883,-13.5003],[-60.9933,-13.5052],[-60.9997,-13.5],[-61.009,-13.5064],[-61.0068,-13.5184],[-61.0003,-13.5221],[-60.9977,-13.5276],[-61.0009,-13.531],[-61.0039,-13.5252],[-61.0087,-13.5233],[-61.0124,-13.5282],[-61.0056,-13.5503],[-60.987,-13.5481],[-60.986,-13.5387],[-60.9789,-13.5402],[-60.9721,-13.537],[-60.9674,-13.5369],[-60.958,-13.5489],[-60.951,-13.5519],[-60.9339,-13.5407],[-60.923,-13.5409],[-60.9165,-13.5467],[-60.9248,-13.557],[-60.9208,-13.5689],[-60.9089,-13.5848],[-60.8871,-13.6019],[-60.8798,-13.6175],[-60.845,-13.6316],[-60.8411,-13.6277],[-60.8286,-13.6295],[-60.8191,-13.6369],[-60.8101,-13.6553],[-60.7909,-13.6556],[-60.7741,-13.6613],[-60.7705,-13.6651],[-60.7695,-13.6842],[-60.7552,-13.6873],[-60.7396,-13.6853],[-60.7175,-13.6937],[-60.7093,-13.693],[-60.7057,-13.6953],[-60.7047,-13.7047],[-60.6972,-13.715],[-60.6939,-13.7155],[-60.6956,-13.7015],[-60.69,-13.6994],[-60.6808,-13.7199],[-60.6563,-13.7383],[-60.6528,-13.7302],[-60.6517,-13.7361],[-60.6462,-13.7387],[-60.6415,-13.7309],[-60.6309,-13.7284],[-60.6235,-13.7195],[-60.6193,-13.7209],[-60.619,-13.7252],[-60.6117,-13.7253],[-60.611,-13.7404],[-60.608,-13.7366],[-60.6067,-13.7463],[-60.6004,-13.7489],[-60.592,-13.7432],[-60.587,-13.7468],[-60.5748,-13.7474],[-60.5789,-13.7557],[-60.5664,-13.7579],[-60.5694,-13.7687],[-60.5577,-13.7709],[-60.5502,-13.7817],[-60.5465,-13.7824],[-60.5482,-13.7703],[-60.5319,-13.7716],[-60.523,-13.7689],[-60.5181,-13.7727],[-60.5174,-13.7779],[-60.5285,-13.7918],[-60.5116,-13.7911],[-60.5041,-13.7956],[-60.4985,-13.789],[-60.4902,-13.7959],[-60.4727,-13.7937],[-60.4673,-13.7957],[-60.4657,-13.8017],[-60.4735,-13.8001],[-60.479,-13.8055],[-60.4747,-13.8105],[-60.4664,-13.8117],[-60.4668,-13.8195],[-60.473,-13.8238],[-60.4869,-13.819],[-60.4902,-13.8227],[-60.481,-13.8333],[-60.4707,-13.8289],[-60.469,-13.8332],[-60.4791,-13.8393],[-60.4927,-13.856],[-60.487,-13.858],[-60.4775,-13.8516],[-60.4685,-13.8562],[-60.4574,-13.8533],[-60.4554,-13.8571],[-60.4629,-13.8617],[-60.4648,-13.8726],[-60.4735,-13.8792],[-60.476,-13.8863],[-60.4686,-13.8917],[-60.4656,-13.8827],[-60.4533,-13.8814],[-60.451,-13.884],[-60.4566,-13.8975],[-60.4529,-13.9061],[-60.4509,-13.9364],[-60.4443,-13.9391],[-60.447,-13.9318],[-60.4444,-13.9303],[-60.4273,-13.9431],[-60.4224,-13.9353],[-60.4188,-13.9372],[-60.4191,-13.9483],[-60.4125,-13.9471],[-60.4101,-13.9499],[-60.4187,-13.9528],[-60.4203,-13.9638],[-60.4245,-13.9588],[-60.4276,-13.9626],[-60.4217,-13.9664],[-60.4155,-13.9804],[-60.3901,-13.9783],[-60.3815,-13.9891],[-60.3831,-13.9929],[-60.3928,-13.9918],[-60.3958,-13.9969],[-60.3997,-13.9924],[-60.4046,-13.9981],[-60.4004,-14.0102],[-60.4076,-14.0222],[-60.4075,-14.0315],[-60.4174,-14.0377],[-60.4171,-14.0432],[-60.4198,-14.0417],[-60.4209,-14.0473],[-60.4282,-14.0501],[-60.43,-14.0608],[-60.4277,-14.063],[-60.4322,-14.0642],[-60.4319,-14.0681],[-60.4361,-14.0691],[-60.4415,-14.0787],[-60.4443,-14.0782],[-60.4477,-14.085],[-60.4627,-14.0937],[-60.468,-14.0941],[-60.4716,-14.0893],[-60.4806,-14.0958],[-60.4804,-14.101],[-60.4738,-14.1093],[-60.4844,-14.1167],[-60.4735,-14.128],[-60.4832,-14.1351],[-60.479,-14.1458],[-60.4742,-14.1497],[-60.4771,-14.1565],[-60.4753,-14.1603],[-60.4844,-14.1641],[-60.4893,-14.1738],[-60.4882,-14.1817],[-60.4931,-14.1882],[-60.485,-14.1937],[-60.4731,-14.1913],[-60.4676,-14.2056],[-60.4702,-14.214],[-60.462,-14.223],[-60.4659,-14.234],[-60.4497,-14.2408],[-60.4496,-14.2501],[-60.4625,-14.2578],[-60.4664,-14.2641],[-60.4601,-14.2729],[-60.4626,-14.2794],[-60.4571,-14.2921],[-60.4576,-14.3032],[-60.4505,-14.3067],[-60.4541,-14.3133],[-60.4413,-14.3204],[-60.441,-14.3258],[-60.4342,-14.3308],[-60.4355,-14.3346],[-60.4249,-14.3425],[-60.4278,-14.3454],[-60.4246,-14.3524],[-60.4209,-14.3546],[-60.4201,-14.3476],[-60.4137,-14.3512],[-60.4164,-14.3538],[-60.4135,-14.36],[-60.4106,-14.3551],[-60.4059,-14.3562],[-60.4061,-14.3597],[-60.4127,-14.3634],[-60.411,-14.3688],[-60.4085,-14.3703],[-60.4071,-14.365],[-60.4032,-14.3674],[-60.3965,-14.364],[-60.3943,-14.3681],[-60.3985,-14.3722],[-60.3955,-14.3724],[-60.3974,-14.3791],[-60.3932,-14.3793],[-60.3966,-14.3881],[-60.4009,-14.3869],[-60.4009,-14.3816],[-60.4063,-14.3868],[-60.4007,-14.3899],[-60.4061,-14.4018],[-60.4002,-14.4035],[-60.3999,-14.4064],[-60.4023,-14.4114],[-60.4077,-14.4137],[-60.4015,-14.4148],[-60.4036,-14.4168],[-60.4007,-14.4246],[-60.4011,-14.4215],[-60.3973,-14.4195],[-60.3943,-14.4222],[-60.3991,-14.4271],[-60.3949,-14.4305],[-60.4015,-14.4327],[-60.3973,-14.436],[-60.3917,-14.4332],[-60.3837,-14.4392],[-60.3809,-14.4547],[-60.3784,-14.4551],[-60.379,-14.4645],[-60.3729,-14.4684],[-60.3647,-14.4679],[-60.36,-14.4719],[-60.3632,-14.4748],[-60.3601,-14.476],[-60.3607,-14.4848],[-60.3642,-14.486],[-60.3675,-14.4829],[-60.367,-14.4872],[-60.3493,-14.4941],[-60.3477,-14.5064],[-60.3396,-14.5104],[-60.3433,-14.5235],[-60.3357,-14.5298],[-60.342,-14.53],[-60.344,-14.5332],[-60.3359,-14.5365],[-60.3381,-14.5447],[-60.3304,-14.5544],[-60.3291,-14.5623],[-60.3322,-14.5667],[-60.325,-14.582],[-60.3282,-14.5868],[-60.3231,-14.6105],[-60.3091,-14.6179],[-60.3023,-14.6182],[-60.2908,-14.626],[-60.2736,-14.621],[-60.245,-15.0975],[-60.5757,-15.0975],[-60.2395,-15.4746],[-60.1741,-16.2669],[-59.4728,-16.2794],[-58.4306,-16.3227],[-58.4001,-16.3036],[-58.3943,-16.2961],[-58.3887,-16.2614],[-58.3659,-16.2737],[-58.3538,-16.2697],[-58.3467,-16.2738],[-58.3291,-16.2717],[-58.3222,-16.2664],[-58.3176,-16.2923],[-58.304,-16.3091],[-58.3035,-16.3299],[-58.3089,-16.3605],[-58.3073,-16.3707],[-58.3246,-16.3785],[-58.3342,-16.3896],[-58.3444,-16.3904],[-58.3565,-16.4273],[-58.3484,-16.4549],[-58.335,-16.4787],[-58.3342,-16.4903],[-58.3441,-16.5184],[-58.3541,-16.5241],[-58.3695,-16.544],[-58.3879,-16.5527],[-58.3936,-16.5637],[-58.4014,-16.5685],[-58.4216,-16.5746],[-58.4284,-16.5868],[-58.4362,-16.5929],[-58.4631,-16.6532],[-58.4614,-16.6677],[-58.4717,-16.7082],[-58.4668,-16.7172],[-58.4728,-16.7489],[-58.4674,-16.7565],[-58.4643,-16.7819],[-58.4595,-16.7864],[-58.4618,-16.7943],[-58.4722,-16.7931],[-58.4786,-16.8142],[-58.4756,-16.8221],[-58.4687,-16.8218],[-58.4582,-16.8266],[-58.4645,-16.8354],[-58.4644,-16.8784],[-58.4687,-16.8863],[-58.462,-16.8906],[-58.4605,-16.9014],[-58.4656,-16.9113],[-58.4768,-16.9132],[-58.472,-16.921],[-58.4768,-16.9367],[-58.4689,-16.9429],[-58.4588,-16.9382],[-58.4579,-16.9457],[-58.4625,-16.9514],[-58.4631,-16.962],[-58.4583,-16.969],[-58.4465,-16.9692],[-58.4491,-16.9739],[-58.4447,-16.9838],[-58.4359,-16.9866],[-58.4319,-16.9917],[-58.417,-16.9818],[-58.4005,-16.9978],[-58.394,-17.015],[-58.392,-17.0401],[-58.3937,-17.096],[-58.3995,-17.1455],[-58.3969,-17.1759],[-58.3989,-17.184],[-58.365,-17.1998],[-58.3661,-17.2137],[-58.3631,-17.2159],[-58.3606,-17.2112],[-58.3564,-17.2129],[-58.3466,-17.2341],[-58.3406,-17.234],[-58.3393,-17.2412],[-58.3205,-17.2544],[-58.3229,-17.2606],[-58.3199,-17.2666],[-58.3062,-17.2684],[-58.305,-17.279],[-58.2942,-17.2853],[-58.2994,-17.2992],[-58.2907,-17.3024],[-58.2858,-17.2988],[-58.2783,-17.2998],[-58.2762,-17.3051],[-58.2805,-17.3191],[-58.2766,-17.3254],[-58.2633,-17.3316],[-58.2645,-17.3451],[-58.2575,-17.346],[-58.2544,-17.3538],[-58.2467,-17.3552],[-58.2416,-17.349],[-58.2333,-17.3511],[-58.2288,-17.3483],[-58.2262,-17.3507],[-58.2274,-17.3578],[-58.2201,-17.3602],[-58.2092,-17.355],[-58.2022,-17.357],[-58.1951,-17.369],[-58.2004,-17.383],[-58.1854,-17.3915],[-58.1516,-17.3847],[-58.1525,-17.402],[-58.1455,-17.4137],[-58.1393,-17.4156],[-58.1299,-17.4115],[-58.1229,-17.4147],[-58.1187,-17.4344],[-58.1207,-17.4476],[-58.1164,-17.4519],[-58.0893,-17.4611],[-58.0724,-17.4521],[-58.0601,-17.4507],[-58.0495,-17.463],[-58.0441,-17.4789],[-58.0434,-17.4927],[-58.0301,-17.4963],[-58.0232,-17.4944],[-58.0164,-17.4999],[-58.0103,-17.4998],[-58.0054,-17.5061],[-58.0004,-17.5058],[-57.9994,-17.5146],[-57.9964,-17.5156],[-57.9809,-17.5108],[-57.9626,-17.5003],[-57.8834,-17.4495],[-57.7523,-17.5645],[-57.7536,-17.5672],[-57.7651,-17.5692],[-57.7686,-17.5672],[-57.7692,-17.5617],[-57.8004,-17.5595],[-57.7962,-17.5651],[-57.7852,-17.5706],[-57.7811,-17.5779],[-57.7912,-17.5873],[-57.7767,-17.5867],[-57.7824,-17.5942],[-57.7874,-17.5943],[-57.7746,-17.5994],[-57.7845,-17.6095],[-57.781,-17.6165],[-57.7726,-17.6136],[-57.7741,-17.6264],[-57.783,-17.6368],[-57.7759,-17.658],[-57.7621,-17.662],[-57.7518,-17.6942],[-57.7402,-17.6962],[-57.7303,-17.72],[-57.7205,-17.7214],[-57.7113,-17.7287],[-57.7193,-17.7731],[-57.684,-17.809],[-57.684,-17.829],[-57.7214,-17.829],[-57.6004,-18.0427],[-57.5741,-18.1316],[-57.5051,-18.1986],[-57.5024,-18.1956],[-57.4911,-18.2028],[-57.4814,-18.1976],[-57.4778,-18.2033],[-57.4813,-18.2076],[-57.4731,-18.2135],[-57.4753,-18.217],[-57.4686,-18.2231],[-57.4571,-18.2253],[-57.4571,-18.2296],[-57.4538,-18.2308],[-57.4548,-18.2334],[-57.5583,-18.2407],[-57.7667,-18.8995],[-57.7197,-18.8995],[-57.7192,-18.9781],[-57.7122,-18.9782],[-57.7038,-18.9868],[-57.6972,-18.9987],[-57.6993,-19.0068],[-57.692,-19.0098],[-57.7021,-19.0167],[-57.7104,-19.0347],[-57.7833,-19.0351],[-58.1314,-19.7594],[-57.8591,-19.9717],[-57.8668,-19.9896],[-57.8921,-20.022],[-57.9036,-20.0433],[-57.9338,-20.0204],[-57.9465,-20.0191],[-57.9581,-20.023],[-57.9658,-20.03],[-57.9726,-20.0485],[-57.979,-20.0555],[-57.9856,-20.0584],[-58.0005,-20.0564],[-58.024,-20.0589],[-58.0321,-20.0631],[-58.0481,-20.1054],[-58.057,-20.1086],[-58.0752,-20.1054],[-58.0922,-20.1083],[-58.1168,-20.1467],[-58.1326,-20.1522],[-58.1529,-20.153],[-58.1686,-20.1658],[-58.168,-20.1741],[-58.1593,-20.1814],[-58.1326,-20.1819],[-58.1218,-20.1944],[-58.1243,-20.2021],[-58.1542,-20.2157],[-58.1636,-20.2273],[-58.1664,-20.2366],[-58.1594,-20.2638],[-58.1446,-20.2718],[-58.1372,-20.2686],[-58.1308,-20.2562],[-58.1195,-20.2496],[-58.1076,-20.2491],[-58.0966,-20.2539],[-58.0899,-20.2645],[-58.0897,-20.2769],[-58.0948,-20.3013],[-58.1031,-20.3212],[-58.084,-20.3722],[-58.0764,-20.3847],[-58.0672,-20.3911],[-58.0218,-20.4019],[-57.9981,-20.437],[-57.9969,-20.4508],[-58.0136,-20.4803],[-58.0202,-20.5098],[-58.0157,-20.5285],[-57.9972,-20.5724],[-58.0112,-20.5986],[-58.0126,-20.6126],[-57.9956,-20.6317],[-57.9704,-20.6442],[-57.9777,-20.6676],[-57.9882,-20.6867],[-57.9879,-20.6996],[-57.981,-20.7057],[-57.9582,-20.7049],[-57.9502,-20.6983],[-57.9368,-20.67],[-57.9292,-20.664],[-57.9231,-20.6645],[-57.9137,-20.6708],[-57.9033,-20.6898],[-57.8823,-20.7091],[-57.8702,-20.7255],[-57.8648,-20.7423],[-57.868,-20.7494],[-57.8789,-20.7505],[-57.9204,-20.7439],[-57.9342,-20.746],[-57.9462,-20.7585],[-57.9539,-20.7808],[-57.9618,-20.7926],[-57.9595,-20.7979],[-57.9412,-20.8008],[-57.911,-20.789],[-57.8933,-20.7908],[-57.8738,-20.8072],[-57.8594,-20.8249],[-57.8547,-20.8357],[-57.8579,-20.8509],[-57.877,-20.8566],[-57.8948,-20.8723],[-57.9265,-20.8919],[-57.9281,-20.9002],[-57.9219,-20.9045],[-57.8977,-20.9025],[-57.8865,-20.9086],[-57.8798,-20.9186],[-57.8746,-20.9398],[-57.8636,-20.9488],[-57.8444,-20.9465],[-57.8287,-20.9339],[-57.8217,-20.9356],[-57.8188,-20.9453],[-57.8253,-20.9652],[-57.8175,-20.9806],[-57.8682,-21.0419],[-57.8658,-21.0667],[-57.8459,-21.0969],[-57.865,-21.1363],[-57.849,-21.1879],[-57.853,-21.2271],[-57.8572,-21.2332],[-57.9065,-21.2656],[-57.9217,-21.2801],[-57.9146,-21.2923],[-57.895,-21.3072],[-57.8547,-21.3169],[-57.8537,-21.3321],[-57.8611,-21.3506],[-57.8967,-21.3835],[-57.9081,-21.4026],[-57.9101,-21.421],[-57.9273,-21.4498],[-57.9251,-21.4619],[-57.9323,-21.4803],[-57.9466,-21.499],[-57.9605,-21.5099],[-57.9677,-21.5215],[-57.9685,-21.5353],[-57.9616,-21.5624],[-57.9508,-21.5699],[-57.9234,-21.5793],[-57.914,-21.5905],[-57.9146,-21.5956],[-57.9422,-21.6209],[-57.9432,-21.6286],[-57.9334,-21.6516],[-57.9203,-21.6663],[-57.8872,-21.6821],[-57.8832,-21.6891],[-57.8985,-21.7059],[-57.9409,-21.7329],[-57.9474,-21.746],[-57.9403,-21.7584],[-57.9267,-21.7668],[-57.911,-21.7696],[-57.9085,-21.774],[-57.9311,-21.8246],[-57.9427,-21.8355],[-57.9698,-21.8443],[-57.9716,-21.8484],[-57.92,-21.8737],[-57.9138,-21.8798],[-57.9141,-21.8851],[-57.9215,-21.8909],[-57.9359,-21.8893],[-57.948,-21.9004],[-57.9497,-21.9072],[-57.9382,-21.9152],[-57.937,-21.9279],[-57.965,-21.9836],[-57.9647,-22.0011],[-57.9749,-22.0154],[-58.0084,-22.0341],[-58.0096,-22.0453],[-58.0071,-22.0501],[-57.9877,-22.0591],[-57.9843,-22.0637],[-57.9856,-22.0783],[-57.9951,-22.0887],[-57.9707,-22.0904],[-57.961,-22.0787],[-57.955,-22.0872],[-57.942,-22.0829],[-57.9366,-22.0893],[-57.9356,-22.1018],[-57.9217,-22.1084],[-57.9297,-22.1203],[-57.9137,-22.1215],[-57.9071,-22.1256],[-57.89,-22.1226],[-57.8861,-22.1303],[-57.8702,-22.1298],[-57.8661,-22.136],[-57.8627,-22.131],[-57.8448,-22.127],[-57.8363,-22.1203],[-57.829,-22.1202],[-57.823,-22.1229],[-57.8209,-22.1361],[-57.8099,-22.1416],[-57.8052,-22.1501],[-57.801,-22.1509],[-57.7889,-22.1306],[-57.7793,-22.1252],[-57.7681,-22.1299],[-57.7628,-22.1359],[-57.7549,-22.1353],[-57.7477,-22.139],[-57.739,-22.1348],[-57.734,-22.1207],[-57.742,-22.1147],[-57.7376,-22.1027],[-57.7299,-22.1001],[-57.7234,-22.1102],[-57.7169,-22.1138],[-57.7139,-22.1034],[-57.7044,-22.0998],[-57.7069,-22.0911],[-57.6994,-22.0921],[-57.6892,-22.0886],[-57.6774,-22.1016],[-57.6524,-22.1071],[-57.637,-22.1058],[-57.6126,-22.0946],[-57.6099,-22.0968],[-57.6136,-22.1084],[-57.6087,-22.1165],[-57.6129,-22.1239],[-57.6077,-22.122],[-57.6057,-22.1305],[-57.5981,-22.1305],[-57.5966,-22.1333],[-57.6009,-22.1402],[-57.5929,-22.1366],[-57.5947,-22.1412],[-57.5924,-22.1448],[-57.5879,-22.1393],[-57.5845,-22.1407],[-57.5884,-22.1652],[-57.5808,-22.1753],[-57.5573,-22.1779],[-57.5511,-22.1818],[-57.5406,-22.1813],[-57.5261,-22.1742],[-57.5227,-22.1685],[-57.5059,-22.1852],[-57.5031,-22.1835],[-57.4999,-22.1865],[-57.4934,-22.1816],[-57.4893,-22.1914],[-57.4835,-22.1923],[-57.473,-22.1868],[-57.4646,-22.1928],[-57.4597,-22.1874],[-57.458,-22.1946],[-57.4545,-22.1955],[-57.4524,-22.1932],[-57.4557,-22.1891],[-57.4466,-22.1873],[-57.4449,-22.192],[-57.4387,-22.1926],[-57.4385,-22.197],[-57.4336,-22.2005],[-57.4296,-22.1959],[-57.4251,-22.197],[-57.4278,-22.2012],[-57.4251,-22.2051],[-57.4194,-22.1971],[-57.4077,-22.1977],[-57.3977,-22.202],[-57.3978,-22.2081],[-57.3863,-22.2044],[-57.387,-22.2086],[-57.3833,-22.2079],[-57.3779,-22.2129],[-57.3811,-22.2272],[-57.3766,-22.224],[-57.3725,-22.2258],[-57.3747,-22.2318],[-57.3646,-22.2276],[-57.3639,-22.233],[-57.3604,-22.2338],[-57.3577,-22.2264],[-57.3477,-22.2324],[-57.342,-22.2293],[-57.3393,-22.2349],[-57.3396,-22.2313],[-57.335,-22.2292],[-57.3333,-22.231],[-57.3367,-22.2342],[-57.3305,-22.2345],[-57.3306,-22.2374],[-57.3202,-22.2456],[-57.3149,-22.2421],[-57.3178,-22.2371],[-57.3113,-22.2329],[-57.3095,-22.2278],[-57.3051,-22.2302],[-57.3039,-22.224],[-57.2925,-22.2187],[-57.2925,-22.2242],[-57.2869,-22.221],[-57.2772,-22.2292],[-57.2777,-22.2354],[-57.2718,-22.2294],[-57.2704,-22.2371],[-57.2595,-22.2395],[-57.2561,-22.2375],[-57.2485,-22.2468],[-57.2378,-22.2513],[-57.218,-22.2411],[-57.2152,-22.2271],[-57.2086,-22.2284],[-57.2139,-22.2245],[-57.2143,-22.2181],[-57.2082,-22.2137],[-57.2098,-22.2204],[-57.2067,-22.2201],[-57.2014,-22.2109],[-57.1908,-22.2162],[-57.1931,-22.2218],[-57.1839,-22.2304],[-57.1839,-22.2364],[-57.1776,-22.2325],[-57.1693,-22.2341],[-57.1699,-22.2291],[-57.1671,-22.2278],[-57.166,-22.2321],[-57.1603,-22.2327],[-57.1571,-22.2263],[-57.1485,-22.2338],[-57.1363,-22.2263],[-57.1194,-22.2304],[-57.1099,-22.2256],[-57.1044,-22.2277],[-57.1118,-22.2416],[-57.1051,-22.2429],[-57.1023,-22.2485],[-57.0949,-22.2495],[-57.0894,-22.2413],[-57.0841,-22.2509],[-57.0795,-22.2495],[-57.0793,-22.2451],[-57.073,-22.2464],[-57.0693,-22.2426],[-57.059,-22.2418],[-57.0595,-22.2294],[-57.0482,-22.2329],[-57.0477,-22.2405],[-57.0444,-22.2427],[-57.0407,-22.2364],[-57.031,-22.234],[-57.0204,-22.2361],[-57.0188,-22.2313],[-57.0098,-22.2358],[-57.0007,-22.2237],[-56.9967,-22.2225],[-56.9892,-22.2287],[-56.9922,-22.2371],[-56.9875,-22.2426],[-56.9732,-22.2445],[-56.9725,-22.2412],[-56.9583,-22.2382],[-56.9538,-22.2501],[-56.9472,-22.2561],[-56.9297,-22.254],[-56.9268,-22.2499],[-56.9228,-22.2547],[-56.9157,-22.2554],[-56.9187,-22.2589],[-56.9119,-22.2591],[-56.9064,-22.2664],[-56.9021,-22.2647],[-56.9028,-22.2568],[-56.8999,-22.2519],[-56.8891,-22.2453],[-56.8835,-22.2474],[-56.8754,-22.2635],[-56.8799,-22.2777],[-56.8678,-22.2839],[-56.8676,-22.288],[-56.8602,-22.2924],[-56.8563,-22.2891],[-56.8528,-22.291],[-56.8424,-22.3016],[-56.8263,-22.2961],[-56.8195,-22.2867],[-56.8166,-22.2884],[-56.8027,-22.2835],[-56.8013,-22.2812],[-56.8079,-22.2717],[-56.8037,-22.2669],[-56.8059,-22.2576],[-56.802,-22.249],[-56.7936,-22.2426],[-56.7855,-22.2417],[-56.7902,-22.2451],[-56.7876,-22.2498],[-56.7841,-22.2479],[-56.7883,-22.2535],[-56.7761,-22.2604],[-56.7721,-22.2547],[-56.763,-22.2518],[-56.7671,-22.2442],[-56.7577,-22.2421],[-56.7522,-22.2469],[-56.7514,-22.2392],[-56.7465,-22.2363],[-56.7441,-22.2412],[-56.7317,-22.2464],[-56.7365,-22.253],[-56.734,-22.257],[-56.7204,-22.2649],[-56.7203,-22.2567],[-56.7065,-22.2436],[-56.7024,-22.2452],[-56.7066,-22.2418],[-56.7053,-22.2369],[-56.6976,-22.2347],[-56.694,-22.2286],[-56.7038,-22.2228],[-56.7027,-22.217],[-56.6991,-22.2211],[-56.6914,-22.2176],[-56.6889,-22.2217],[-56.6824,-22.2215],[-56.6812,-22.2276],[-56.6841,-22.2295],[-56.6816,-22.2302],[-56.6786,-22.2467],[-56.6767,-22.2442],[-56.6637,-22.254],[-56.652,-22.2539],[-56.6422,-22.2651],[-56.6373,-22.2634],[-56.6386,-22.2525],[-56.643,-22.2503],[-56.6419,-22.2439],[-56.6346,-22.2407],[-56.6269,-22.2464],[-56.6211,-22.239],[-56.6056,-22.232],[-56.6097,-22.2214],[-56.5986,-22.2178],[-56.5993,-22.2111],[-56.5938,-22.2185],[-56.5893,-22.2121],[-56.5814,-22.2107],[-56.58,-22.204],[-56.5758,-22.2021],[-56.5763,-22.2064],[-56.5699,-22.2073],[-56.5685,-22.2025],[-56.5561,-22.1955],[-56.5571,-22.1881],[-56.5517,-22.1854],[-56.5571,-22.1691],[-56.5334,-22.1593],[-56.5328,-22.1564],[-56.5381,-22.157],[-56.54,-22.1472],[-56.5284,-22.1483],[-56.5264,-22.1401],[-56.5193,-22.141],[-56.5271,-22.1309],[-56.523,-22.1281],[-56.5253,-22.1213],[-56.522,-22.1218],[-56.5189,-22.1087],[-56.5073,-22.1019],[-56.5093,-22.0995],[-56.5066,-22.0955],[-56.5034,-22.0974],[-56.4974,-22.0944],[-56.477,-22.0942],[-56.4715,-22.0802],[-56.4622,-22.0831],[-56.4639,-22.0807],[-56.4581,-22.0792],[-56.4546,-22.085],[-56.4486,-22.0767],[-56.4477,-22.0847],[-56.4383,-22.0811],[-56.4342,-22.0865],[-56.426,-22.0819],[-56.4218,-22.0857],[-56.4186,-22.0795],[-56.4046,-22.0774],[-56.4006,-22.0807],[-56.3942,-22.0748],[-56.3891,-22.0922],[-56.3956,-22.0942],[-56.3927,-22.1009],[-56.386,-22.1053],[-56.3809,-22.1045],[-56.3846,-22.1095],[-56.3788,-22.1142],[-56.3802,-22.1196],[-56.3719,-22.126],[-56.3736,-22.1283],[-56.3677,-22.1369],[-56.3739,-22.1434],[-56.3707,-22.1481],[-56.3738,-22.1498],[-56.366,-22.1585],[-56.3648,-22.1696],[-56.3578,-22.1722],[-56.3577,-22.1758],[-56.3495,-22.1738],[-56.3482,-22.1803],[-56.3434,-22.1825],[-56.3462,-22.188],[-56.3401,-22.1887],[-56.3355,-22.1959],[-56.3381,-22.1973],[-56.3304,-22.1991],[-56.3309,-22.2039],[-56.3262,-22.2033],[-56.3238,-22.2072],[-56.3258,-22.2085],[-56.3169,-22.2178],[-56.3124,-22.214],[-56.2992,-22.2176],[-56.2898,-22.2259],[-56.2855,-22.2248],[-56.2851,-22.2316],[-56.2777,-22.2318],[-56.2763,-22.2368],[-56.2701,-22.2332],[-56.263,-22.2396],[-56.2375,-22.2366],[-56.2318,-22.2478],[-56.2339,-22.2554],[-56.2212,-22.2641],[-56.2192,-22.2686],[-56.2143,-22.2693],[-56.2146,-22.2734],[-56.2091,-22.2782],[-56.2052,-22.2753],[-56.1995,-22.2781],[-56.1936,-22.2709],[-56.1897,-22.2734],[-56.1889,-22.2819],[-56.183,-22.2774],[-56.1809,-22.28],[-56.1747,-22.2792],[-56.1744,-22.2848],[-56.1657,-22.2883],[-56.1651,-22.2853],[-56.1611,-22.2867],[-56.1614,-22.2822],[-56.1578,-22.2856],[-56.1502,-22.2817],[-56.1479,-22.2845],[-56.1313,-22.2843],[-56.1286,-22.2827],[-56.129,-22.275],[-56.1232,-22.2753],[-56.1246,-22.2706],[-56.1202,-22.2733],[-56.1175,-22.2706],[-56.1159,-22.2745],[-56.1124,-22.2733],[-56.0927,-22.2856],[-56.0879,-22.2835],[-56.0863,-22.2861],[-56.0828,-22.2821],[-56.0773,-22.2862],[-56.0694,-22.2867],[-56.0652,-22.2784],[-56.0568,-22.2764],[-56.0464,-22.2787],[-56.0417,-22.2831],[-56.0358,-22.281],[-56.0335,-22.2842],[-56.0172,-22.2886],[-56.0122,-22.2867],[-56.0102,-22.2946],[-56.0042,-22.2937],[-56.0013,-22.2856],[-55.9839,-22.2787],[-55.98,-22.2793],[-55.9779,-22.2849],[-55.9693,-22.2918],[-55.9649,-22.2887],[-55.9543,-22.2897],[-55.9513,-22.2929],[-55.9487,-22.2926],[-55.9456,-22.2834],[-55.9291,-22.2785],[-55.9203,-22.2809],[-55.9177,-22.2778],[-55.9018,-22.2852],[-55.8533,-22.2803],[-55.8494,-22.286],[-55.8431,-22.2871],[-55.8353,-22.2961],[-55.8388,-22.2974],[-55.8391,-22.3015],[-55.8356,-22.305],[-55.835,-22.3123],[-55.8289,-22.316],[-55.8324,-22.3257],[-55.821,-22.3451],[-55.8147,-22.3456],[-55.8093,-22.3524],[-55.8009,-22.3553],[-55.7986,-22.3647],[-55.8037,-22.3722],[-55.7913,-22.3805],[-55.7911,-22.3884],[-55.7798,-22.3843],[-55.7571,-22.3862],[-55.7467,-22.3841],[-55.742,-22.3953],[-55.7458,-22.4037],[-55.7372,-22.4112],[-55.7396,-22.4238],[-55.7339,-22.4415],[-55.7382,-22.4544],[-55.7358,-22.4601],[-55.7481,-22.4645],[-55.7466,-22.4695],[-55.7528,-22.4748],[-55.7467,-22.4862],[-55.7473,-22.5055],[-55.7236,-22.5518],[-55.6985,-22.5633],[-55.6949,-22.5776],[-55.6829,-22.5889],[-55.6696,-22.594],[-55.6612,-22.6024],[-55.6314,-22.6206],[-55.6252,-22.6283],[-55.6229,-22.6505],[-55.6144,-22.6551],[-55.6173,-22.6776],[-55.6093,-22.689],[-55.6136,-22.6928],[-55.6134,-22.717],[-55.617,-22.7251],[-55.6131,-22.7389],[-55.6197,-22.7433],[-55.6202,-22.7534],[-55.6266,-22.7576],[-55.618,-22.7675],[-55.6277,-22.7666],[-55.6353,-22.7703],[-55.639,-22.7827],[-55.6504,-22.791],[-55.6492,-22.8016],[-55.6557,-22.8086],[-55.6534,-22.8166],[-55.6609,-22.8274],[-55.659,-22.841],[-55.6659,-22.8525],[-55.6601,-22.864],[-55.6612,-22.8822],[-55.6538,-22.8848],[-55.6495,-22.891],[-55.6505,-22.9111],[-55.6455,-22.9244],[-55.6516,-22.9311],[-55.6439,-22.9424],[-55.6476,-22.9499],[-55.6384,-22.9506],[-55.6346,-22.9551],[-55.6382,-22.9576],[-55.6368,-22.9648],[-55.6219,-22.9845],[-55.6241,-22.9885],[-55.6339,-22.9918],[-55.6333,-22.9973],[-55.6284,-22.9983],[-55.6323,-23.0015],[-55.6394,-23.0259],[-55.6238,-23.033],[-55.6142,-23.0411],[-55.6113,-23.0477],[-55.6148,-23.0543],[-55.6113,-23.0768],[-55.6174,-23.0817],[-55.5997,-23.1042],[-55.5958,-23.1195],[-55.5982,-23.1213],[-55.5955,-23.1314],[-55.5968,-23.1526],[-55.5734,-23.1433],[-55.5668,-23.1441],[-55.547,-23.1563],[-55.5419,-23.1561],[-55.5408,-23.1627],[-55.5445,-23.167],[-55.5408,-23.1694],[-55.54,-23.175],[-55.5438,-23.1775],[-55.5431,-23.1808],[-55.5233,-23.1978],[-55.5262,-23.2082],[-55.5342,-23.2169],[-55.5402,-23.2208],[-55.5462,-23.2202],[-55.5405,-23.234],[-55.5367,-23.2358],[-55.5404,-23.2441],[-55.5373,-23.2513],[-55.5297,-23.2527],[-55.5227,-23.2597],[-55.533,-23.2693],[-55.5531,-23.2795],[-55.5546,-23.2882],[-55.5492,-23.3037],[-55.5559,-23.3163],[-55.5548,-23.3205],[-55.5346,-23.3334],[-55.5321,-23.3411],[-55.5274,-23.3426],[-55.5206,-23.3523],[-55.5194,-23.3652],[-55.5065,-23.3703],[-55.5045,-23.3785],[-55.5156,-23.4096],[-55.5447,-23.4493],[-55.5406,-23.4555],[-55.545,-23.4773],[-55.5621,-23.4762],[-55.559,-23.4887],[-55.5517,-23.4894],[-55.5467,-23.5226],[-55.5404,-23.5247],[-55.5426,-23.53],[-55.5372,-23.5398],[-55.5361,-23.555],[-55.5265,-23.5674],[-55.5312,-23.5716],[-55.5284,-23.5803],[-55.5382,-23.5919],[-55.536,-23.6173],[-55.5399,-23.6252],[-55.5321,-23.6303],[-55.5111,-23.6232],[-55.5103,-23.6326],[-55.4933,-23.6378],[-55.4895,-23.6429],[-55.484,-23.6403],[-55.4747,-23.6505],[-55.476,-23.6752],[-55.4692,-23.677],[-55.4622,-23.6839],[-55.4665,-23.7035],[-55.4635,-23.712],[-55.4548,-23.717],[-55.4411,-23.7101],[-55.4363,-23.7168],[-55.4426,-23.7229],[-55.442,-23.7282],[-55.4487,-23.7423],[-55.4428,-23.756],[-55.4472,-23.7602],[-55.4338,-23.7711],[-55.4302,-23.7901],[-55.4539,-23.8193],[-55.4415,-23.8293],[-55.4395,-23.8661],[-55.4356,-23.8724],[-55.4395,-23.9049],[-55.4449,-23.9097],[-55.4463,-23.9169],[-55.4279,-23.9263],[-55.4328,-23.9407],[-55.427,-23.9397],[-55.4196,-23.9438],[-55.4168,-23.9485],[-55.42,-23.9573],[-55.4139,-23.9653],[-55.4053,-23.9649],[-55.4029,-23.9742],[-55.3964,-23.9762],[-55.3895,-23.9722],[-55.3876,-23.9675],[-55.3783,-23.9706],[-55.3793,-23.975],[-55.3755,-23.9798],[-55.364,-23.9822],[-55.3585,-23.9892],[-55.3412,-23.9946],[-55.3361,-23.993],[-55.3177,-23.9629],[-55.3042,-23.965],[-55.2833,-23.9777],[-55.2778,-23.9846],[-55.271,-23.9855],[-55.2691,-23.9889],[-55.2642,-23.9875],[-55.2602,-23.9942],[-55.2521,-23.9987],[-55.246,-23.9982],[-55.2422,-24.0046],[-55.2354,-24.0066],[-55.229,-24.014],[-55.2069,-24.0036],[-55.1994,-23.9958],[-55.1984,-23.9867],[-55.1812,-23.9879],[-55.1787,-23.9938],[-55.1599,-23.9878],[-55.1559,-23.9832],[-55.1491,-23.9894],[-55.1381,-23.987],[-55.1287,-23.9837],[-55.1247,-23.9761],[-55.1227,-23.9787],[-55.1184,-23.9772],[-55.1072,-23.9619],[-55.107,-23.9652],[-55.1007,-23.9706],[-55.0986,-23.9693],[-55.0904,-23.9826],[-55.0753,-23.9847],[-55.0729,-23.98],[-55.0717,-23.9875],[-55.0623,-23.9933],[-55.052,-23.9854],[-55.0513,-23.9806],[-55.046,-23.9842],[-55.0333,-23.9739],[-55.0201,-23.9726],[-54.9986,-23.9576],[-54.9853,-23.9627],[-54.9764,-23.9577],[-54.9667,-23.9662],[-54.9494,-23.9635],[-54.9422,-23.965],[-54.9411,-23.9685],[-54.9394,-23.9629],[-54.9253,-23.9603],[-54.9303,-23.9443],[-54.9242,-23.9374],[-54.9269,-23.9248],[-54.9133,-23.9221],[-54.9134,-23.9171],[-54.9087,-23.9114],[-54.8936,-23.9108],[-54.8909,-23.9002],[-54.8851,-23.897],[-54.8811,-23.8986],[-54.8735,-23.9093],[-54.8601,-23.9052],[-54.8499,-23.9082],[-54.8498,-23.897],[-54.8363,-23.8839],[-54.8143,-23.8904],[-54.8058,-23.8792],[-54.7989,-23.8771],[-54.7961,-23.8699],[-54.7791,-23.8706],[-54.7746,-23.8654],[-54.764,-23.8662],[-54.7591,-23.8567],[-54.7493,-23.861],[-54.7453,-23.8687],[-54.7366,-23.8659],[-54.7333,-23.8697],[-54.7052,-23.8646],[-54.6979,-23.8578],[-54.6986,-23.842],[-54.6916,-23.8338],[-54.681,-23.8284],[-54.6695,-23.8125],[-54.6686,-23.8172],[-54.6526,-23.8215],[-54.6468,-23.8338],[-54.6314,-23.83],[-54.6249,-23.8351],[-54.6166,-23.835],[-54.6097,-23.8514],[-54.6008,-23.8522],[-54.5842,-23.837],[-54.5815,-23.8458],[-54.5644,-23.8542],[-54.5703,-23.868],[-54.5686,-23.8745],[-54.5568,-23.8701],[-54.5389,-23.8691],[-54.5352,-23.8732],[-54.5232,-23.8736],[-54.5149,-23.8852],[-54.5073,-23.8824],[-54.493,-23.8852],[-54.4868,-23.894],[-54.4873,-23.9037],[-54.4777,-23.8979],[-54.4693,-23.8977],[-54.4401,-23.9043],[-54.4262,-23.9157],[-54.4275,-23.9267],[-54.4319,-23.929],[-54.4268,-23.9311],[-54.4165,-23.9461],[-54.4147,-23.9581],[-54.3943,-23.9653],[-54.3838,-23.9868],[-54.3699,-23.992],[-54.3655,-23.9989],[-54.352,-24.0077],[-54.3463,-24.0014],[-54.3379,-24.0016],[-54.3357,-24.006],[-54.3242,-24.0038],[-54.3189,-24.0105],[-54.3216,-24.0245],[-54.3136,-24.0341],[-54.31,-24.0463],[-54.2893,-24.0684],[-54.2862,-24.0682],[-54.3142,-24.104],[-54.3398,-24.1227],[-54.3456,-24.157],[-54.3275,-24.1964],[-54.3307,-24.2303],[-54.3226,-24.2517],[-54.2979,-24.2707],[-54.2774,-24.2914],[-54.2613,-24.3388],[-54.2582,-24.3659],[-54.2767,-24.4027],[-54.2929,-24.4246],[-54.3108,-24.4407],[-54.3265,-24.4652],[-54.3361,-24.508],[-54.3355,-24.5179],[-54.32,-24.568],[-54.3182,-24.5945],[-54.3311,-24.6905],[-54.3417,-24.7141],[-54.3701,-24.7562],[-54.3899,-24.7773],[-54.4003,-24.8321],[-54.437,-24.9414],[-54.4385,-24.9627],[-54.4493,-25.0141],[-54.4631,-25.055],[-54.4576,-25.0674],[-54.462,-25.0964],[-54.4595,-25.1021],[-54.4459,-25.1139],[-54.4345,-25.1331],[-54.4249,-25.1533],[-54.4269,-25.1655],[-54.4337,-25.1709],[-54.4478,-25.1688],[-54.4617,-25.1865],[-54.4743,-25.213],[-54.4912,-25.278],[-54.5016,-25.2972],[-54.5254,-25.3315],[-54.5829,-25.3916],[-54.6026,-25.438],[-54.6085,-25.4456],[-54.6199,-25.452],[-54.6172,-25.4706],[-54.6016,-25.4871],[-54.6012,-25.5229],[-54.5947,-25.538],[-54.5935,-25.5922],[-54.5529,-25.5882],[-54.5345,-25.5992],[-54.5374,-25.6182],[-54.5247,-25.6291],[-54.5025,-25.6144],[-54.4926,-25.6184],[-54.4702,-25.6358],[-54.4514,-25.6573],[-54.4441,-25.6685],[-54.4376,-25.6941],[-54.4317,-25.6971],[-54.4258,-25.695],[-54.4235,-25.6906],[-54.427,-25.671],[-54.4253,-25.6589],[-54.3971,-25.6397],[-54.3917,-25.6323],[-54.3888,-25.6212],[-54.3912,-25.6071],[-54.387,-25.5981],[-54.3713,-25.5945],[-54.3565,-25.6077],[-54.3499,-25.607],[-54.3375,-25.5934],[-54.3289,-25.5719],[-54.2883,-25.5544],[-54.2795,-25.558],[-54.2662,-25.5818],[-54.2537,-25.5964],[-54.2414,-25.5973],[-54.2354,-25.5936],[-54.237,-25.5673],[-54.2305,-25.5628],[-54.2229,-25.5648],[-54.1984,-25.5827],[-54.1764,-25.5844],[-54.1735,-25.5759],[-54.1783,-25.5677],[-54.1989,-25.5607],[-54.2075,-25.5546],[-54.2064,-25.5417],[-54.1929,-25.534],[-54.1631,-25.5426],[-54.1345,-25.5117],[-54.1157,-25.4985],[-54.1037,-25.4944],[-54.0949,-25.498],[-54.0941,-25.5151],[-54.1014,-25.5298],[-54.1198,-25.5533],[-54.1234,-25.5681],[-54.1195,-25.5835],[-54.1018,-25.6181],[-54.0913,-25.617],[-54.0898,-25.5856],[-54.0835,-25.5622],[-54.0779,-25.5579],[-54.0662,-25.565],[-54.0602,-25.5783],[-54.0521,-25.5851],[-54.0418,-25.5831],[-54.0248,-25.5638],[-54.0108,-25.5665],[-54.0027,-25.58],[-53.9786,-25.5931],[-53.9703,-25.6009],[-53.9787,-25.6054],[-53.9778,-25.6118],[-53.974,-25.6152],[-53.9654,-25.6132],[-53.9609,-25.6291],[-53.963,-25.6427],[-53.9546,-25.6468],[-53.9513,-25.6462],[-53.945,-25.632],[-53.9539,-25.6232],[-53.9488,-25.6201],[-53.9486,-25.6116],[-53.9433,-25.611],[-53.9419,-25.6192],[-53.9318,-25.6226],[-53.9164,-25.6165],[-53.9158,-25.6228],[-53.9215,-25.6297],[-53.9194,-25.6328],[-53.915,-25.6286],[-53.9123,-25.6362],[-53.8948,-25.6227],[-53.8903,-25.6235],[-53.8955,-25.6424],[-53.887,-25.6445],[-53.8803,-25.6405],[-53.8768,-25.6456],[-53.8829,-25.6475],[-53.8903,-25.661],[-53.8767,-25.6543],[-53.873,-25.6553],[-53.8739,-25.6573],[-53.8625,-25.6586],[-53.8547,-25.6723],[-53.8594,-25.6794],[-53.8567,-25.6832],[-53.8421,-25.6881],[-53.8551,-25.6915],[-53.8504,-25.7014],[-53.8514,-25.7062],[-53.8556,-25.7076],[-53.8607,-25.7002],[-53.8735,-25.6945],[-53.8655,-25.7054],[-53.8793,-25.7083],[-53.8761,-25.712],[-53.8675,-25.7138],[-53.8698,-25.7197],[-53.8614,-25.7169],[-53.859,-25.7232],[-53.8665,-25.744],[-53.8488,-25.7412],[-53.8453,-25.7464],[-53.8355,-25.7495],[-53.8337,-25.753],[-53.8427,-25.7529],[-53.8401,-25.7599],[-53.8481,-25.7577],[-53.8568,-25.7666],[-53.8378,-25.7732],[-53.8309,-25.7808],[-53.8342,-25.7867],[-53.843,-25.7909],[-53.8272,-25.7902],[-53.8218,-25.7949],[-53.8285,-25.8081],[-53.8196,-25.8122],[-53.8194,-25.8159],[-53.8311,-25.8131],[-53.8384,-25.8163],[-53.8355,-25.8254],[-53.8442,-25.8282],[-53.85,-25.84],[-53.8486,-25.8425],[-53.8419,-25.839],[-53.8342,-25.8503],[-53.8361,-25.8544],[-53.8447,-25.8577],[-53.8419,-25.8604],[-53.8317,-25.8596],[-53.8363,-25.869],[-53.8236,-25.8725],[-53.8329,-25.8789],[-53.8395,-25.8778],[-53.8391,-25.8824],[-53.8498,-25.8837],[-53.8463,-25.8885],[-53.8356,-25.8885],[-53.8351,-25.8953],[-53.8194,-25.8986],[-53.822,-25.904],[-53.8319,-25.9063],[-53.8351,-25.9117],[-53.8327,-25.9149],[-53.8266,-25.9102],[-53.8189,-25.9123],[-53.8233,-25.9181],[-53.8198,-25.9264],[-53.8264,-25.9286],[-53.834,-25.9215],[-53.8329,-25.9311],[-53.8429,-25.9342],[-53.84,-25.9539],[-53.8291,-25.9618],[-53.8354,-25.9655],[-53.836,-25.9719],[-53.8138,-25.9801],[-53.8199,-25.9823],[-53.8179,-25.9898],[-53.8105,-25.9906],[-53.8068,-25.9855],[-53.8021,-25.9853],[-53.8008,-25.989],[-53.8049,-25.9956],[-53.7985,-26.0014],[-53.7928,-26.0002],[-53.7926,-26.0065],[-53.7801,-26.0087],[-53.7834,-26.0133],[-53.7765,-26.0168],[-53.7806,-26.0217],[-53.7727,-26.0243],[-53.7716,-26.0315],[-53.7633,-26.0363],[-53.7575,-26.0318],[-53.7551,-26.034],[-53.7586,-26.0386],[-53.7556,-26.0425],[-53.7523,-26.0379],[-53.7458,-26.0451],[-53.7434,-26.0393],[-53.7342,-26.0428],[-53.7311,-26.0585],[-53.7267,-26.0646],[-53.7326,-26.0687],[-53.7399,-26.0828],[-53.7381,-26.0997],[-53.743,-26.1079],[-53.7415,-26.116],[-53.7251,-26.1284],[-53.7179,-26.127],[-53.7103,-26.1306],[-53.7075,-26.1423],[-53.7001,-26.1528],[-53.6822,-26.1621],[-53.6575,-26.1929],[-53.6503,-26.1947],[-53.6532,-26.2054],[-53.6437,-26.2106],[-53.6412,-26.2155],[-53.6464,-26.2194],[-53.6535,-26.2351],[-53.6441,-26.2409],[-53.6374,-26.2497],[-53.6462,-26.2495],[-53.6417,-26.2605],[-53.6451,-26.2855],[-53.6569,-26.2969],[-53.6625,-26.3072],[-53.6613,-26.3114],[-53.6665,-26.3197],[-53.6709,-26.3197],[-53.6699,-26.3253],[-53.6736,-26.3236],[-53.6711,-26.3307],[-53.6775,-26.331],[-53.6768,-26.3364],[-53.6803,-26.3341],[-53.6859,-26.3357],[-53.6892,-26.3519],[-53.694,-26.3524],[-53.6957,-26.356],[-53.6928,-26.3556],[-53.6907,-26.3611],[-53.6961,-26.3615],[-53.6966,-26.3649],[-53.7002,-26.3628],[-53.7013,-26.3666],[-53.7025,-26.3728],[-53.6973,-26.3779],[-53.7011,-26.3884],[-53.71,-26.3877],[-53.7073,-26.3954],[-53.6965,-26.4022],[-53.7005,-26.4088],[-53.7062,-26.4087],[-53.7057,-26.4152],[-53.6984,-26.4157],[-53.6993,-26.4228],[-53.6959,-26.4235],[-53.6943,-26.43],[-53.6888,-26.4286],[-53.6875,-26.4421],[-53.698,-26.4449],[-53.6978,-26.4402],[-53.7033,-26.4408],[-53.703,-26.4501],[-53.6973,-26.4553],[-53.6988,-26.4699],[-53.7068,-26.4639],[-53.7158,-26.4706],[-53.7093,-26.4745],[-53.7078,-26.4815],[-53.7024,-26.4735],[-53.6961,-26.4753],[-53.7004,-26.4801],[-53.6965,-26.4897],[-53.7025,-26.4898],[-53.7092,-26.5012],[-53.7043,-26.5049],[-53.7049,-26.5089],[-53.7141,-26.5033],[-53.721,-26.5069],[-53.7241,-26.5015],[-53.7301,-26.5018],[-53.7313,-26.5104],[-53.7273,-26.5256],[-53.7228,-26.5277],[-53.7188,-26.5247],[-53.7173,-26.528],[-53.7252,-26.533],[-53.7209,-26.5378],[-53.7221,-26.5417],[-53.7328,-26.5392],[-53.7422,-26.5444],[-53.739,-26.5484],[-53.7266,-26.551],[-53.7259,-26.5596],[-53.7352,-26.5587],[-53.7364,-26.5668],[-53.7136,-26.5566],[-53.7087,-26.5582],[-53.7082,-26.5617],[-53.7232,-26.5632],[-53.7223,-26.5811],[-53.7254,-26.5899],[-53.7333,-26.5869],[-53.7287,-26.5939],[-53.7297,-26.6079],[-53.7346,-26.6074],[-53.7359,-26.61],[-53.73,-26.6204],[-53.7341,-26.6258],[-53.7335,-26.631],[-53.7402,-26.6292],[-53.7414,-26.6315],[-53.7404,-26.6444],[-53.7516,-26.6355],[-53.7599,-26.6403],[-53.7574,-26.6443],[-53.7448,-26.648],[-53.7353,-26.6456],[-53.7328,-26.6551],[-53.7262,-26.6592],[-53.7233,-26.656],[-53.7253,-26.6476],[-53.7208,-26.6511],[-53.7189,-26.6673],[-53.7264,-26.6672],[-53.7267,-26.6733],[-53.7322,-26.6782],[-53.7173,-26.6814],[-53.7177,-26.6851],[-53.7305,-26.692],[-53.7392,-26.6814],[-53.7435,-26.6804],[-53.7425,-26.6909],[-53.7331,-26.7011],[-53.7347,-26.7169],[-53.7381,-26.7195],[-53.7491,-26.7191],[-53.7555,-26.7101],[-53.7584,-26.7208],[-53.7438,-26.7299],[-53.7435,-26.7336],[-53.7512,-26.7389],[-53.75,-26.7417],[-53.7355,-26.7405],[-53.7324,-26.7307],[-53.7235,-26.7464],[-53.7144,-26.7508],[-53.7177,-26.7585],[-53.7257,-26.7636],[-53.7325,-26.7658],[-53.7416,-26.7612],[-53.7439,-26.7644],[-53.7292,-26.7741],[-53.7159,-26.773],[-53.713,-26.7662],[-53.6989,-26.77],[-53.709,-26.774],[-53.7175,-26.7823],[-53.71,-26.7975],[-53.7009,-26.7975],[-53.6987,-26.8147],[-53.7048,-26.8153],[-53.7113,-26.8102],[-53.7092,-26.8152],[-53.7013,-26.8194],[-53.6965,-26.8318],[-53.6893,-26.8372],[-53.6962,-26.8426],[-53.6958,-26.8465],[-53.6899,-26.8483],[-53.6798,-26.8427],[-53.6724,-26.8525],[-53.6607,-26.8591],[-53.6612,-26.8627],[-53.6658,-26.8646],[-53.6968,-26.8591],[-53.6926,-26.8656],[-53.6804,-26.8695],[-53.6903,-26.8748],[-53.696,-26.8872],[-53.6714,-26.8961],[-53.68,-26.9031],[-53.68,-26.9094],[-53.6737,-26.9135],[-53.6893,-26.9211],[-53.6969,-26.9297],[-53.6717,-26.9428],[-53.6738,-26.9463],[-53.6831,-26.9445],[-53.6949,-26.937],[-53.7094,-26.934],[-53.7097,-26.9406],[-53.7014,-26.954],[-53.7031,-26.9594],[-53.7124,-26.9655],[-53.7267,-26.9591],[-53.7315,-26.9736],[-53.7372,-26.9738],[-53.7337,-26.9787],[-53.7187,-26.9842],[-53.718,-26.9899],[-53.7244,-26.9939],[-53.7432,-26.9913],[-53.7435,-26.9949],[-53.7327,-27.0042],[-53.7328,-27.0076],[-53.741,-27.0148],[-53.7525,-27.0052],[-53.7638,-27.0079],[-53.7583,-27.0189],[-53.7498,-27.0222],[-53.7482,-27.0328],[-53.7603,-27.0346],[-53.7648,-27.0454],[-53.7754,-27.0313],[-53.786,-27.0262],[-53.7773,-27.0493],[-53.7601,-27.0606],[-53.7602,-27.0645],[-53.7658,-27.0675],[-53.7725,-27.0663],[-53.7933,-27.0416],[-53.8023,-27.041],[-53.798,-27.0588],[-53.7856,-27.0714],[-53.7756,-27.0711],[-53.7721,-27.074],[-53.7825,-27.0787],[-53.798,-27.066],[-53.8056,-27.0787],[-53.8015,-27.0863],[-53.7768,-27.1034],[-53.7952,-27.1103],[-53.804,-27.108],[-53.8127,-27.0977],[-53.8189,-27.1025],[-53.807,-27.1109],[-53.8046,-27.1227],[-53.8162,-27.1298],[-53.8251,-27.1273],[-53.8242,-27.1337],[-53.8175,-27.1402],[-53.7993,-27.1364],[-53.7985,-27.1459],[-53.8287,-27.146],[-53.8367,-27.154],[-53.8326,-27.1644],[-53.8359,-27.1691],[-53.8478,-27.1565],[-53.8613,-27.1285],[-53.8752,-27.1259],[-53.8835,-27.1319],[-53.8873,-27.152],[-53.8977,-27.1703],[-53.9102,-27.1763],[-53.9169,-27.1748],[-53.9336,-27.1559],[-53.9466,-27.1513],[-53.9531,-27.1529],[-53.9607,-27.1651],[-53.9552,-27.1785],[-53.9602,-27.1953],[-53.9677,-27.1989],[-53.9921,-27.1959],[-54.008,-27.1984],[-54.015,-27.2081],[-54.0159,-27.233],[-54.0244,-27.2517],[-54.0519,-27.2615],[-54.0604,-27.2695],[-54.0723,-27.291],[-54.0891,-27.3013],[-54.1328,-27.3015],[-54.1549,-27.2969],[-54.1588,-27.2943],[-54.1602,-27.2876],[-54.1554,-27.2765],[-54.1573,-27.2632],[-54.1655,-27.2541],[-54.1742,-27.2549],[-54.1866,-27.2649],[-54.189,-27.2716],[-54.1942,-27.2923],[-54.1933,-27.3085],[-54.2048,-27.3278],[-54.2133,-27.3512],[-54.2144,-27.3816],[-54.228,-27.3921],[-54.2536,-27.3945],[-54.264,-27.3993],[-54.2707,-27.4187],[-54.2683,-27.4363],[-54.283,-27.4478],[-54.2942,-27.4459],[-54.3106,-27.422],[-54.3335,-27.4035],[-54.3389,-27.4032],[-54.3428,-27.4128],[-54.3351,-27.4513],[-54.3404,-27.4634],[-54.3516,-27.467],[-54.3698,-27.4526],[-54.3923,-27.4181],[-54.4114,-27.4053],[-54.4391,-27.4247],[-54.4566,-27.4222],[-54.4699,-27.4258],[-54.4721,-27.4345],[-54.4699,-27.438],[-54.444,-27.46],[-54.4433,-27.4683],[-54.4495,-27.4754],[-54.474,-27.4813],[-54.4918,-27.4798],[-54.5062,-27.4823],[-54.5249,-27.5062],[-54.5344,-27.5057],[-54.5371,-27.5028],[-54.5424,-27.4867],[-54.5614,-27.4625],[-54.5734,-27.4536],[-54.581,-27.4533],[-54.5894,-27.4582],[-54.595,-27.4874],[-54.6095,-27.5104],[-54.6158,-27.5322],[-54.6269,-27.544],[-54.6341,-27.5464],[-54.6424,-27.5448],[-54.648,-27.5402],[-54.6601,-27.5086],[-54.6755,-27.5058],[-54.6794,-27.5129],[-54.6801,-27.5266],[-54.6717,-27.5664],[-54.6809,-27.5745],[-54.7385,-27.5609],[-54.7449,-27.5626],[-54.7587,-27.5815],[-54.7663,-27.5849],[-54.7781,-27.5837],[-54.7846,-27.5787],[-54.7877,-27.5702],[-54.7952,-27.535],[-54.8098,-27.53],[-54.8171,-27.5356],[-54.8266,-27.554],[-54.8397,-27.6052],[-54.8477,-27.6213],[-54.8608,-27.6294],[-54.8885,-27.6266],[-54.8952,-27.6292],[-54.9066,-27.6419],[-54.9025,-27.7156],[-54.9066,-27.7298],[-54.9215,-27.7456],[-54.9374,-27.7705],[-54.9494,-27.7793],[-54.9609,-27.7785],[-54.9777,-27.7709],[-54.9888,-27.7722],[-54.993,-27.7755],[-55.0003,-27.7924],[-55.0142,-27.797],[-55.0243,-27.7942],[-55.0509,-27.7688],[-55.0579,-27.7681],[-55.0802,-27.7783],[-55.0839,-27.7841],[-55.0827,-27.7969],[-55.0276,-27.8302],[-55.0244,-27.8422],[-55.0298,-27.8546],[-55.0364,-27.8578],[-55.0853,-27.8431],[-55.1138,-27.849],[-55.1263,-27.8598],[-55.124,-27.8815],[-55.1282,-27.8939],[-55.1331,-27.8961],[-55.1393,-27.8951],[-55.1534,-27.8826],[-55.1716,-27.8613],[-55.1914,-27.8554],[-55.2027,-27.8579],[-55.2323,-27.8841],[-55.2501,-27.9142],[-55.2665,-27.9298],[-55.2753,-27.9331],[-55.2858,-27.9323],[-55.3094,-27.9222],[-55.3193,-27.9219],[-55.3303,-27.9315],[-55.34,-27.9665],[-55.3471,-27.9722],[-55.3823,-27.9791],[-55.3872,-27.99],[-55.369,-28.0191],[-55.3694,-28.0273],[-55.3905,-28.0452],[-55.414,-28.0546],[-55.4222,-28.0622],[-55.4426,-28.0943],[-55.4525,-28.098],[-55.4879,-28.0765],[-55.4955,-28.0769],[-55.5132,-28.1146],[-55.5306,-28.1155],[-55.5398,-28.1226],[-55.5476,-28.1365],[-55.5493,-28.156],[-55.5575,-28.1646],[-55.5642,-28.1635],[-55.5853,-28.148],[-55.5891,-28.1418],[-55.5834,-28.1252],[-55.5869,-28.1195],[-55.5963,-28.1158],[-55.6107,-28.1175],[-55.6208,-28.131],[-55.6197,-28.1535],[-55.6223,-28.161],[-55.6342,-28.1778],[-55.653,-28.1821],[-55.6926,-28.2188],[-55.7712,-28.2415],[-55.7826,-28.2561],[-55.7732,-28.2742],[-55.7329,-28.286],[-55.7018,-28.3112],[-55.6802,-28.3222],[-55.6704,-28.3344],[-55.6708,-28.3457],[-55.6888,-28.3882],[-55.6907,-28.4133],[-55.6952,-28.423],[-55.7043,-28.4276],[-55.7135,-28.4258],[-55.7197,-28.4187],[-55.7344,-28.3812],[-55.7566,-28.3694],[-55.8096,-28.3657],[-55.8506,-28.3554],[-55.8711,-28.3573],[-55.8787,-28.3618],[-55.9004,-28.3983],[-55.903,-28.4076],[-55.8826,-28.4638],[-55.8813,-28.4735],[-55.884,-28.4792],[-55.9288,-28.4864],[-55.9493,-28.4946],[-55.9882,-28.4981],[-56.0112,-28.5069],[-56.0232,-28.5228],[-56.0257,-28.5348],[-56.0209,-28.5532],[-56.0024,-28.5783],[-56.0034,-28.5978],[-56.0098,-28.6058],[-56.026,-28.6171],[-56.0563,-28.6292],[-56.082,-28.6542],[-56.1192,-28.6812],[-56.1435,-28.7091],[-56.1607,-28.7397],[-56.1881,-28.7723],[-56.1942,-28.7752],[-56.2609,-28.779],[-56.271,-28.7819],[-56.2891,-28.7937],[-56.2997,-28.8081],[-56.3012,-28.817],[-56.2973,-28.8414],[-56.3001,-28.8956],[-56.3273,-28.9282],[-56.3442,-28.9401],[-56.379,-28.948],[-56.4063,-28.9726],[-56.416,-28.9923],[-56.4162,-29.0007],[-56.3991,-29.0174],[-56.4044,-29.0325],[-56.41,-29.0387],[-56.416,-29.069],[-56.4304,-29.0795],[-56.503,-29.0887],[-56.5149,-29.0927],[-56.5443,-29.1157],[-56.568,-29.1141],[-56.5888,-29.1198],[-56.5939,-29.1263],[-56.5949,-29.1363],[-56.6169,-29.1711],[-56.6458,-29.2003],[-56.6548,-29.2238],[-56.6492,-29.255],[-56.6507,-29.2643],[-56.6645,-29.295],[-56.7,-29.3564],[-56.713,-29.3674],[-56.7462,-29.3684],[-56.7587,-29.3709],[-56.7684,-29.378],[-56.7804,-29.4163],[-56.7778,-29.429],[-56.7795,-29.4374],[-56.797,-29.4491],[-56.8082,-29.4731],[-56.8221,-29.49],[-56.8608,-29.5073],[-56.902,-29.5338],[-56.9295,-29.5662],[-56.9509,-29.5807],[-56.9678,-29.6018],[-56.9721,-29.6173],[-56.9674,-29.6373],[-56.9711,-29.6434],[-56.9906,-29.6467],[-57.0009,-29.6519],[-57.0115,-29.6645],[-57.0211,-29.6833],[-57.0334,-29.6957],[-57.0455,-29.7016],[-57.0997,-29.7483],[-57.1319,-29.7702],[-57.172,-29.7807],[-57.2211,-29.7763],[-57.2354,-29.7808],[-57.2678,-29.8095],[-57.2822,-29.8173],[-57.3246,-29.8728],[-57.3297,-29.8876],[-57.324,-29.9398],[-57.3281,-29.9719],[-57.3376,-29.99],[-57.352,-30.0081],[-57.3963,-30.0228],[-57.4175,-30.0384],[-57.4538,-30.0816],[-57.4582,-30.1012],[-57.4646,-30.1103],[-57.5256,-30.1514],[-57.5696,-30.1718],[-57.5941,-30.179],[-57.6327,-30.1748],[-57.6446,-30.1797],[-57.6497,-30.1893],[-57.6451,-30.1937],[-57.6321,-30.187],[-57.6034,-30.1897],[-57.5631,-30.2091],[-57.5578,-30.2134],[-57.5563,-30.225],[-57.5586,-30.2356],[-57.568,-30.2522],[-57.5663,-30.2591],[-57.5551,-30.265],[-57.5473,-30.2749],[-57.5254,-30.2855],[-57.5003,-30.2889],[-57.4868,-30.2668],[-57.4635,-30.2654],[-57.4523,-30.276],[-57.4293,-30.2746],[-57.4164,-30.278],[-57.4153,-30.282],[-57.4217,-30.2892],[-57.4214,-30.3009],[-57.404,-30.3007],[-57.3924,-30.3047],[-57.3788,-30.2794],[-57.3698,-30.273],[-57.3588,-30.2724],[-57.3577,-30.2826],[-57.352,-30.2845],[-57.343,-30.2777],[-57.3195,-30.2697],[-57.3143,-30.2577],[-57.307,-30.2623],[-57.2932,-30.2864],[-57.2846,-30.2937],[-57.2778,-30.2925],[-57.2701,-30.285],[-57.269,-30.2716],[-57.2618,-30.2672],[-57.2532,-30.2733],[-57.2559,-30.2818],[-57.2501,-30.2892],[-57.2203,-30.2893],[-57.2042,-30.2851],[-57.1963,-30.2645],[-57.176,-30.2508],[-57.1679,-30.249],[-57.1674,-30.2414],[-57.1615,-30.2421],[-57.1552,-30.2341],[-57.1654,-30.2245],[-57.1626,-30.2182],[-57.1681,-30.2169],[-57.1648,-30.2134],[-57.1684,-30.2084],[-57.1682,-30.1976],[-57.1595,-30.1931],[-57.1591,-30.1857],[-57.1448,-30.1716],[-57.1446,-30.1662],[-57.1358,-30.1579],[-57.1292,-30.1408],[-57.1145,-30.1455],[-57.1057,-30.1351],[-57.1052,-30.1255],[-57.113,-30.128],[-57.1164,-30.1146],[-57.0953,-30.115],[-57.0955,-30.1213],[-57.0893,-30.1204],[-57.0846,-30.1122],[-57.0872,-30.1106],[-57.0894,-30.1134],[-57.0922,-30.1105],[-57.0877,-30.1066],[-57.0872,-30.101],[-57.0691,-30.0856],[-57.0616,-30.0876],[-57.0671,-30.0912],[-57.0678,-30.1012],[-57.0579,-30.0986],[-57.0448,-30.1057],[-57.0313,-30.1021],[-57.0289,-30.0928],[-57.0239,-30.0875],[-56.9934,-30.0857],[-56.9845,-30.0874],[-56.9774,-30.0976],[-56.9556,-30.1011],[-56.9324,-30.0939],[-56.9178,-30.0962],[-56.9114,-30.1011],[-56.9154,-30.1102],[-56.9054,-30.1077],[-56.9054,-30.1135],[-56.8919,-30.1003],[-56.8889,-30.0891],[-56.8848,-30.0871],[-56.8745,-30.0862],[-56.8721,-30.0937],[-56.8542,-30.0888],[-56.8336,-30.0923],[-56.8242,-30.0956],[-56.8168,-30.1073],[-56.8081,-30.1032],[-56.8046,-30.106],[-56.7994,-30.1223],[-56.7803,-30.1266],[-56.7782,-30.1307],[-56.784,-30.1512],[-56.7779,-30.1624],[-56.773,-30.1643],[-56.7582,-30.1608],[-56.7298,-30.1717],[-56.7199,-30.1797],[-56.7056,-30.1761],[-56.7084,-30.1881],[-56.6963,-30.2051],[-56.6819,-30.1945],[-56.6787,-30.2003],[-56.6637,-30.1974],[-56.6524,-30.2069],[-56.6465,-30.2038],[-56.646,-30.2088],[-56.6503,-30.2122],[-56.6687,-30.2181],[-56.6645,-30.2219],[-56.6521,-30.2196],[-56.6468,-30.223],[-56.6412,-30.2348],[-56.625,-30.2455],[-56.6252,-30.2495],[-56.6313,-30.2552],[-56.6394,-30.2542],[-56.6392,-30.2591],[-56.6276,-30.2669],[-56.616,-30.2616],[-56.6095,-30.2694],[-56.6072,-30.2814],[-56.6113,-30.2878],[-56.621,-30.293],[-56.6187,-30.3012],[-56.6134,-30.3005],[-56.6051,-30.2928],[-56.5958,-30.2954],[-56.5774,-30.2889],[-56.5743,-30.2913],[-56.5766,-30.3022],[-56.5631,-30.3117],[-56.5578,-30.3192],[-56.5535,-30.3191],[-56.547,-30.3115],[-56.5416,-30.3131],[-56.5408,-30.3273],[-56.537,-30.3341],[-56.5497,-30.3391],[-56.552,-30.3442],[-56.5441,-30.3534],[-56.5461,-30.3606],[-56.5194,-30.3598],[-56.5052,-30.3705],[-56.5073,-30.3808],[-56.4965,-30.3871],[-56.4914,-30.3981],[-56.4839,-30.3988],[-56.4764,-30.3894],[-56.4608,-30.3856],[-56.4539,-30.4022],[-56.4445,-30.4116],[-56.4449,-30.4158],[-56.4531,-30.423],[-56.44,-30.4325],[-56.4279,-30.4352],[-56.4164,-30.4314],[-56.408,-30.4469],[-56.3982,-30.4484],[-56.3998,-30.4586],[-56.407,-30.4599],[-56.4062,-30.4686],[-56.4028,-30.4741],[-56.3964,-30.4722],[-56.3956,-30.4849],[-56.3873,-30.487],[-56.3837,-30.4926],[-56.3893,-30.4931],[-56.3835,-30.4988],[-56.3683,-30.5032],[-56.3599,-30.4976],[-56.3615,-30.4953],[-56.364,-30.4977],[-56.3652,-30.4927],[-56.3572,-30.4917],[-56.3505,-30.4966],[-56.349,-30.5041],[-56.3363,-30.5108],[-56.3338,-30.5149],[-56.3374,-30.5188],[-56.3368,-30.5231],[-56.3313,-30.5294],[-56.3269,-30.528],[-56.3229,-30.5318],[-56.306,-30.5299],[-56.2922,-30.5205],[-56.2876,-30.5266],[-56.2903,-30.5292],[-56.289,-30.5399],[-56.279,-30.5533],[-56.2822,-30.5598],[-56.2767,-30.5607],[-56.2666,-30.5545],[-56.2583,-30.562],[-56.2567,-30.5669],[-56.2622,-30.5718],[-56.2598,-30.5804],[-56.2618,-30.5846],[-56.2541,-30.587],[-56.2451,-30.5737],[-56.2331,-30.5749],[-56.2257,-30.5789],[-56.2238,-30.5848],[-56.2351,-30.588],[-56.2342,-30.5936],[-56.2244,-30.5973],[-56.2199,-30.6071],[-56.2141,-30.6085],[-56.193,-30.6038],[-56.1709,-30.6145],[-56.1719,-30.6188],[-56.1829,-30.6246],[-56.1813,-30.6313],[-56.1656,-30.6409],[-56.1702,-30.6529],[-56.1608,-30.6712],[-56.1519,-30.6805],[-56.1439,-30.6796],[-56.1374,-30.6836],[-56.1389,-30.688],[-56.1504,-30.6941],[-56.1508,-30.7047],[-56.1358,-30.7102],[-56.1303,-30.7165],[-56.1284,-30.7203],[-56.1327,-30.732],[-56.1268,-30.7406],[-56.1191,-30.7375],[-56.1168,-30.733],[-56.1073,-30.732],[-56.0957,-30.754],[-56.0884,-30.7575],[-56.0727,-30.7454],[-56.0632,-30.7528],[-56.0668,-30.7633],[-56.0621,-30.775],[-56.0391,-30.7752],[-56.0351,-30.7846],[-56.0236,-30.7857],[-56.0212,-30.7915],[-56.0252,-30.7986],[-56.016,-30.8023],[-56.0125,-30.8073],[-56.0171,-30.8181],[-56.0087,-30.8197],[-56.0042,-30.8304],[-56.0044,-30.8398],[-55.9915,-30.8485],[-55.9897,-30.8599],[-55.9904,-30.8664],[-55.9978,-30.8735],[-56.008,-30.8948],[-56.0065,-30.8982],[-56.0111,-30.912],[-56.0055,-30.9223],[-56.0102,-30.9271],[-56.0104,-30.9376],[-56.0153,-30.9451],[-56.0094,-30.947],[-56.0126,-30.954],[-56.0101,-30.9581],[-56.0115,-30.9638],[-56.0057,-30.9732],[-56.0108,-30.9783],[-56.0071,-30.9838],[-56.0132,-30.9901],[-56.018,-31.0108],[-56.0143,-31.0219],[-56.0184,-31.048],[-56.0077,-31.0717],[-56.0111,-31.0816],[-55.9927,-31.085],[-55.9793,-31.0732],[-55.9336,-31.0871],[-55.9303,-31.0863],[-55.9242,-31.0757],[-55.9105,-31.0751],[-55.8987,-31.0667],[-55.8909,-31.0771],[-55.8824,-31.0773],[-55.8777,-31.0726],[-55.8708,-31.0716],[-55.8693,-31.065],[-55.8553,-31.0451],[-55.8476,-31.0421],[-55.8298,-31.0437],[-55.8302,-31.0405],[-55.827,-31.0405],[-55.8119,-31.0217],[-55.8122,-31.0147],[-55.7767,-31.0156],[-55.7666,-31.01],[-55.7679,-31.0035],[-55.7746,-31],[-55.7732,-30.9971],[-55.7631,-31],[-55.7535,-30.998],[-55.7458,-30.9853],[-55.7466,-30.9795],[-55.7283,-30.9795],[-55.7315,-30.9741],[-55.7244,-30.966],[-55.7223,-30.943],[-55.716,-30.943],[-55.7097,-30.9546],[-55.704,-30.9552],[-55.6949,-30.9435],[-55.6888,-30.9449],[-55.6885,-30.9524],[-55.6762,-30.9561],[-55.6662,-30.954],[-55.6652,-30.9479],[-55.6617,-30.9486],[-55.6586,-30.9438],[-55.6635,-30.9332],[-55.656,-30.9249],[-55.6484,-30.923],[-55.6421,-30.9116],[-55.654,-30.8966],[-55.6557,-30.8849],[-55.6529,-30.8833],[-55.6632,-30.8739],[-55.6578,-30.8638],[-55.6489,-30.8651],[-55.6466,-30.8548],[-55.6379,-30.8462],[-55.6287,-30.848],[-55.6212,-30.8417],[-55.6131,-30.8432],[-55.6108,-30.8483],[-55.6045,-30.8499],[-55.5775,-30.8334],[-55.5774,-30.8432],[-55.5673,-30.8454],[-55.5631,-30.8554],[-55.5636,-30.8687],[-55.5548,-30.8726],[-55.5459,-30.8905],[-55.5337,-30.8973],[-55.5328,-30.9022],[-55.525,-30.898],[-55.5102,-30.9018],[-55.5081,-30.9043],[-55.5101,-30.9113],[-55.5042,-30.9248],[-55.4886,-30.9254],[-55.4864,-30.9283],[-55.4897,-30.9398],[-55.4867,-30.9477],[-55.4784,-30.9538],[-55.4573,-30.9514],[-55.4515,-30.9605],[-55.4413,-30.9597],[-55.4381,-30.9726],[-55.4329,-30.9727],[-55.4246,-30.9856],[-55.4375,-30.9943],[-55.4344,-31.0009],[-55.437,-31.0047],[-55.4253,-31.0117],[-55.425,-31.0165],[-55.4149,-31.0145],[-55.4067,-31.0187],[-55.4049,-31.0273],[-55.3999,-31.0286],[-55.3872,-31.0206],[-55.38,-31.0235],[-55.3739,-31.0191],[-55.3713,-31.0234],[-55.3734,-31.028],[-55.3693,-31.0344],[-55.3595,-31.0402],[-55.3494,-31.0392],[-55.3528,-31.0572],[-55.3601,-31.0674],[-55.3527,-31.0704],[-55.3502,-31.0678],[-55.3498,-31.0723],[-55.339,-31.0851],[-55.3275,-31.0882],[-55.3335,-31.0987],[-55.3339,-31.105],[-55.3287,-31.1104],[-55.3298,-31.1165],[-55.337,-31.1199],[-55.3401,-31.1314],[-55.3262,-31.138],[-55.3208,-31.1358],[-55.3186,-31.1451],[-55.3117,-31.1473],[-55.3052,-31.141],[-55.2975,-31.1444],[-55.2909,-31.1423],[-55.2905,-31.1502],[-55.2853,-31.1564],[-55.2901,-31.1592],[-55.2906,-31.1637],[-55.2747,-31.1702],[-55.271,-31.177],[-55.2857,-31.1855],[-55.2827,-31.1939],[-55.2628,-31.1947],[-55.2501,-31.206],[-55.254,-31.2111],[-55.2477,-31.216],[-55.2486,-31.2482],[-55.2468,-31.2522],[-55.2404,-31.2537],[-55.2401,-31.2606],[-55.2353,-31.2584],[-55.2137,-31.2632],[-55.2034,-31.2619],[-55.1838,-31.2654],[-55.1801,-31.2705],[-55.1694,-31.2694],[-55.1641,-31.276],[-55.163,-31.2792],[-55.1663,-31.2811],[-55.1636,-31.2857],[-55.1566,-31.2854],[-55.1493,-31.2952],[-55.1365,-31.3013],[-55.1258,-31.3024],[-55.1224,-31.3049],[-55.1221,-31.3128],[-55.109,-31.3077],[-55.1028,-31.315],[-55.0857,-31.3211],[-55.0745,-31.3321],[-55.0574,-31.3317],[-55.0618,-31.3247],[-55.0576,-31.3221],[-55.0601,-31.3154],[-55.0531,-31.3139],[-55.0477,-31.3073],[-55.0432,-31.3084],[-55.0365,-31.2915],[-55.0328,-31.2895],[-55.0358,-31.2839],[-55.0318,-31.2786],[-55.0365,-31.2757],[-55.0319,-31.2697],[-55.0203,-31.267],[-55.0085,-31.2699],[-55.0072,-31.2669],[-55.0024,-31.2692],[-55.0005,-31.283],[-54.9948,-31.2831],[-54.9934,-31.2899],[-54.9823,-31.2961],[-54.98,-31.303],[-54.9828,-31.3114],[-54.9788,-31.317],[-54.9595,-31.3232],[-54.9531,-31.332],[-54.9528,-31.3393],[-54.9602,-31.342],[-54.9592,-31.3525],[-54.9529,-31.3546],[-54.9515,-31.3517],[-54.9351,-31.3565],[-54.9368,-31.3642],[-54.9338,-31.3693],[-54.9371,-31.3701],[-54.9406,-31.3806],[-54.9325,-31.3851],[-54.9182,-31.3789],[-54.9048,-31.3841],[-54.898,-31.3814],[-54.8996,-31.3763],[-54.8918,-31.3748],[-54.886,-31.3773],[-54.8843,-31.3811],[-54.8874,-31.3832],[-54.8784,-31.3981],[-54.8579,-31.408],[-54.8615,-31.4179],[-54.8572,-31.4182],[-54.8365,-31.4419],[-54.827,-31.4363],[-54.8118,-31.4348],[-54.8094,-31.4307],[-54.7992,-31.4325],[-54.7965,-31.43],[-54.7893,-31.4348],[-54.7686,-31.426],[-54.752,-31.4245],[-54.7506,-31.4274],[-54.7388,-31.4256],[-54.7356,-31.4297],[-54.7246,-31.4296],[-54.7191,-31.4385],[-54.7035,-31.4393],[-54.699,-31.4363],[-54.6932,-31.4454],[-54.6773,-31.4473],[-54.6703,-31.4541],[-54.5869,-31.4565],[-54.5774,-31.481],[-54.5707,-31.4825],[-54.5667,-31.4871],[-54.5612,-31.4867],[-54.5566,-31.495],[-54.5538,-31.4918],[-54.5474,-31.4984],[-54.525,-31.5048],[-54.523,-31.5107],[-54.5156,-31.5102],[-54.5104,-31.5215],[-54.5033,-31.5271],[-54.5016,-31.537],[-54.4903,-31.551],[-54.4936,-31.5581],[-54.4809,-31.5698],[-54.4729,-31.5704],[-54.4693,-31.5922],[-54.4636,-31.5906],[-54.458,-31.5941],[-54.458,-31.5983],[-54.4524,-31.5993],[-54.4537,-31.6031],[-54.4573,-31.6012],[-54.4566,-31.6074],[-54.4608,-31.6063],[-54.4666,-31.613],[-54.4631,-31.6148],[-54.4645,-31.6191],[-54.4604,-31.6217],[-54.4611,-31.6259],[-54.4537,-31.63],[-54.4551,-31.6354],[-54.4515,-31.64],[-54.4562,-31.6517],[-54.1538,-31.8788],[-54.1446,-31.8818],[-54.1413,-31.8941],[-54.1085,-31.9095],[-54.1053,-31.9129],[-54.1081,-31.9186],[-54.0996,-31.9285],[-54.0867,-31.9351],[-54.0873,-31.9308],[-54.0813,-31.9296],[-54.0784,-31.9222],[-54.0735,-31.9188],[-54.0675,-31.9228],[-54.0562,-31.9117],[-54.0537,-31.9051],[-54.0487,-31.9053],[-54.0327,-31.8955],[-54.0322,-31.8987],[-54.0264,-31.8969],[-54.0238,-31.9011],[-54.0164,-31.901],[-54.0181,-31.9036],[-54.0122,-31.9052],[-54.0168,-31.9068],[-54.0154,-31.9086],[-54.0078,-31.9084],[-54.0044,-31.9146],[-53.9695,-31.9179],[-53.9692,-31.9224],[-53.9633,-31.922],[-53.9617,-31.9302],[-53.964,-31.9298],[-53.9671,-31.9368],[-53.9722,-31.9361],[-53.9726,-31.9401],[-53.9603,-31.9554],[-53.9475,-31.9546],[-53.9364,-31.9584],[-53.9328,-31.9629],[-53.9132,-31.9657],[-53.9067,-31.9761],[-53.8965,-31.9811],[-53.8968,-31.985],[-53.8917,-31.9888],[-53.8921,-31.9954],[-53.8793,-31.995],[-53.8717,-31.9991],[-53.8708,-31.9955],[-53.8641,-31.9929],[-53.8634,-31.9961],[-53.8602,-31.995],[-53.8605,-31.9975],[-53.8494,-32.0011],[-53.8542,-32.0104],[-53.8516,-32.0143],[-53.8526,-32.0297],[-53.8381,-32.0328],[-53.8422,-32.04],[-53.8352,-32.0409],[-53.8331,-32.0462],[-53.8358,-32.0511],[-53.8284,-32.0587],[-53.8139,-32.0596],[-53.8124,-32.0649],[-53.804,-32.0707],[-53.7916,-32.068],[-53.7892,-32.0722],[-53.7812,-32.0698],[-53.7691,-32.0737],[-53.7638,-32.0796],[-53.7563,-32.0762],[-53.7542,-32.0794],[-53.7458,-32.0781],[-53.7454,-32.0914],[-53.7253,-32.0958],[-53.7301,-32.105],[-53.7401,-32.1003],[-53.7377,-32.1065],[-53.7442,-32.1153],[-53.7257,-32.1401],[-53.7272,-32.1465],[-53.7352,-32.1516],[-53.7176,-32.153],[-53.7235,-32.1737],[-53.7126,-32.1781],[-53.714,-32.188],[-53.7028,-32.1884],[-53.7113,-32.199],[-53.7049,-32.2067],[-53.6965,-32.2036],[-53.6927,-32.2062],[-53.6933,-32.2136],[-53.6852,-32.2196],[-53.6765,-32.2381],[-53.6793,-32.2431],[-53.6778,-32.2586],[-53.6656,-32.2742],[-53.6585,-32.2758],[-53.6555,-32.2905],[-53.6427,-32.2972],[-53.6479,-32.3126],[-53.6565,-32.3122],[-53.6572,-32.3168],[-53.6431,-32.3249],[-53.645,-32.3324],[-53.6333,-32.3503],[-53.634,-32.3565],[-53.6436,-32.3682],[-53.6452,-32.3839],[-53.6279,-32.3891],[-53.6144,-32.3984],[-53.6121,-32.4034],[-53.615,-32.4166],[-53.6003,-32.4307],[-53.5888,-32.4352],[-53.584,-32.4513],[-53.5671,-32.4585],[-53.5552,-32.4734],[-53.5409,-32.4729],[-53.5435,-32.4791],[-53.5311,-32.4825],[-53.5264,-32.489],[-53.5203,-32.4811],[-53.5153,-32.484],[-53.5171,-32.4892],[-53.4996,-32.481],[-53.481,-32.4839],[-53.4709,-32.4807],[-53.4644,-32.4847],[-53.4626,-32.4876],[-53.4665,-32.4933],[-53.4621,-32.4983],[-53.4635,-32.5027],[-53.4566,-32.5167],[-53.4575,-32.5223],[-53.4495,-32.5286],[-53.4369,-32.5482],[-53.4324,-32.5649],[-53.4279,-32.5661],[-53.4218,-32.5583],[-53.4174,-32.5609],[-53.4166,-32.568],[-53.4123,-32.5726],[-53.39,-32.5865],[-53.385,-32.5853],[-53.3787,-32.5716],[-53.3697,-32.5699],[-53.3555,-32.5906],[-53.3462,-32.5916],[-53.3388,-32.5846],[-53.3332,-32.585],[-53.3072,-32.6034],[-53.2888,-32.6211],[-53.2786,-32.6186],[-53.2778,-32.6115],[-53.2718,-32.6052],[-53.2495,-32.6032],[-53.2456,-32.6071],[-53.2435,-32.6232],[-53.2371,-32.6298],[-53.2147,-32.6388],[-53.1898,-32.6428],[-53.1764,-32.6585],[-53.1667,-32.6486],[-53.1467,-32.6406],[-53.1284,-32.6385],[-53.1085,-32.643],[-53.0846,-32.6582],[-53.0797,-32.6335],[-53.07,-32.6222],[-53.0541,-32.6154],[-53.0201,-32.6131],[-53.0093,-32.6077],[-53.0008,-32.5979],[-52.9955,-32.5827],[-52.9919,-32.5452],[-52.9842,-32.5151],[-52.9877,-32.5106],[-52.968,-32.4905],[-52.9399,-32.4749],[-52.9196,-32.4676],[-52.8024,-32.447],[-52.7664,-32.4262],[-52.7378,-32.3989],[-52.7236,-32.3816],[-52.7242,-32.37],[-52.7717,-32.3526],[-52.7747,-32.3557],[-52.7726,-32.3678],[-52.7901,-32.3788],[-52.8032,-32.3598],[-52.7981,-32.3552],[-52.7957,-32.3575],[-52.7769,-32.353],[-52.7866,-32.3497],[-52.7895,-32.3431],[-52.8,-32.3524],[-52.8088,-32.3536],[-52.817,-32.3473],[-52.8205,-32.3398],[-52.8175,-32.326],[-52.8085,-32.3277],[-52.8006,-32.3347],[-52.8049,-32.3276],[-52.8132,-32.3247],[-52.8132,-32.3196],[-52.8069,-32.3183],[-52.8074,-32.3124],[-52.804,-32.3111],[-52.7935,-32.2836],[-52.7945,-32.2791],[-52.7891,-32.2808],[-52.7966,-32.2772],[-52.7968,-32.2721],[-52.793,-32.2684],[-52.7841,-32.2695],[-52.783,-32.2584],[-52.7784,-32.2522],[-52.7768,-32.2306],[-52.755,-32.2117],[-52.7504,-32.2115],[-52.7399,-32.2205],[-52.7285,-32.2111],[-52.7294,-32.2056],[-52.737,-32.2022],[-52.7432,-32.2067],[-52.7355,-32.2052],[-52.7309,-32.2089],[-52.74,-32.2151],[-52.752,-32.2064],[-52.7597,-32.2106],[-52.7633,-32.2043],[-52.7703,-32.2042],[-52.7621,-32.2019],[-52.7628,-32.1989],[-52.7492,-32.1922],[-52.7383,-32.1924],[-52.7364,-32.1893],[-52.7301,-32.191],[-52.7326,-32.201],[-52.7267,-32.1909],[-52.7277,-32.1874],[-52.7372,-32.1856],[-52.7361,-32.1802],[-52.7411,-32.1824],[-52.7372,-32.1748],[-52.7454,-32.1749],[-52.7368,-32.1717],[-52.7386,-32.1651],[-52.7329,-32.1651],[-52.7275,-32.1705],[-52.7188,-32.1726],[-52.7141,-32.1714],[-52.7139,-32.1685],[-52.6971,-32.1661],[-52.6977,-32.1632],[-52.7066,-32.1648],[-52.7028,-32.159],[-52.7071,-32.1596],[-52.7205,-32.1704],[-52.7322,-32.1597],[-52.7252,-32.1551],[-52.7012,-32.1553],[-52.675,-32.164],[-52.6588,-32.1536],[-52.6229,-32.1456],[-52.6301,-32.154],[-52.6285,-32.1622],[-52.6562,-32.209],[-52.6831,-32.2728],[-52.6922,-32.309],[-52.6884,-32.3195],[-52.639,-32.393],[-52.6099,-32.444],[-52.5865,-32.5063],[-52.5863,-32.5316],[-52.6091,-32.6123],[-52.6209,-32.6379],[-52.6885,-32.7578],[-52.7183,-32.8246],[-52.7275,-32.8406],[-52.7313,-32.8424],[-52.7303,-32.8474],[-52.7407,-32.8554],[-52.7438,-32.8638],[-52.7487,-32.8661],[-52.7613,-32.8858],[-52.7764,-32.8969],[-52.7985,-32.9073],[-52.8322,-32.915],[-52.8674,-32.9099],[-52.8832,-32.9039],[-52.9078,-32.8877],[-52.9278,-32.8686],[-52.963,-32.8422],[-52.9988,-32.8019],[-53.0042,-32.7819],[-52.9974,-32.7612],[-53.0414,-32.8015],[-53.0525,-32.8189],[-53.0701,-32.8338],[-53.0787,-32.8342],[-53.1013,-32.822],[-53.114,-32.8086],[-53.1139,-32.8059],[-53.1091,-32.8075],[-53.1105,-32.8046],[-53.1239,-32.7938],[-53.1323,-32.7985],[-53.1444,-32.8124],[-53.1556,-32.8521],[-53.1592,-32.905],[-53.1546,-32.9538],[-53.1636,-32.9839],[-53.1744,-33.0035],[-53.1951,-33.0305],[-53.2412,-33.0761],[-53.2486,-33.0925],[-53.2602,-33.1074],[-53.2774,-33.1094],[-53.3185,-33.0919],[-53.3289,-33.079],[-53.3253,-33.0652],[-53.3175,-33.0646],[-53.3198,-33.0548],[-53.333,-33.069],[-53.3372,-33.0826],[-53.3507,-33.1035],[-53.3682,-33.1228],[-53.3865,-33.1368],[-53.3933,-33.1495],[-53.4083,-33.1613],[-53.4167,-33.161],[-53.422,-33.1563],[-53.4226,-33.1354],[-53.415,-33.1183],[-53.4108,-33.1165],[-53.4096,-33.1093],[-53.4176,-33.1169],[-53.425,-33.1387],[-53.4359,-33.1574],[-53.4371,-33.1621],[-53.4322,-33.1621],[-53.4385,-33.1832],[-53.452,-33.2208],[-53.4637,-33.2386],[-53.4697,-33.2601],[-53.4676,-33.2797],[-53.426,-33.4267],[-53.4263,-33.4534],[-53.4337,-33.4781],[-53.4327,-33.4907],[-53.4373,-33.5131],[-53.44,-33.5189],[-53.4449,-33.5163],[-53.4447,-33.5051],[-53.4515,-33.516],[-53.4522,-33.5326],[-53.4656,-33.558],[-53.472,-33.5634],[-53.4802,-33.563],[-53.4863,-33.5551],[-53.4821,-33.5523],[-53.4846,-33.5507],[-53.4823,-33.547],[-53.5072,-33.5395],[-53.5078,-33.5311],[-53.5118,-33.5367],[-53.5146,-33.5541],[-53.511,-33.5673],[-53.5156,-33.5848],[-53.5125,-33.6026],[-53.5212,-33.6158],[-53.5284,-33.6171],[-53.5319,-33.601],[-53.5346,-33.6034],[-53.5323,-33.6092],[-53.5364,-33.613],[-53.5262,-33.6249],[-53.5296,-33.6335],[-53.5282,-33.6399],[-53.5315,-33.6406],[-53.5294,-33.644],[-53.534,-33.6514],[-53.5311,-33.6569],[-53.5332,-33.6598],[-53.5307,-33.6595],[-53.5322,-33.6676],[-53.5246,-33.6739],[-53.531,-33.6797],[-53.5295,-33.6884],[-53.4395,-33.6935],[-53.4423,-33.6995],[-53.4395,-33.6982],[-53.4364,-33.7013],[-53.4387,-33.7119],[-53.4337,-33.7195],[-53.4358,-33.724],[-53.4309,-33.7309],[-53.4311,-33.7394],[-53.4268,-33.7391],[-53.4167,-33.7483],[-53.3997,-33.7482],[-53.3935,-33.7511],[-53.3859,-33.746],[-53.3811,-33.7477],[-53.37,-33.7439],[-53.1771,-33.6062],[-52.802,-33.3049],[-52.7267,-33.2332],[-52.6364,-33.1233],[-52.5995,-33.0621],[-52.4879,-32.8511],[-52.4558,-32.7617],[-52.4229,-32.6288],[-52.4032,-32.571],[-52.3682,-32.4818],[-52.311,-32.3686],[-52.2697,-32.3041],[-52.2252,-32.2512],[-52.141,-32.1792],[-52.1169,-32.1656],[-52.0972,-32.1617],[-52.1022,-32.1508],[-52.1052,-32.1316],[-52.1023,-32.1223],[-52.1047,-32.1035],[-52.0991,-32.0826],[-52.0864,-32.0674],[-52.0856,-32.0611],[-52.0888,-32.0598],[-52.1026,-32.0677],[-52.1194,-32.0913],[-52.1357,-32.1004],[-52.1492,-32.1164],[-52.1567,-32.1139],[-52.1535,-32.1037],[-52.1565,-32.0958],[-52.1502,-32.0753],[-52.134,-32.0575],[-52.1081,-32.0511],[-52.1017,-32.046],[-52.0864,-32.0518],[-52.0883,-32.0577],[-52.0831,-32.0496],[-52.0712,-32.0521],[-52.0774,-32.0335],[-52.0753,-32.0315],[-52.0713,-32.0437],[-52.0651,-32.0476],[-52.0698,-32.0295],[-52.0771,-32.032],[-52.0805,-32.0283],[-52.0897,-32.0302],[-52.1081,-32.0248],[-52.1205,-32.0367],[-52.1353,-32.0452],[-52.1498,-32.0482],[-52.1647,-32.0561],[-52.1715,-32.0558],[-52.2031,-32.0756],[-52.2066,-32.0733],[-52.2042,-32.0712],[-52.2074,-32.0708],[-52.2172,-32.0846],[-52.228,-32.0846],[-52.2399,-32.08],[-52.2324,-32.0752],[-52.2315,-32.0698],[-52.222,-32.0685],[-52.2139,-32.0714],[-52.2145,-32.0664],[-52.209,-32.0598],[-52.1941,-32.0579],[-52.202,-32.0391],[-52.196,-32.028],[-52.18,-32.0303],[-52.1599,-32.0272],[-52.1021,-32.003],[-52.0971,-32.0065],[-52.0975,-31.9947],[-52.1133,-31.9779],[-52.1253,-31.9806],[-52.1255,-31.9771],[-52.1254,-31.9806],[-52.1399,-31.9827],[-52.1522,-31.9799],[-52.1636,-31.9821],[-52.1752,-31.9785],[-52.1881,-31.9821],[-52.1961,-31.992],[-52.1922,-31.998],[-52.1938,-32.0046],[-52.2061,-32.0103],[-52.2012,-32.0233],[-52.1962,-32.0276],[-52.2023,-32.0389],[-52.2133,-32.035],[-52.2282,-32.0361],[-52.235,-32.0437],[-52.2438,-32.0454],[-52.2527,-32.0528],[-52.2456,-32.0283],[-52.2348,-32.0192],[-52.2368,-32.0019],[-52.2417,-31.994],[-52.2394,-31.9846],[-52.2233,-31.9716],[-52.2188,-31.9591],[-52.2069,-31.9655],[-52.2019,-31.9625],[-52.188,-31.963],[-52.1855,-31.9497],[-52.1745,-31.9522],[-52.1669,-31.943],[-52.1507,-31.95],[-52.1496,-31.9452],[-52.1558,-31.9359],[-52.1545,-31.9295],[-52.1508,-31.9274],[-52.1449,-31.9287],[-52.1416,-31.9384],[-52.1457,-31.9437],[-52.1446,-31.9503],[-52.1203,-31.9437],[-52.113,-31.947],[-52.1122,-31.9504],[-52.1148,-31.942],[-52.1274,-31.9328],[-52.1392,-31.9184],[-52.177,-31.9073],[-52.1898,-31.9007],[-52.2211,-31.8721],[-52.2268,-31.872],[-52.2373,-31.8783],[-52.2355,-31.8828],[-52.2283,-31.8843],[-52.2298,-31.8953],[-52.2351,-31.893],[-52.2514,-31.8726],[-52.2566,-31.8515],[-52.2553,-31.8447],[-52.2508,-31.84],[-52.2413,-31.8382],[-52.2315,-31.8419],[-52.2259,-31.8481],[-52.2219,-31.8337],[-52.2226,-31.8193],[-52.2313,-31.8093],[-52.229,-31.8059],[-52.2245,-31.8128],[-52.2185,-31.8036],[-52.2148,-31.8088],[-52.2133,-31.8068],[-52.2175,-31.7946],[-52.2245,-31.7908],[-52.219,-31.7835],[-52.2267,-31.7679],[-52.2258,-31.7519],[-52.1929,-31.7226],[-52.1524,-31.6993],[-52.1274,-31.6901],[-52.0769,-31.682],[-52.0696,-31.6771],[-52.0665,-31.6817],[-52.0589,-31.679],[-52.0572,-31.6832],[-52.036,-31.6958],[-52.0307,-31.6923],[-52.01,-31.6142],[-52.0179,-31.5403],[-52.0102,-31.5009],[-52.0077,-31.5003],[-52.0011,-31.4409],[-51.9825,-31.3861],[-51.9759,-31.3804],[-51.9518,-31.3755],[-51.9624,-31.37],[-51.9601,-31.3528],[-51.9486,-31.3393],[-51.923,-31.3319],[-51.9214,-31.3279],[-51.9314,-31.3271],[-51.9306,-31.3189],[-51.9195,-31.3108],[-51.913,-31.31],[-51.8921,-31.3157],[-51.8808,-31.3246],[-51.8828,-31.3148],[-51.875,-31.309],[-51.8761,-31.2985],[-51.8714,-31.2934],[-51.8668,-31.2951],[-51.8725,-31.3003],[-51.8575,-31.3161],[-51.8602,-31.3316],[-51.8552,-31.3364],[-51.8577,-31.3318],[-51.8439,-31.3232],[-51.8339,-31.3064],[-51.7946,-31.274],[-51.7771,-31.2753],[-51.7571,-31.2861],[-51.7532,-31.2799],[-51.7458,-31.2825],[-51.7491,-31.2773],[-51.7375,-31.2808],[-51.7134,-31.2658],[-51.6642,-31.2711],[-51.6191,-31.269],[-51.6167,-31.2677],[-51.6283,-31.2655],[-51.6345,-31.2555],[-51.6426,-31.2261],[-51.6436,-31.2111],[-51.6394,-31.1807],[-51.623,-31.1447],[-51.602,-31.1317],[-51.5673,-31.1286],[-51.5501,-31.1122],[-51.5378,-31.115],[-51.512,-31.1046],[-51.4676,-31.0974],[-51.4418,-31.0881],[-51.452,-31.0822],[-51.4658,-31.065],[-51.4877,-31.0195],[-51.4993,-30.9758],[-51.5002,-30.9277],[-51.4937,-30.9083],[-51.4876,-30.8999],[-51.4731,-30.8868],[-51.4488,-30.8722],[-51.4386,-30.871],[-51.4294,-30.8752],[-51.3901,-30.8799],[-51.369,-30.8744],[-51.3817,-30.8609],[-51.3906,-30.8403],[-51.3959,-30.8083],[-51.4043,-30.7829],[-51.4058,-30.7568],[-51.3911,-30.6687],[-51.3857,-30.6622],[-51.3858,-30.6515],[-51.3716,-30.6361],[-51.3479,-30.6315],[-51.3346,-30.6338],[-51.3177,-30.6482],[-51.3194,-30.6635],[-51.3166,-30.6766],[-51.3192,-30.6822],[-51.314,-30.6885],[-51.3166,-30.7041],[-51.3065,-30.7155],[-51.2997,-30.7314],[-51.294,-30.7709],[-51.3055,-30.7843],[-51.3312,-30.7785],[-51.2873,-30.7975],[-51.2851,-30.8073],[-51.2986,-30.8163],[-51.2969,-30.8181],[-51.2824,-30.8125],[-51.2811,-30.8017],[-51.2941,-30.7516],[-51.2931,-30.7077],[-51.3036,-30.6094],[-51.2999,-30.5639],[-51.2792,-30.5104],[-51.2586,-30.4669],[-51.2501,-30.4604],[-51.2449,-30.4428],[-51.2282,-30.423],[-51.1979,-30.408],[-51.1777,-30.4085],[-51.1538,-30.4137],[-51.1424,-30.4257],[-51.1439,-30.4325],[-51.1358,-30.4368],[-51.1434,-30.471],[-51.1486,-30.4735],[-51.1563,-30.4932],[-51.1571,-30.4989],[-51.1526,-30.5003],[-51.1319,-30.4353],[-51.1254,-30.4286],[-51.1278,-30.4225],[-51.1262,-30.4156],[-51.1193,-30.4083],[-51.1221,-30.3969],[-51.1057,-30.3774],[-51.0953,-30.3816],[-51.0947,-30.3647],[-51.0977,-30.3576],[-51.101,-30.357],[-51.122,-30.3608],[-51.1286,-30.3593],[-51.1559,-30.3765],[-51.181,-30.386],[-51.1915,-30.3773],[-51.2074,-30.3408],[-51.2119,-30.2996],[-51.2338,-30.3105],[-51.2412,-30.3256],[-51.2465,-30.3284],[-51.2502,-30.3242],[-51.2463,-30.3151],[-51.2572,-30.3058],[-51.2759,-30.3085],[-51.2953,-30.3029],[-51.3009,-30.275],[-51.298,-30.2596],[-51.2914,-30.2545],[-51.2874,-30.2585],[-51.2732,-30.2498],[-51.2868,-30.2509],[-51.2949,-30.2469],[-51.2987,-30.2408],[-51.2926,-30.2346],[-51.2938,-30.2318],[-51.3133,-30.2401],[-51.3166,-30.2306],[-51.3194,-30.235],[-51.3258,-30.235],[-51.3297,-30.231],[-51.3249,-30.214],[-51.3199,-30.214],[-51.3212,-30.2065],[-51.3151,-30.1943],[-51.3148,-30.1887],[-51.3247,-30.1674],[-51.3218,-30.151],[-51.3109,-30.1361],[-51.3058,-30.1346],[-51.3144,-30.1271],[-51.3124,-30.1197],[-51.3144,-30.1138],[-51.3065,-30.0944],[-51.3106,-30.0884],[-51.309,-30.0855],[-51.3144,-30.0826],[-51.3114,-30.0807],[-51.3091,-30.0618],[-51.306,-30.0621],[-51.3052,-30.054],[-51.2992,-30.0512],[-51.3017,-30.0427],[-51.2973,-30.0422],[-51.2924,-30.0476],[-51.2975,-30.0359],[-51.3021,-30.0358],[-51.3042,-30.0275],[-51.2994,-30.0026],[-51.2903,-30.0022],[-51.2894,-30.0119],[-51.2826,-30.0219],[-51.2781,-30.0174],[-51.2776,-30.0109],[-51.2682,-30.0165],[-51.269,-30.0284],[-51.2796,-30.0378],[-51.2728,-30.0406],[-51.27,-30.0355],[-51.2594,-30.035],[-51.2627,-30.0403],[-51.2622,-30.0495],[-51.2711,-30.0548],[-51.272,-30.0592],[-51.2572,-30.0484],[-51.2502,-30.0353],[-51.2427,-30.0351],[-51.2417,-30.0416],[-51.2338,-30.0476],[-51.2345,-30.0584],[-51.2491,-30.0793],[-51.2513,-30.0947],[-51.2613,-30.0969],[-51.2667,-30.1029],[-51.2587,-30.109],[-51.2649,-30.1094],[-51.2586,-30.1114],[-51.261,-30.1229],[-51.2463,-30.1255],[-51.2452,-30.131],[-51.2309,-30.1376],[-51.2255,-30.1464],[-51.2285,-30.1615],[-51.2333,-30.1645],[-51.2266,-30.1682],[-51.2278,-30.1771],[-51.2327,-30.1827],[-51.2419,-30.1816],[-51.2489,-30.1857],[-51.2391,-30.1903],[-51.223,-30.1879],[-51.1997,-30.1931],[-51.1943,-30.1998],[-51.1957,-30.2077],[-51.2,-30.21],[-51.1943,-30.2136],[-51.188,-30.2112],[-51.1826,-30.2129],[-51.1779,-30.2198],[-51.1826,-30.2319],[-51.1908,-30.2333],[-51.1934,-30.2378],[-51.184,-30.2352],[-51.1562,-30.2399],[-51.1519,-30.2456],[-51.1593,-30.262],[-51.1359,-30.2692],[-51.1368,-30.2595],[-51.1326,-30.2516],[-51.1186,-30.2459],[-51.1071,-30.2498],[-51.1045,-30.2527],[-51.1061,-30.2592],[-51.1014,-30.2593],[-51.0991,-30.257],[-51.1015,-30.2499],[-51.1062,-30.2482],[-51.1061,-30.2429],[-51.1028,-30.2461],[-51.0959,-30.2412],[-51.0894,-30.241],[-51.0698,-30.2471],[-51.0634,-30.2558],[-51.0633,-30.2638],[-51.0695,-30.2692],[-51.0647,-30.2762],[-51.0592,-30.2767],[-51.0567,-30.2711],[-51.0484,-30.2679],[-51.0308,-30.2745],[-51.0225,-30.2842],[-51.0198,-30.2965],[-51.0258,-30.3213],[-51.0402,-30.3252],[-51.0297,-30.3272],[-51.0316,-30.3339],[-51.0398,-30.3429],[-51.0498,-30.3446],[-51.051,-30.3492],[-51.0681,-30.3535],[-51.068,-30.3583],[-51.0496,-30.3577],[-51.0413,-30.3664],[-51.0425,-30.3724],[-51.0476,-30.3731],[-51.0452,-30.3774],[-51.0474,-30.3815],[-51.0596,-30.3856],[-51.0556,-30.392],[-51.0421,-30.3898],[-51.0387,-30.3861],[-51.013,-30.3897],[-50.9734,-30.4076],[-50.93,-30.4358],[-50.9165,-30.4407],[-50.9026,-30.4438],[-50.9011,-30.4418],[-50.9272,-30.4338],[-50.9376,-30.4069],[-50.9392,-30.3941],[-50.9346,-30.3556],[-50.927,-30.3382],[-50.9148,-30.3264],[-50.9012,-30.3221],[-50.844,-30.3208],[-50.797,-30.3384],[-50.7735,-30.3322],[-50.7767,-30.3272],[-50.7838,-30.3245],[-50.7879,-30.3268],[-50.7817,-30.3291],[-50.7889,-30.3334],[-50.7928,-30.3264],[-50.7949,-30.3123],[-50.7847,-30.285],[-50.7731,-30.2887],[-50.772,-30.2966],[-50.7648,-30.2914],[-50.7507,-30.2967],[-50.7365,-30.2957],[-50.7215,-30.2993],[-50.6732,-30.2966],[-50.6549,-30.2841],[-50.6689,-30.2549],[-50.6589,-30.1999],[-50.6443,-30.1922],[-50.6175,-30.2002],[-50.5982,-30.196],[-50.6019,-30.1922],[-50.5965,-30.1949],[-50.5905,-30.2125],[-50.5756,-30.2332],[-50.5774,-30.2354],[-50.5731,-30.243],[-50.5708,-30.2412],[-50.5605,-30.2517],[-50.5493,-30.249],[-50.5498,-30.2517],[-50.5426,-30.2523],[-50.5385,-30.2646],[-50.5378,-30.2739],[-50.5438,-30.282],[-50.543,-30.2999],[-50.5558,-30.3201],[-50.5463,-30.3312],[-50.5466,-30.3388],[-50.5437,-30.3422],[-50.5453,-30.356],[-50.5496,-30.3639],[-50.5534,-30.3641],[-50.5511,-30.3664],[-50.5656,-30.3879],[-50.5675,-30.3957],[-50.5629,-30.4097],[-50.567,-30.4297],[-50.5645,-30.4376],[-50.5673,-30.4549],[-50.5745,-30.4643],[-50.5713,-30.4711],[-50.5744,-30.4815],[-50.5827,-30.4901],[-50.5971,-30.4909],[-50.6111,-30.4857],[-50.6404,-30.4634],[-50.6522,-30.4465],[-50.6564,-30.4263],[-50.6502,-30.4136],[-50.6333,-30.4062],[-50.622,-30.4122],[-50.6161,-30.4043],[-50.6118,-30.4053],[-50.6039,-30.3996],[-50.5931,-30.4003],[-50.5934,-30.3942],[-50.6207,-30.3568],[-50.6264,-30.3437],[-50.6251,-30.3284],[-50.6326,-30.3325],[-50.6356,-30.341],[-50.6306,-30.3676],[-50.6321,-30.3749],[-50.6379,-30.3789],[-50.6302,-30.3831],[-50.6353,-30.3874],[-50.624,-30.3921],[-50.6346,-30.3932],[-50.6412,-30.3867],[-50.6448,-30.3882],[-50.6412,-30.3929],[-50.6434,-30.3959],[-50.6479,-30.3955],[-50.6487,-30.3913],[-50.6796,-30.3688],[-50.6867,-30.3568],[-50.6989,-30.3501],[-50.6991,-30.346],[-50.7056,-30.3476],[-50.7085,-30.3539],[-50.7157,-30.3513],[-50.7186,-30.3531],[-50.7219,-30.364],[-50.7295,-30.3681],[-50.7291,-30.375],[-50.7079,-30.4092],[-50.6964,-30.4411],[-50.6864,-30.5008],[-50.6795,-30.6092],[-50.6833,-30.6636],[-50.6901,-30.7069],[-50.7003,-30.7332],[-50.702,-30.7463],[-50.7139,-30.7662],[-50.717,-30.7667],[-50.7208,-30.7797],[-50.7445,-30.8123],[-50.7621,-30.8232],[-50.7905,-30.8294],[-50.8194,-30.8406],[-50.8234,-30.8522],[-50.8315,-30.853],[-50.8569,-30.8654],[-50.8823,-30.8916],[-50.8951,-30.8997],[-50.9196,-30.9064],[-50.9415,-30.904],[-50.9668,-30.8961],[-50.9665,-30.9089],[-50.9514,-30.9595],[-50.9525,-30.9821],[-50.957,-31.0096],[-50.9645,-31.0161],[-50.9724,-31.0329],[-50.9806,-31.0411],[-50.995,-31.0481],[-51.0237,-31.0515],[-51.0485,-31.0616],[-51.0912,-31.0935],[-51.1036,-31.0994],[-51.1247,-31.0982],[-51.1491,-31.0875],[-51.1627,-31.0754],[-51.1664,-31.0683],[-51.1644,-31.0695],[-51.1655,-31.0619],[-51.1678,-31.0627],[-51.1769,-31.0798],[-51.1808,-31.1254],[-51.1786,-31.145],[-51.1633,-31.1973],[-51.1577,-31.2378],[-51.1565,-31.2681],[-51.1606,-31.3017],[-51.1781,-31.3624],[-51.1948,-31.3982],[-51.2332,-31.4526],[-51.2643,-31.4828],[-51.2971,-31.5061],[-51.3432,-31.5279],[-51.3611,-31.532],[-51.3831,-31.527],[-51.4106,-31.5142],[-51.4224,-31.4999],[-51.4203,-31.4898],[-51.4231,-31.4884],[-51.4365,-31.504],[-51.4405,-31.5043],[-51.4551,-31.5289],[-51.464,-31.5544],[-51.4605,-31.5444],[-51.4482,-31.5275],[-51.4468,-31.5362],[-51.4557,-31.5464],[-51.4556,-31.5538],[-51.4608,-31.5563],[-51.4622,-31.567],[-51.4505,-31.595],[-51.4367,-31.6141],[-51.435,-31.6236],[-51.4358,-31.6199],[-51.439,-31.6231],[-51.4475,-31.6063],[-51.4698,-31.5897],[-51.4752,-31.566],[-51.4984,-31.5832],[-51.5026,-31.5904],[-51.5074,-31.591],[-51.5298,-31.621],[-51.5471,-31.6506],[-51.5987,-31.7147],[-51.6561,-31.7649],[-51.6932,-31.7822],[-51.7346,-31.7887],[-51.7734,-31.7865],[-51.8023,-31.7885],[-51.8184,-31.7972],[-51.8407,-31.802],[-51.8296,-31.8019],[-51.7962,-31.8131],[-51.7958,-31.8058],[-51.7872,-31.805],[-51.7928,-31.815],[-51.8048,-31.8148],[-51.803,-31.8327],[-51.8097,-31.8435],[-51.8578,-31.8691],[-51.8787,-31.8731],[-51.9082,-31.8689],[-51.9296,-31.8603],[-51.9962,-31.8222],[-52.0191,-31.816],[-52.0625,-31.8162],[-52.0981,-31.8359],[-52.0986,-31.8406],[-52.0927,-31.8414],[-52.0896,-31.8461],[-52.0882,-31.8575],[-52.082,-31.866],[-52.0485,-31.8895],[-52.0445,-31.8973],[-52.0475,-31.8967],[-52.047,-31.8992],[-52.032,-31.907],[-52.0152,-31.9224],[-52.0047,-31.9449],[-52.008,-31.9575],[-52.0152,-31.9667],[-52.0204,-31.9661],[-52.0273,-31.971],[-52.038,-31.9709],[-52.0544,-31.9823],[-52.0439,-32.0069],[-52.0453,-32.014],[-52.039,-32.0365],[-52.0472,-32.053],[-52.0497,-32.0772],[-52.0583,-32.0802],[-52.0626,-32.0974],[-52.069,-32.099],[-52.076,-32.1091],[-52.0763,-32.1146],[-52.084,-32.119],[-52.0851,-32.127],[-52.0923,-32.1296],[-52.0822,-32.1329],[-52.0788,-32.1378],[-52.083,-32.1602],[-52.0758,-32.1415],[-51.9689,-32.0318],[-51.9208,-31.9877],[-51.8477,-31.9308],[-51.7601,-31.8766],[-51.6124,-31.8033],[-51.4893,-31.7353],[-51.4272,-31.6956],[-51.2675,-31.5786],[-51.2145,-31.5335],[-51.0401,-31.3599],[-50.8791,-31.227],[-50.7793,-31.1239],[-50.751,-31.0879],[-50.6679,-30.9629],[-50.5583,-30.8182],[-50.4649,-30.6807],[-50.374,-30.5629],[-50.3401,-30.5112],[-50.3,-30.4324],[-50.158,-30.0665],[-50.1192,-29.9762],[-50.054,-29.8405],[-49.9834,-29.7093],[-49.9116,-29.5908],[-49.8286,-29.4758],[-49.7432,-29.3678],[-49.7305,-29.3562],[-49.7304,-29.3502],[-49.7146,-29.3306],[-49.7049,-29.3097],[-49.5971,-29.1826],[-49.4759,-29.0518],[-49.4054,-28.9822],[-49.315,-28.901],[-49.2969,-28.89],[-49.1879,-28.8022],[-49.0165,-28.6954],[-48.9454,-28.6562],[-48.8621,-28.6167],[-48.8403,-28.6098],[-48.8376,-28.6125],[-48.8278,-28.6066],[-48.8202,-28.609],[-48.8142,-28.6066],[-48.8117,-28.6029],[-48.8174,-28.601],[-48.8175,-28.597],[-48.813,-28.585],[-48.7952,-28.5684],[-48.7862,-28.5683],[-48.7849,-28.5647],[-48.7892,-28.5605],[-48.7868,-28.5544],[-48.7704,-28.5384],[-48.7614,-28.5353],[-48.7591,-28.5274],[-48.7629,-28.5234],[-48.7614,-28.5178],[-48.7512,-28.5063],[-48.7475,-28.5082],[-48.7492,-28.4965],[-48.7452,-28.4965],[-48.7619,-28.4934],[-48.7655,-28.4855],[-48.7665,-28.4686],[-48.756,-28.4404],[-48.7461,-28.4271],[-48.7383,-28.4234],[-48.7461,-28.4194],[-48.7439,-28.3964],[-48.7362,-28.379],[-48.7172,-28.3518],[-48.709,-28.3429],[-48.7037,-28.343],[-48.698,-28.3383],[-48.7073,-28.3352],[-48.7092,-28.3234],[-48.6878,-28.2744],[-48.6685,-28.2493],[-48.6454,-28.2346],[-48.6489,-28.2281],[-48.6516,-28.2325],[-48.6612,-28.2267],[-48.6671,-28.2154],[-48.6623,-28.2096],[-48.6652,-28.2039],[-48.6569,-28.1957],[-48.6619,-28.1922],[-48.6625,-28.18],[-48.6455,-28.1439],[-48.6356,-28.139],[-48.64,-28.1392],[-48.6424,-28.1301],[-48.645,-28.1299],[-48.6387,-28.1225],[-48.6311,-28.1211],[-48.636,-28.1155],[-48.6299,-28.1084],[-48.6371,-28.1048],[-48.6314,-28.0941],[-48.6318,-28.0849],[-48.6271,-28.082],[-48.6286,-28.0791],[-48.6252,-28.0745],[-48.6218,-28.0756],[-48.6168,-28.0709],[-48.6163,-28.0655],[-48.6088,-28.0621],[-48.6063,-28.0523],[-48.6102,-28.0428],[-48.605,-28.0345],[-48.5989,-28.0349],[-48.5978,-28.0301],[-48.6081,-28.0171],[-48.6136,-28.0231],[-48.6182,-28.0229],[-48.63,-28.0097],[-48.6322,-27.9945],[-48.6283,-27.9745],[-48.6202,-27.9626],[-48.6251,-27.9599],[-48.625,-27.9537],[-48.6043,-27.9213],[-48.587,-27.9044],[-48.5824,-27.9062],[-48.5813,-27.8973],[-48.5753,-27.8923],[-48.5731,-27.8856],[-48.5764,-27.8804],[-48.5788,-27.8833],[-48.5884,-27.8816],[-48.5906,-27.885],[-48.5962,-27.8824],[-48.6016,-27.8712],[-48.6009,-27.8586],[-48.5958,-27.8509],[-48.5898,-27.8483],[-48.5805,-27.8489],[-48.5797,-27.8531],[-48.5708,-27.836],[-48.5621,-27.8343],[-48.5596,-27.8391],[-48.5447,-27.8303],[-48.5352,-27.8072],[-48.5343,-27.7958],[-48.5253,-27.7852],[-48.5176,-27.7815],[-48.508,-27.7825],[-48.5072,-27.791],[-48.4978,-27.795],[-48.4835,-27.7853],[-48.4878,-27.7758],[-48.4822,-27.7695],[-48.4756,-27.7701],[-48.4782,-27.7619],[-48.4856,-27.7599],[-48.4883,-27.7553],[-48.4959,-27.7575],[-48.5066,-27.7471],[-48.5055,-27.724],[-48.4958,-27.7041],[-48.4831,-27.6941],[-48.477,-27.6704],[-48.4673,-27.6512],[-48.4504,-27.6304],[-48.4453,-27.6293],[-48.4394,-27.6178],[-48.4319,-27.6153],[-48.4358,-27.6076],[-48.4273,-27.5938],[-48.4191,-27.5923],[-48.4197,-27.5839],[-48.4119,-27.5731],[-48.4253,-27.5732],[-48.4283,-27.5685],[-48.4297,-27.5601],[-48.4265,-27.5442],[-48.4006,-27.4998],[-48.3864,-27.485],[-48.3758,-27.4807],[-48.3736,-27.4717],[-48.3771,-27.4648],[-48.3738,-27.4558],[-48.3707,-27.4499],[-48.3618,-27.4483],[-48.3588,-27.4406],[-48.3647,-27.4328],[-48.372,-27.4439],[-48.3911,-27.4356],[-48.4013,-27.4217],[-48.4061,-27.4052],[-48.4117,-27.4051],[-48.4143,-27.3948],[-48.4111,-27.3842],[-48.4172,-27.3806],[-48.4835,-27.3783],[-48.5263,-27.4083],[-48.5344,-27.3835],[-48.5255,-27.3766],[-48.5303,-27.3757],[-48.5369,-27.3574],[-48.5332,-27.3557],[-48.5348,-27.3496],[-48.526,-27.3441],[-48.5284,-27.341],[-48.5233,-27.3341],[-48.5305,-27.3352],[-48.5381,-27.3254],[-48.539,-27.2995],[-48.5439,-27.2988],[-48.548,-27.3069],[-48.5508,-27.3038],[-48.5534,-27.3141],[-48.5638,-27.3155],[-48.5643,-27.3087],[-48.572,-27.3149],[-48.5798,-27.3129],[-48.5851,-27.3199],[-48.5886,-27.3193],[-48.5948,-27.3161],[-48.6038,-27.3007],[-48.6154,-27.2719],[-48.6131,-27.235],[-48.6065,-27.2189],[-48.5977,-27.219],[-48.5813,-27.2092],[-48.5776,-27.2112],[-48.5716,-27.203],[-48.5545,-27.1962],[-48.5423,-27.1826],[-48.5218,-27.1813],[-48.5029,-27.1941],[-48.4988,-27.2007],[-48.501,-27.206],[-48.5137,-27.2143],[-48.5149,-27.2206],[-48.5125,-27.2214],[-48.5089,-27.2159],[-48.4963,-27.2169],[-48.4874,-27.209],[-48.4846,-27.2109],[-48.4795,-27.2081],[-48.4755,-27.1998],[-48.4838,-27.1989],[-48.4895,-27.2029],[-48.4953,-27.1985],[-48.499,-27.1897],[-48.499,-27.1729],[-48.4965,-27.1657],[-48.4861,-27.1639],[-48.4817,-27.1533],[-48.4752,-27.154],[-48.4725,-27.1487],[-48.4652,-27.1447],[-48.4752,-27.146],[-48.4796,-27.1351],[-48.4778,-27.142],[-48.4835,-27.1481],[-48.5043,-27.1436],[-48.514,-27.1315],[-48.5048,-27.1141],[-48.508,-27.1105],[-48.5162,-27.1207],[-48.5219,-27.1178],[-48.5289,-27.124],[-48.5291,-27.1275],[-48.5248,-27.1266],[-48.5376,-27.1423],[-48.5327,-27.1452],[-48.5374,-27.1505],[-48.5532,-27.1575],[-48.5584,-27.1523],[-48.565,-27.1555],[-48.5856,-27.1449],[-48.6087,-27.1153],[-48.6135,-27.0977],[-48.6093,-27.0919],[-48.601,-27.0944],[-48.5952,-27.0893],[-48.5962,-27.085],[-48.5918,-27.0806],[-48.5951,-27.0741],[-48.594,-27.0625],[-48.5891,-27.061],[-48.5864,-27.0554],[-48.5873,-27.0449],[-48.5798,-27.0399],[-48.5806,-27.0264],[-48.5751,-27.0239],[-48.5759,-27.019],[-48.5698,-27.0114],[-48.5719,-27.0086],[-48.5764,-27.0115],[-48.58,-27.0093],[-48.5826,-26.9929],[-48.5872,-26.9922],[-48.5884,-26.9967],[-48.5919,-26.9971],[-48.5978,-26.9932],[-48.6036,-26.9998],[-48.6014,-27.0059],[-48.6167,-27.0037],[-48.6283,-26.9931],[-48.6351,-26.9774],[-48.633,-26.972],[-48.6276,-26.9715],[-48.6273,-26.9635],[-48.6242,-26.9617],[-48.6283,-26.9601],[-48.6292,-26.9504],[-48.6265,-26.9333],[-48.6217,-26.9264],[-48.6305,-26.9294],[-48.6411,-26.9202],[-48.6437,-26.9049],[-48.636,-26.8605],[-48.6275,-26.8333],[-48.6212,-26.8262],[-48.6191,-26.8285],[-48.6136,-26.8251],[-48.6097,-26.8289],[-48.6029,-26.8275],[-48.5972,-26.8051],[-48.5918,-26.797],[-48.584,-26.795],[-48.5876,-26.7913],[-48.5838,-26.7861],[-48.5884,-26.7831],[-48.5937,-26.7851],[-48.5987,-26.7722],[-48.6044,-26.7798],[-48.602,-26.7821],[-48.6055,-26.7892],[-48.6155,-26.7905],[-48.6305,-26.7829],[-48.6456,-26.7632],[-48.6485,-26.7627],[-48.6531,-26.772],[-48.6677,-26.7681],[-48.6738,-26.7587],[-48.6817,-26.7242],[-48.6793,-26.6979],[-48.6865,-26.6902],[-48.6883,-26.6804],[-48.6788,-26.6204],[-48.6556,-26.5571],[-48.6246,-26.4951],[-48.6099,-26.4717],[-48.5935,-26.4531],[-48.5982,-26.4466],[-48.5995,-26.4324],[-48.5901,-26.4023],[-48.5645,-26.358],[-48.5551,-26.3293],[-48.5382,-26.2947],[-48.5041,-26.2373],[-48.5004,-26.2357],[-48.493,-26.2184],[-48.4969,-26.2164],[-48.4992,-26.2201],[-48.5006,-26.2186],[-48.5049,-26.2264],[-48.512,-26.2253],[-48.52,-26.2192],[-48.5275,-26.1972],[-48.5239,-26.1726],[-48.5275,-26.1641],[-48.5318,-26.1628],[-48.5404,-26.1701],[-48.5498,-26.1709],[-48.5769,-26.1658],[-48.5886,-26.155],[-48.6002,-26.1188],[-48.6026,-26.0717],[-48.6091,-26.0672],[-48.6107,-26.0591],[-48.603,-25.9981],[-48.581,-25.932],[-48.5598,-25.8908],[-48.5675,-25.8857],[-48.5627,-25.8709],[-48.5646,-25.8566],[-48.5411,-25.8479],[-48.5349,-25.8522],[-48.5376,-25.8436],[-48.5266,-25.802],[-48.501,-25.7535],[-48.4316,-25.6429],[-48.4042,-25.614],[-48.3679,-25.5906],[-48.3583,-25.5859],[-48.3199,-25.5866],[-48.3113,-25.5734],[-48.2991,-25.5672],[-48.3021,-25.5591],[-48.294,-25.5472],[-48.29,-25.5458],[-48.2769,-25.5141],[-48.3097,-25.4933],[-48.287,-25.4892],[-48.2694,-25.4759],[-48.2469,-25.4654],[-48.2393,-25.4653],[-48.2246,-25.4737],[-48.2149,-25.4741],[-48.2033,-25.4398],[-48.1921,-25.4176],[-48.1669,-25.3809],[-48.1396,-25.3493],[-48.0997,-25.3164],[-48.0961,-25.3089],[-48.0704,-25.2812],[-48.0348,-25.2479],[-47.9722,-25.1997],[-47.9426,-25.1717],[-47.9238,-25.1605],[-47.9141,-25.1594],[-47.9124,-25.156],[-47.917,-25.1565],[-47.9197,-25.1512],[-47.9127,-25.1287],[-47.908,-25.1181],[-47.8947,-25.1074],[-47.9045,-25.0985],[-47.9024,-25.0657],[-47.9087,-25.0634],[-47.9095,-25.0529],[-47.8869,-25.0513],[-47.883,-25.031],[-47.8733,-25.0137],[-47.8219,-24.9559],[-47.7159,-24.8684],[-47.5919,-24.7779],[-47.5104,-24.729],[-47.4248,-24.6851],[-47.4203,-24.6783],[-47.4052,-24.6729],[-47.3753,-24.6501],[-47.2809,-24.5938],[-47.245,-24.574],[-47.2278,-24.5717],[-47.2242,-24.5669],[-47.2279,-24.5605],[-47.2245,-24.557],[-47.2006,-24.5396],[-47.1869,-24.5342],[-47.1862,-24.5255],[-47.1447,-24.4923],[-47.0533,-24.4331],[-47.0372,-24.4269],[-47.0288,-24.4271],[-47.0215,-24.4226],[-47.0208,-24.4162],[-47.0153,-24.4125],[-47.0086,-24.4147],[-47.0096,-24.4112],[-47.0036,-24.409],[-47.005,-24.4016],[-47.0012,-24.3989],[-47.0094,-24.3966],[-47.0108,-24.39],[-47.0087,-24.3894],[-47.0163,-24.3874],[-47.0182,-24.3788],[-46.9964,-24.3512],[-47.0015,-24.3455],[-46.9994,-24.3413],[-47.0025,-24.3374],[-46.9991,-24.3315],[-46.9476,-24.2862],[-46.8446,-24.2184],[-46.8153,-24.2015],[-46.8048,-24.2004],[-46.7888,-24.1872],[-46.6351,-24.1045],[-46.493,-24.0385],[-46.4455,-24.0211],[-46.4156,-24.0157],[-46.3994,-24.0192],[-46.4017,-24.0322],[-46.3989,-24.0335],[-46.3902,-24.0237],[-46.3901,-24.017],[-46.3836,-24.0179],[-46.3912,-24.0129],[-46.3923,-24.0079],[-46.3892,-24.0041],[-46.3919,-23.9986],[-46.3791,-23.9938],[-46.3745,-23.9867],[-46.3785,-23.9846],[-46.3806,-23.9777],[-46.3887,-23.9763],[-46.3817,-23.9707],[-46.375,-23.97],[-46.3725,-23.9802],[-46.3689,-23.9819],[-46.3679,-23.9741],[-46.3577,-23.971],[-46.3323,-23.9727],[-46.3175,-23.9791],[-46.3057,-23.9912],[-46.3133,-23.9983],[-46.3212,-23.9988],[-46.3247,-24.0213],[-46.3201,-24.0243],[-46.313,-24.0208],[-46.3112,-24.0287],[-46.3046,-24.0195],[-46.295,-24.016],[-46.2908,-24.0197],[-46.2921,-24.0231],[-46.2841,-24.0265],[-46.2847,-24.0324],[-46.2891,-24.0365],[-46.2875,-24.0451],[-46.2781,-24.0364],[-46.2799,-24.0223],[-46.2693,-24.0132],[-46.2629,-24.0135],[-46.2674,-24.0091],[-46.2652,-24.0041],[-46.2474,-23.9939],[-46.2119,-23.9864],[-46.203,-23.9924],[-46.2076,-23.9984],[-46.2025,-24.0006],[-46.2004,-23.9951],[-46.1913,-23.9899],[-46.1822,-23.9911],[-46.1861,-23.9873],[-46.1873,-23.9772],[-46.1847,-23.9654],[-46.1819,-23.9612],[-46.1726,-23.9579],[-46.1674,-23.9473],[-46.1606,-23.9454],[-46.1656,-23.9442],[-46.1683,-23.9377],[-46.1739,-23.9416],[-46.1784,-23.939],[-46.1789,-23.9242],[-46.1607,-23.9065],[-46.1564,-23.9093],[-46.147,-23.9063],[-46.1518,-23.9044],[-46.1515,-23.8987],[-46.1486,-23.8941],[-46.1381,-23.8899],[-46.1409,-23.8808],[-46.1363,-23.8681],[-46.1238,-23.8607],[-46.127,-23.8567],[-46.1331,-23.858],[-46.1329,-23.8514],[-46.1284,-23.8441],[-46.1124,-23.8335],[-46.0887,-23.8221],[-46.0614,-23.8141],[-46.0501,-23.8174],[-46.0455,-23.8224],[-46.0474,-23.8284],[-46.0503,-23.8281],[-46.0474,-23.8321],[-46.0388,-23.8256],[-46.0388,-23.8155],[-46.0343,-23.8106],[-46.0081,-23.8003],[-46.0021,-23.7999],[-45.9985,-23.8035],[-45.9931,-23.8006],[-45.9906,-23.793],[-45.9726,-23.7854],[-45.8983,-23.7654],[-45.8242,-23.7573],[-45.8028,-23.7613],[-45.8041,-23.7699],[-45.7659,-23.7625],[-45.7572,-23.7706],[-45.7523,-23.7677],[-45.7401,-23.7677],[-45.7179,-23.7745],[-45.7093,-23.7707],[-45.7027,-23.7745],[-45.6996,-23.7728],[-45.6942,-23.7756],[-45.6969,-23.7802],[-45.6949,-23.7824],[-45.6849,-23.7785],[-45.6845,-23.7753],[-45.6735,-23.7747],[-45.6641,-23.779],[-45.665,-23.7859],[-45.6582,-23.779],[-45.6436,-23.7776],[-45.6409,-23.7841],[-45.6323,-23.7838],[-45.6251,-23.7878],[-45.6274,-23.7904],[-45.624,-23.7958],[-45.6266,-23.8],[-45.6228,-23.805],[-45.6178,-23.8041],[-45.6155,-23.7992],[-45.596,-23.7982],[-45.5876,-23.7927],[-45.5624,-23.7921],[-45.554,-23.7972],[-45.5565,-23.8007],[-45.5528,-23.8025],[-45.5538,-23.8108],[-45.5447,-23.809],[-45.5354,-23.817],[-45.5334,-23.8234],[-45.5388,-23.8277],[-45.5372,-23.8308],[-45.5233,-23.8291],[-45.5186,-23.8327],[-45.5118,-23.8325],[-45.5146,-23.8421],[-45.4932,-23.8381],[-45.4903,-23.8303],[-45.4781,-23.8282],[-45.4668,-23.8191],[-45.448,-23.8268],[-45.4466,-23.8319],[-45.4383,-23.8269],[-45.4309,-23.8325],[-45.4196,-23.8245],[-45.4136,-23.825],[-45.4062,-23.821],[-45.4084,-23.812],[-45.406,-23.8097],[-45.4004,-23.8139],[-45.3963,-23.8081],[-45.3995,-23.7969],[-45.3969,-23.7806],[-45.4125,-23.7537],[-45.3992,-23.7372],[-45.397,-23.7248],[-45.4198,-23.7257],[-45.4272,-23.7093],[-45.4301,-23.6881],[-45.4283,-23.6579],[-45.4149,-23.6311],[-45.4023,-23.6229],[-45.3877,-23.6345],[-45.3773,-23.6244],[-45.37,-23.6305],[-45.3605,-23.626],[-45.3403,-23.5967],[-45.3281,-23.5848],[-45.3114,-23.5757],[-45.2976,-23.5722],[-45.2932,-23.5749],[-45.2792,-23.5738],[-45.2767,-23.5783],[-45.2801,-23.5845],[-45.2784,-23.5883],[-45.2732,-23.5864],[-45.2633,-23.5893],[-45.2616,-23.5964],[-45.2555,-23.5895],[-45.2535,-23.5942],[-45.2442,-23.5937],[-45.2413,-23.5879],[-45.2306,-23.5817],[-45.2287,-23.5841],[-45.216,-23.5805],[-45.2116,-23.583],[-45.2079,-23.5787],[-45.2103,-23.5712],[-45.2154,-23.5686],[-45.2125,-23.5662],[-45.2187,-23.5611],[-45.217,-23.5568],[-45.2306,-23.5487],[-45.228,-23.5386],[-45.2194,-23.5289],[-45.1966,-23.5202],[-45.1903,-23.5218],[-45.1875,-23.527],[-45.1896,-23.534],[-45.186,-23.5368],[-45.1865,-23.5406],[-45.1783,-23.5378],[-45.1744,-23.543],[-45.1695,-23.5393],[-45.162,-23.5419],[-45.1579,-23.5352],[-45.1595,-23.5306],[-45.1655,-23.53],[-45.1671,-23.5248],[-45.1627,-23.5171],[-45.1663,-23.5126],[-45.1724,-23.5121],[-45.175,-23.5],[-45.1691,-23.4928],[-45.1598,-23.5],[-45.1463,-23.4966],[-45.1452,-23.5021],[-45.1378,-23.5015],[-45.1347,-23.5051],[-45.1378,-23.5118],[-45.132,-23.5097],[-45.1217,-23.5163],[-45.1211,-23.5211],[-45.1142,-23.5191],[-45.1127,-23.5264],[-45.1061,-23.5243],[-45.1077,-23.5137],[-45.1105,-23.5128],[-45.1075,-23.5079],[-45.1223,-23.5052],[-45.1226,-23.5011],[-45.1103,-23.4955],[-45.1069,-23.489],[-45.103,-23.49],[-45.1045,-23.4981],[-45.0986,-23.4927],[-45.0876,-23.4935],[-45.0831,-23.4974],[-45.086,-23.5129],[-45.0819,-23.521],[-45.0811,-23.509],[-45.0669,-23.4931],[-45.0723,-23.4936],[-45.0743,-23.4889],[-45.0627,-23.4679],[-45.0563,-23.4649],[-45.0518,-23.4678],[-45.0466,-23.4614],[-45.0347,-23.4646],[-45.0181,-23.4611],[-45.0345,-23.4598],[-45.0361,-23.4487],[-45.0386,-23.4479],[-45.0564,-23.459],[-45.061,-23.4553],[-45.0672,-23.4468],[-45.0693,-23.4349],[-45.0593,-23.4299],[-45.0646,-23.4261],[-45.0597,-23.4187],[-45.0489,-23.4173],[-45.045,-23.4212],[-45.0474,-23.4256],[-45.0437,-23.4255],[-45.0314,-23.4137],[-45.0239,-23.4138],[-45.0227,-23.4187],[-45.0129,-23.4179],[-45.0089,-23.4059],[-44.9928,-23.3973],[-44.9771,-23.4003],[-44.9706,-23.3939],[-44.9725,-23.3906],[-44.9631,-23.3863],[-44.9614,-23.3811],[-44.9496,-23.3788],[-44.9485,-23.3641],[-44.9416,-23.357],[-44.921,-23.3509],[-44.9082,-23.3342],[-44.8872,-23.339],[-44.8823,-23.3479],[-44.8906,-23.3587],[-44.8874,-23.3643],[-44.8923,-23.3702],[-44.8904,-23.3726],[-44.8846,-23.3696],[-44.8822,-23.3633],[-44.8755,-23.3643],[-44.8652,-23.357],[-44.8499,-23.3611],[-44.8369,-23.3696],[-44.8386,-23.3794],[-44.8437,-23.3831],[-44.8442,-23.387],[-44.8412,-23.3882],[-44.8297,-23.3855],[-44.8261,-23.3875],[-44.8264,-23.3838],[-44.8071,-23.3795],[-44.7995,-23.3752],[-44.8022,-23.3734],[-44.7964,-23.369],[-44.7848,-23.3703],[-44.7829,-23.3736],[-44.7851,-23.378],[-44.7506,-23.366],[-44.726,-23.3699],[-44.7242,-23.3676],[-44.7315,-23.3631],[-44.7322,-23.3592],[-44.7269,-23.3535],[-44.7214,-23.3576],[-44.7194,-23.354],[-44.7224,-23.3519],[-44.7154,-23.3449],[-44.7054,-23.3439],[-44.7012,-23.3402],[-44.6985,-23.3439],[-44.6907,-23.3441],[-44.6906,-23.3476],[-44.6854,-23.3472],[-44.6852,-23.3514],[-44.681,-23.347],[-44.6839,-23.3426],[-44.6816,-23.3388],[-44.6752,-23.3359],[-44.6713,-23.3456],[-44.6594,-23.3474],[-44.6627,-23.3449],[-44.663,-23.3391],[-44.6552,-23.3429],[-44.6462,-23.3335],[-44.6395,-23.3311],[-44.6292,-23.3369],[-44.6335,-23.3525],[-44.6291,-23.3502],[-44.6255,-23.3395],[-44.6223,-23.3392],[-44.6163,-23.3464],[-44.6182,-23.351],[-44.6133,-23.3473],[-44.6068,-23.3479],[-44.6087,-23.3562],[-44.606,-23.367],[-44.6,-23.3595],[-44.5879,-23.3608],[-44.5631,-23.3327],[-44.5616,-23.3283],[-44.5662,-23.3227],[-44.5602,-23.3158],[-44.5623,-23.3112],[-44.5555,-23.3034],[-44.5523,-23.3035],[-44.5516,-23.3075],[-44.545,-23.3025],[-44.5403,-23.3047],[-44.5389,-23.2964],[-44.5286,-23.2868],[-44.5243,-23.2905],[-44.5139,-23.2917],[-44.5091,-23.2995],[-44.5027,-23.2952],[-44.5047,-23.2912],[-44.5132,-23.2909],[-44.5152,-23.2858],[-44.5202,-23.2841],[-44.519,-23.2793],[-44.5392,-23.2664],[-44.5478,-23.2743],[-44.5526,-23.2706],[-44.5589,-23.2735],[-44.5827,-23.2689],[-44.5849,-23.2637],[-44.5752,-23.2516],[-44.575,-23.248],[-44.5786,-23.247],[-44.5605,-23.2312],[-44.5603,-23.2264],[-44.5753,-23.2336],[-44.5909,-23.2325],[-44.5992,-23.2365],[-44.5978,-23.2449],[-44.6212,-23.2586],[-44.6304,-23.2819],[-44.6382,-23.2901],[-44.643,-23.2887],[-44.6417,-23.2869],[-44.6463,-23.2901],[-44.6375,-23.3012],[-44.647,-23.3017],[-44.6498,-23.2952],[-44.6574,-23.2928],[-44.6412,-23.2762],[-44.6254,-23.2445],[-44.6129,-23.2345],[-44.6162,-23.2331],[-44.6321,-23.2403],[-44.6383,-23.234],[-44.6515,-23.235],[-44.6589,-23.2396],[-44.6639,-23.2479],[-44.6704,-23.2488],[-44.6676,-23.2455],[-44.6695,-23.2443],[-44.6803,-23.2527],[-44.6896,-23.2524],[-44.6788,-23.2457],[-44.6851,-23.242],[-44.6832,-23.2405],[-44.6782,-23.2427],[-44.6721,-23.2398],[-44.678,-23.2375],[-44.673,-23.2306],[-44.6667,-23.2351],[-44.6547,-23.2269],[-44.6571,-23.2238],[-44.6641,-23.2277],[-44.659,-23.2203],[-44.662,-23.2141],[-44.6571,-23.2147],[-44.6559,-23.2181],[-44.6527,-23.217],[-44.6516,-23.2222],[-44.6386,-23.2129],[-44.6408,-23.2193],[-44.6339,-23.217],[-44.6335,-23.2222],[-44.629,-23.224],[-44.6247,-23.2216],[-44.6237,-23.2157],[-44.6272,-23.2131],[-44.6236,-23.2074],[-44.6157,-23.2061],[-44.616,-23.2038],[-44.6264,-23.2027],[-44.6266,-23.1963],[-44.6437,-23.1964],[-44.6446,-23.1863],[-44.6544,-23.1907],[-44.6591,-23.2081],[-44.6636,-23.2061],[-44.6668,-23.2098],[-44.6675,-23.205],[-44.6704,-23.2104],[-44.6762,-23.2125],[-44.673,-23.2161],[-44.6773,-23.2199],[-44.6835,-23.224],[-44.6907,-23.2225],[-44.6948,-23.2326],[-44.713,-23.2343],[-44.7153,-23.2309],[-44.7119,-23.2269],[-44.7138,-23.2213],[-44.7091,-23.2193],[-44.7121,-23.2141],[-44.7103,-23.2115],[-44.7153,-23.2109],[-44.7211,-23.198],[-44.7065,-23.1853],[-44.7144,-23.1879],[-44.7161,-23.1824],[-44.7123,-23.1829],[-44.7077,-23.1741],[-44.7034,-23.1767],[-44.6983,-23.1745],[-44.699,-23.1684],[-44.7034,-23.1696],[-44.7071,-23.1658],[-44.707,-23.1581],[-44.696,-23.1535],[-44.693,-23.1464],[-44.6983,-23.1422],[-44.6991,-23.1307],[-44.6921,-23.1309],[-44.6885,-23.1251],[-44.6924,-23.1227],[-44.6973,-23.1243],[-44.6987,-23.1164],[-44.6942,-23.1065],[-44.6943,-23.0963],[-44.6912,-23.0908],[-44.6878,-23.0915],[-44.6907,-23.0831],[-44.6848,-23.0793],[-44.6871,-23.0758],[-44.6845,-23.0717],[-44.6761,-23.0703],[-44.678,-23.0631],[-44.6686,-23.0542],[-44.6564,-23.0523],[-44.6511,-23.0565],[-44.6453,-23.0468],[-44.6377,-23.0487],[-44.6384,-23.0525],[-44.6186,-23.0442],[-44.6132,-23.0466],[-44.6141,-23.0516],[-44.6115,-23.0478],[-44.6082,-23.0498],[-44.5954,-23.0453],[-44.5896,-23.0504],[-44.6,-23.062],[-44.5963,-23.064],[-44.5931,-23.0593],[-44.5839,-23.0582],[-44.5782,-23.0542],[-44.5764,-23.0484],[-44.569,-23.0469],[-44.5593,-23.0384],[-44.5305,-23.0271],[-44.5101,-23.0259],[-44.5035,-23.0298],[-44.4902,-23.0206],[-44.4841,-23.0085],[-44.4775,-23.0058],[-44.4696,-23.0111],[-44.4588,-23.0086],[-44.4594,-23.0167],[-44.4513,-23.0166],[-44.4485,-23.0252],[-44.4414,-23.0266],[-44.4309,-23.0195],[-44.4349,-23.0178],[-44.4405,-23.0205],[-44.441,-23.0154],[-44.4467,-23.0123],[-44.4435,-23.0064],[-44.425,-22.9979],[-44.43,-22.9935],[-44.4398,-22.9959],[-44.4412,-22.9922],[-44.4348,-22.9875],[-44.4371,-22.9834],[-44.4353,-22.98],[-44.4309,-22.9784],[-44.4373,-22.9737],[-44.4344,-22.963],[-44.4255,-22.9622],[-44.4276,-22.9582],[-44.4225,-22.9544],[-44.4242,-22.9523],[-44.4111,-22.9412],[-44.4093,-22.9502],[-44.4125,-22.9478],[-44.4156,-22.953],[-44.3999,-22.9505],[-44.4003,-22.9544],[-44.3973,-22.9553],[-44.3943,-22.9494],[-44.3927,-22.9523],[-44.3959,-22.9544],[-44.3893,-22.9516],[-44.3778,-22.9581],[-44.3868,-22.9689],[-44.3853,-22.9719],[-44.3807,-22.9671],[-44.3766,-22.9696],[-44.3732,-22.966],[-44.374,-22.9599],[-44.3664,-22.96],[-44.3619,-22.9547],[-44.3598,-22.9574],[-44.3495,-22.9458],[-44.3633,-22.941],[-44.3688,-22.9478],[-44.3697,-22.9438],[-44.3741,-22.9422],[-44.3712,-22.9428],[-44.3717,-22.9384],[-44.3606,-22.9311],[-44.3662,-22.9309],[-44.3609,-22.9256],[-44.3644,-22.9241],[-44.3587,-22.9235],[-44.3534,-22.9312],[-44.3475,-22.9237],[-44.3381,-22.9233],[-44.3363,-22.9277],[-44.3311,-22.9258],[-44.3292,-22.9326],[-44.3241,-22.9322],[-44.3259,-22.937],[-44.3207,-22.936],[-44.3227,-22.9421],[-44.3339,-22.9477],[-44.3297,-22.9566],[-44.3378,-22.9576],[-44.3327,-22.9677],[-44.3284,-22.9604],[-44.3189,-22.9565],[-44.313,-22.9597],[-44.3068,-22.9579],[-44.3083,-22.9613],[-44.3048,-22.9571],[-44.2999,-22.9587],[-44.3084,-22.9648],[-44.3118,-22.9789],[-44.3175,-22.9854],[-44.3217,-22.986],[-44.3234,-22.9821],[-44.3296,-22.9836],[-44.326,-22.9914],[-44.3277,-22.9951],[-44.333,-22.9957],[-44.3412,-22.9905],[-44.3549,-22.9985],[-44.3578,-23.0095],[-44.3628,-23.01],[-44.3596,-23.011],[-44.363,-23.0156],[-44.362,-23.0193],[-44.3576,-23.0207],[-44.3589,-23.023],[-44.3517,-23.022],[-44.3485,-23.0268],[-44.3519,-23.0302],[-44.347,-23.0302],[-44.3423,-23.023],[-44.3262,-23.0209],[-44.3278,-23.0147],[-44.3224,-23.0155],[-44.3184,-23.0109],[-44.3168,-23.0142],[-44.317,-23.0091],[-44.3014,-23.0022],[-44.2971,-23.0098],[-44.3065,-23.0236],[-44.2938,-23.0253],[-44.2897,-23.0237],[-44.2902,-23.0198],[-44.2845,-23.0146],[-44.2779,-23.0169],[-44.2799,-23.0142],[-44.2729,-23.0037],[-44.2657,-23.0016],[-44.2612,-23.0072],[-44.2509,-22.9978],[-44.2471,-23.0019],[-44.2454,-22.9995],[-44.2399,-23.0028],[-44.2382,-23.0081],[-44.2305,-23.0142],[-44.2241,-23.0107],[-44.2212,-23.014],[-44.225,-23.0214],[-44.2359,-23.0259],[-44.2439,-23.0443],[-44.2506,-23.0492],[-44.2457,-23.0495],[-44.2442,-23.0551],[-44.2376,-23.0565],[-44.2239,-23.0488],[-44.2193,-23.05],[-44.2014,-23.0383],[-44.1939,-23.041],[-44.1949,-23.0544],[-44.1861,-23.0529],[-44.1823,-23.0454],[-44.1784,-23.0505],[-44.1729,-23.0481],[-44.1712,-23.0456],[-44.1758,-23.0428],[-44.1768,-23.0378],[-44.1714,-23.0332],[-44.1602,-23.0318],[-44.1527,-23.041],[-44.1503,-23.036],[-44.13,-23.0325],[-44.1244,-23.0263],[-44.1133,-23.0232],[-44.0957,-23.0043],[-44.0961,-22.9956],[-44.083,-22.9936],[-44.0756,-22.973],[-44.0815,-22.9647],[-44.0788,-22.956],[-44.0743,-22.952],[-44.0631,-22.9497],[-44.0541,-22.9425],[-44.0487,-22.9413],[-44.0401,-22.9491],[-44.04,-22.9525],[-44.0458,-22.9563],[-44.0423,-22.9638],[-44.0528,-22.9733],[-44.056,-22.9806],[-44.0429,-22.9845],[-44.0325,-22.9804],[-44.0305,-22.9643],[-44.0223,-22.9632],[-44.0228,-22.9563],[-44.0133,-22.9515],[-44.0124,-22.9462],[-44.0059,-22.9421],[-43.9909,-22.9403],[-43.9896,-22.936],[-43.9764,-22.9314],[-43.9645,-22.9343],[-43.9496,-22.9269],[-43.94,-22.9304],[-43.9105,-22.931],[-43.8941,-22.9226],[-43.882,-22.9209],[-43.8799,-22.9116],[-43.8709,-22.9053],[-43.8423,-22.9019],[-43.8376,-22.9039],[-43.8406,-22.9068],[-43.839,-22.911],[-43.8457,-22.9172],[-43.8542,-22.9192],[-43.8506,-22.9203],[-43.8528,-22.9261],[-43.8482,-22.9287],[-43.8494,-22.9316],[-43.8457,-22.9295],[-43.8423,-22.9322],[-43.832,-22.9312],[-43.8102,-22.9176],[-43.8066,-22.919],[-43.8078,-22.9231],[-43.8014,-22.9245],[-43.8006,-22.9166],[-43.7968,-22.9165],[-43.7897,-22.9258],[-43.7843,-22.9243],[-43.7757,-22.9318],[-43.7684,-22.9326],[-43.7247,-22.9607],[-43.7187,-22.9667],[-43.7195,-22.9718],[-43.7141,-22.969],[-43.711,-22.9706],[-43.7001,-22.9861],[-43.6958,-22.9846],[-43.6897,-22.9918],[-43.6875,-22.986],[-43.6745,-22.9803],[-43.659,-22.9916],[-43.6523,-23.0013],[-43.6432,-23.0011],[-43.6388,-23.006],[-43.6229,-23.0079],[-43.6141,-23.0176],[-43.5996,-23.0229],[-43.5943,-23.0324],[-43.5854,-23.0352],[-43.5777,-23.0424],[-43.5786,-23.0451],[-43.5624,-23.0532],[-43.5616,-23.0582],[-43.5687,-23.0655],[-43.568,-23.0717],[-43.5725,-23.0731],[-43.5646,-23.0755],[-43.5541,-23.0726],[-43.5523,-23.0759],[-43.5492,-23.0728],[-43.5528,-23.0715],[-43.5489,-23.0607],[-43.5369,-23.0561],[-43.5344,-23.0503],[-43.508,-23.0473],[-43.5066,-23.042],[-43.4928,-23.0353],[-43.4776,-23.0317],[-43.4707,-23.0333],[-43.4628,-23.0278],[-43.4456,-23.0229],[-43.3879,-23.0131],[-43.3359,-23.0114],[-43.2963,-23.0168],[-43.2855,-23.015],[-43.2869,-23.0099],[-43.2747,-23.0023],[-43.2408,-23.0004],[-43.227,-22.9887],[-43.2082,-22.9872],[-43.1915,-22.9908],[-43.1843,-22.9854],[-43.1893,-22.9836],[-43.1853,-22.9742],[-43.1672,-22.9639],[-43.1596,-22.9644],[-43.1592,-22.9589],[-43.1644,-22.9547],[-43.1502,-22.9507],[-43.1558,-22.9433],[-43.152,-22.9417],[-43.1522,-22.9386],[-43.1625,-22.9438],[-43.17,-22.9523],[-43.1805,-22.9472],[-43.1782,-22.943],[-43.1743,-22.9442],[-43.1686,-22.9387],[-43.1713,-22.9324],[-43.1678,-22.9205],[-43.1727,-22.9166],[-43.1706,-22.9144],[-43.1616,-22.9168],[-43.1615,-22.9053],[-43.1718,-22.9029],[-43.1795,-22.8956],[-43.1791,-22.8923],[-43.1811,-22.8954],[-43.1962,-22.8921],[-43.2108,-22.8976],[-43.2161,-22.8867],[-43.2014,-22.8715],[-43.2099,-22.867],[-43.217,-22.8758],[-43.2188,-22.8721],[-43.2257,-22.8741],[-43.2262,-22.8692],[-43.2321,-22.8685],[-43.2435,-22.8421],[-43.2549,-22.8365],[-43.2669,-22.8235],[-43.2735,-22.8102],[-43.2713,-22.7948],[-43.2773,-22.789],[-43.2754,-22.7857],[-43.2786,-22.7805],[-43.2632,-22.763],[-43.264,-22.7606],[-43.2446,-22.7511],[-43.2445,-22.7469],[-43.2387,-22.7431],[-43.2167,-22.7373],[-43.2117,-22.7314],[-43.2146,-22.7286],[-43.213,-22.7266],[-43.1857,-22.7219],[-43.1549,-22.7084],[-43.1425,-22.7084],[-43.1347,-22.7145],[-43.1277,-22.715],[-43.1174,-22.7069],[-43.1157,-22.6964],[-43.1076,-22.6937],[-43.102,-22.6865],[-43.0884,-22.6832],[-43.0846,-22.677],[-43.0665,-22.6875],[-43.0547,-22.6847],[-43.0513,-22.6927],[-43.0326,-22.6938],[-43.037,-22.7015],[-43.0301,-22.7048],[-43.0356,-22.7114],[-43.0259,-22.7261],[-43.0292,-22.7263],[-43.0298,-22.733],[-43.0262,-22.7435],[-43.0643,-22.7651],[-43.0682,-22.7703],[-43.0684,-22.7786],[-43.0814,-22.7898],[-43.0791,-22.7989],[-43.0651,-22.8029],[-43.0828,-22.8206],[-43.0969,-22.8279],[-43.0956,-22.8377],[-43.1041,-22.8492],[-43.1005,-22.8511],[-43.1121,-22.8661],[-43.1117,-22.8775],[-43.1134,-22.865],[-43.1251,-22.8722],[-43.1164,-22.8753],[-43.1144,-22.8813],[-43.1197,-22.8827],[-43.1219,-22.8778],[-43.1282,-22.8764],[-43.1342,-22.8813],[-43.1289,-22.8918],[-43.1244,-22.8925],[-43.127,-22.896],[-43.1357,-22.8977],[-43.1364,-22.9034],[-43.131,-22.9113],[-43.1239,-22.9052],[-43.118,-22.9044],[-43.1104,-22.9111],[-43.1107,-22.9155],[-43.0956,-22.9159],[-43.0986,-22.9316],[-43.1053,-22.9357],[-43.1119,-22.9353],[-43.1141,-22.9326],[-43.1122,-22.9293],[-43.1171,-22.9307],[-43.1214,-22.9223],[-43.1247,-22.9238],[-43.1232,-22.9303],[-43.1268,-22.9318],[-43.1259,-22.9341],[-43.1351,-22.9384],[-43.1166,-22.9373],[-43.1156,-22.9412],[-43.1203,-22.9455],[-43.1134,-22.945],[-43.1111,-22.9501],[-43.1143,-22.951],[-43.1104,-22.9536],[-43.0725,-22.9568],[-43.0698,-22.96],[-43.0519,-22.9636],[-43.0457,-22.9725],[-43.0516,-22.9774],[-43.0508,-22.9818],[-43.0398,-22.9745],[-43.03,-22.9758],[-43.0284,-22.9808],[-43.0244,-22.9805],[-43.024,-22.9754],[-43.0143,-22.9772],[-43.0129,-22.9711],[-43.0072,-22.9699],[-42.9668,-22.97],[-42.9138,-22.9748],[-42.8707,-22.9656],[-42.7275,-22.9562],[-42.7002,-22.9569],[-42.69,-22.9621],[-42.6824,-22.957],[-42.6818,-22.9472],[-42.6745,-22.9437],[-42.5982,-22.9334],[-42.5093,-22.9338],[-42.4966,-22.935],[-42.492,-22.9383],[-42.4558,-22.9349],[-42.3628,-22.9354],[-42.2004,-22.9435],[-42.0739,-22.9555],[-42.0379,-22.9672],[-42.0323,-22.9738],[-42.0352,-22.979],[-42.0197,-22.9841],[-42.0128,-22.9974],[-42.0128,-22.9879],[-42.008,-22.9841],[-42.0132,-22.9778],[-42.0197,-22.9791],[-42.0199,-22.9714],[-42.0137,-22.9713],[-42.0162,-22.9681],[-42.0133,-22.964],[-42.0035,-22.9697],[-42.0027,-22.9656],[-41.9948,-22.962],[-41.9993,-22.9585],[-42.0071,-22.9622],[-42.0095,-22.96],[-42.0077,-22.9541],[-42.0019,-22.9499],[-42.0125,-22.9531],[-42.018,-22.9601],[-42.0224,-22.9609],[-42.0268,-22.9563],[-42.0227,-22.9466],[-42.0337,-22.9452],[-42.0373,-22.9217],[-42.0287,-22.8984],[-42.0133,-22.8832],[-42.0074,-22.884],[-42.0024,-22.89],[-41.9969,-22.8837],[-41.9898,-22.8827],[-41.9839,-22.8739],[-41.98,-22.8738],[-41.9833,-22.8693],[-41.9786,-22.8652],[-41.9833,-22.8659],[-41.9867,-22.8548],[-41.9796,-22.8354],[-41.9709,-22.8234],[-41.9506,-22.8135],[-41.9428,-22.814],[-41.9403,-22.8094],[-41.9332,-22.8098],[-41.9284,-22.8145],[-41.9254,-22.8081],[-41.9302,-22.8067],[-41.9303,-22.8009],[-41.9218,-22.7871],[-41.908,-22.7782],[-41.9035,-22.7803],[-41.9031,-22.7838],[-41.8987,-22.7814],[-41.8964,-22.7858],[-41.8872,-22.7773],[-41.8834,-22.7849],[-41.8822,-22.7775],[-41.8886,-22.7735],[-41.8879,-22.7696],[-41.8833,-22.769],[-41.8788,-22.7751],[-41.8764,-22.7615],[-41.8729,-22.766],[-41.8719,-22.762],[-41.8662,-22.7619],[-41.8638,-22.755],[-41.8736,-22.7541],[-41.8683,-22.7427],[-41.8738,-22.7378],[-41.8746,-22.7418],[-41.8819,-22.7411],[-41.8818,-22.7496],[-41.8859,-22.7544],[-41.894,-22.7544],[-41.8986,-22.7497],[-41.9011,-22.7553],[-41.9104,-22.7557],[-41.908,-22.7631],[-41.9106,-22.7684],[-41.916,-22.7714],[-41.9254,-22.7705],[-41.9412,-22.7597],[-41.9594,-22.7325],[-41.9671,-22.7324],[-41.9798,-22.7249],[-41.9876,-22.7112],[-41.998,-22.664],[-41.9979,-22.6095],[-41.9945,-22.5987],[-41.9895,-22.5988],[-41.9755,-22.554],[-41.9617,-22.5345],[-41.9437,-22.528],[-41.9371,-22.5334],[-41.9378,-22.5364],[-41.9327,-22.5375],[-41.9239,-22.5302],[-41.9126,-22.5111],[-41.8933,-22.4885],[-41.8863,-22.4858],[-41.8767,-22.4878],[-41.8729,-22.481],[-41.8627,-22.4756],[-41.8547,-22.4498],[-41.8391,-22.4326],[-41.7864,-22.3976],[-41.7683,-22.3895],[-41.7674,-22.3861],[-41.7711,-22.3845],[-41.7665,-22.3782],[-41.7679,-22.375],[-41.7744,-22.3752],[-41.7771,-22.3707],[-41.7655,-22.3546],[-41.7392,-22.3391],[-41.7066,-22.312],[-41.6743,-22.2913],[-41.5943,-22.2554],[-41.4938,-22.2154],[-41.2766,-22.1571],[-41.2115,-22.1357],[-41.1457,-22.1042],[-41.1342,-22.0967],[-41.134,-22.0923],[-41.1265,-22.0862],[-41.0097,-22.0246],[-40.9877,-22.0064],[-40.9761,-21.9737],[-40.9752,-21.941],[-40.9917,-21.8723],[-40.994,-21.8487],[-40.9991,-21.8412],[-41.0243,-21.7286],[-41.0227,-21.6854],[-41.0123,-21.621],[-41.0276,-21.6231],[-41.0306,-21.6204],[-41.0469,-21.6191],[-41.0502,-21.6157],[-41.046,-21.6066],[-41.0653,-21.554],[-41.0502,-21.5866],[-41.0477,-21.5866],[-41.0726,-21.5256],[-41.0729,-21.5121],[-41.0689,-21.4976],[-41.0573,-21.4789],[-41.0376,-21.4622],[-41.0206,-21.4418],[-40.9971,-21.3989],[-40.9826,-21.3916],[-40.9614,-21.3605],[-40.9646,-21.3398],[-40.9579,-21.3114],[-40.961,-21.3011],[-40.958,-21.3011],[-40.962,-21.2654],[-40.953,-21.2353],[-40.9146,-21.1727],[-40.8921,-21.156],[-40.8805,-21.142],[-40.8584,-21.1276],[-40.8298,-21.0476],[-40.8121,-21.0331],[-40.8073,-21.0096],[-40.8007,-21.0046],[-40.8054,-21.0058],[-40.8111,-20.9862],[-40.8087,-20.9593],[-40.8035,-20.9417],[-40.795,-20.9252],[-40.777,-20.9043],[-40.773,-20.8928],[-40.7643,-20.889],[-40.7585,-20.8785],[-40.7615,-20.8741],[-40.7547,-20.8587],[-40.7395,-20.8456],[-40.7255,-20.8421],[-40.7248,-20.8458],[-40.7197,-20.8464],[-40.7072,-20.8372],[-40.6936,-20.8344],[-40.6906,-20.8281],[-40.6724,-20.8213],[-40.671,-20.8175],[-40.6658,-20.8163],[-40.6653,-20.812],[-40.6589,-20.811],[-40.6533,-20.8059],[-40.6307,-20.8167],[-40.6283,-20.8203],[-40.6329,-20.8337],[-40.6308,-20.8412],[-40.6279,-20.841],[-40.6154,-20.8243],[-40.6078,-20.806],[-40.5905,-20.8019],[-40.5865,-20.8066],[-40.582,-20.8025],[-40.5811,-20.7947],[-40.5749,-20.788],[-40.5759,-20.7738],[-40.5592,-20.7493],[-40.5416,-20.7383],[-40.5365,-20.7396],[-40.5365,-20.7446],[-40.5312,-20.7335],[-40.5279,-20.7362],[-40.5253,-20.734],[-40.5283,-20.733],[-40.5272,-20.7291],[-40.5201,-20.7297],[-40.5246,-20.7245],[-40.5156,-20.7081],[-40.5131,-20.6963],[-40.5015,-20.6798],[-40.5018,-20.6762],[-40.4961,-20.6751],[-40.4966,-20.6719],[-40.4915,-20.6689],[-40.4941,-20.6649],[-40.4972,-20.666],[-40.4968,-20.6623],[-40.4806,-20.6524],[-40.4736,-20.6552],[-40.4758,-20.66],[-40.4685,-20.6605],[-40.4658,-20.6535],[-40.4727,-20.6523],[-40.4681,-20.6457],[-40.4648,-20.6462],[-40.4698,-20.6421],[-40.468,-20.6373],[-40.4702,-20.6343],[-40.4661,-20.6317],[-40.4641,-20.6238],[-40.4493,-20.6256],[-40.4449,-20.6314],[-40.4507,-20.6364],[-40.4377,-20.6342],[-40.4349,-20.6355],[-40.4345,-20.6417],[-40.4289,-20.6355],[-40.4235,-20.6365],[-40.4263,-20.6342],[-40.4255,-20.6293],[-40.4046,-20.5993],[-40.4028,-20.5826],[-40.3945,-20.5617],[-40.3686,-20.5223],[-40.3588,-20.5187],[-40.3593,-20.5087],[-40.352,-20.4956],[-40.3466,-20.4763],[-40.3185,-20.4255],[-40.3224,-20.4194],[-40.3128,-20.3894],[-40.2971,-20.3639],[-40.2836,-20.3536],[-40.2802,-20.3357],[-40.2717,-20.3284],[-40.268,-20.3292],[-40.267,-20.324],[-40.2722,-20.3243],[-40.2804,-20.3134],[-40.2763,-20.3099],[-40.2856,-20.3099],[-40.2904,-20.3067],[-40.2898,-20.3029],[-40.2824,-20.3046],[-40.2762,-20.3003],[-40.2906,-20.3015],[-40.2843,-20.2944],[-40.2889,-20.2941],[-40.2891,-20.2838],[-40.2775,-20.2721],[-40.2588,-20.2658],[-40.254,-20.2684],[-40.2429,-20.2903],[-40.2375,-20.295],[-40.2313,-20.2914],[-40.2344,-20.2763],[-40.2309,-20.2667],[-40.2204,-20.2565],[-40.2247,-20.2535],[-40.2149,-20.2426],[-40.2143,-20.2328],[-40.1985,-20.2161],[-40.1981,-20.2083],[-40.1902,-20.1933],[-40.1916,-20.1841],[-40.1838,-20.1673],[-40.1816,-20.1346],[-40.172,-20.1082],[-40.1738,-20.0749],[-40.1918,-20.0545],[-40.1836,-20.0397],[-40.1737,-20.0367],[-40.1637,-20.0389],[-40.1589,-20.0359],[-40.1583,-20.0165],[-40.1492,-20.0068],[-40.147,-19.9883],[-40.1427,-19.9854],[-40.1368,-19.9698],[-40.1326,-19.9662],[-40.1406,-19.9542],[-40.1533,-19.9534],[-40.153,-19.9499],[-40.0994,-19.9187],[-40.0983,-19.9055],[-40.0891,-19.8926],[-40.0845,-19.8784],[-40.0604,-19.8486],[-40.0625,-19.8442],[-40.0605,-19.8404],[-40.0543,-19.8432],[-40.0587,-19.8285],[-40.052,-19.8102],[-40.0251,-19.7781],[-39.989,-19.7437],[-39.9395,-19.7046],[-39.9043,-19.6829],[-39.8632,-19.665],[-39.8273,-19.6545],[-39.819,-19.6557],[-39.8108,-19.6496],[-39.809,-19.6342],[-39.7668,-19.5509],[-39.7305,-19.4684],[-39.7061,-19.4016],[-39.6965,-19.3669],[-39.6891,-19.3049],[-39.6915,-19.2732],[-39.7133,-19.1465],[-39.7368,-18.9557],[-39.7428,-18.9361],[-39.7498,-18.8381],[-39.7451,-18.6861],[-39.7407,-18.6505],[-39.7284,-18.6111],[-39.7306,-18.5783],[-39.7282,-18.5183],[-39.7148,-18.4619],[-39.6888,-18.39],[-39.6694,-18.3507],[-39.6715,-18.3484],[-39.6687,-18.3387],[-39.6695,-18.3485],[-39.6582,-18.3232],[-39.6596,-18.3178],[-39.6523,-18.295],[-39.653,-18.2865],[-39.6378,-18.2487],[-39.6354,-18.2323],[-39.586,-18.1469],[-39.549,-18.1019],[-39.5495,-18.0947],[-39.5402,-18.0757],[-39.4977,-18.0065],[-39.4688,-17.9712],[-39.4301,-17.9362],[-39.4039,-17.9207],[-39.3619,-17.9054],[-39.3594,-17.902],[-39.3644,-17.8908],[-39.3303,-17.8933],[-39.3181,-17.8911],[-39.2711,-17.8664],[-39.2662,-17.86],[-39.2671,-17.8494],[-39.2585,-17.8273],[-39.2354,-17.7995],[-39.206,-17.7727],[-39.2037,-17.7611],[-39.2081,-17.7473],[-39.1912,-17.7421],[-39.1356,-17.6895],[-39.1808,-17.622],[-39.1939,-17.5824],[-39.1879,-17.5707],[-39.1917,-17.446],[-39.2056,-17.4024],[-39.2029,-17.3964],[-39.2166,-17.3407],[-39.2211,-17.3018],[-39.2195,-17.2657],[-39.2129,-17.2395],[-39.2121,-17.1613],[-39.198,-17.1272],[-39.1865,-17.1194],[-39.182,-17.1124],[-39.179,-17.0946],[-39.1802,-17.0798],[-39.1765,-17.0659],[-39.1716,-17.0636],[-39.1701,-17.0588],[-39.1741,-17.054],[-39.1722,-17.013],[-39.1555,-16.9804],[-39.1515,-16.9422],[-39.1237,-16.9043],[-39.1071,-16.8964],[-39.1249,-16.8888],[-39.1419,-16.8687],[-39.1455,-16.8088],[-39.1416,-16.7615],[-39.1377,-16.75],[-39.1337,-16.7517],[-39.1277,-16.7468],[-39.1263,-16.7321],[-39.1159,-16.7197],[-39.1159,-16.7145],[-39.107,-16.7089],[-39.1074,-16.7028],[-39.1038,-16.6981],[-39.1029,-16.6674],[-39.099,-16.6573],[-39.0934,-16.653],[-39.0963,-16.6446],[-39.0901,-16.6285],[-39.0944,-16.6091],[-39.0876,-16.5909],[-39.0857,-16.5498],[-39.0668,-16.4817],[-39.0619,-16.4734],[-39.0602,-16.459],[-39.0652,-16.4552],[-39.0611,-16.4483],[-39.0597,-16.4286],[-39.0337,-16.3874],[-39.0245,-16.3803],[-39.0088,-16.3749],[-39.013,-16.3549],[-39.0062,-16.3426],[-39.0061,-16.3328],[-39.0148,-16.3298],[-39.0204,-16.324],[-39.0237,-16.3043],[-39.0219,-16.2853],[-39.01,-16.2518],[-39.0111,-16.2458],[-38.9895,-16.2204],[-38.9747,-16.2139],[-38.9718,-16.1987],[-38.9585,-16.1801],[-38.9571,-16.1675],[-38.9481,-16.1557],[-38.9567,-16.1291],[-38.952,-16.097],[-38.9474,-16.0908],[-38.9422,-16.0664],[-38.9307,-16.0363],[-38.9244,-16.029],[-38.9025,-15.9636],[-38.8528,-15.8494],[-38.8547,-15.8333],[-38.8708,-15.814],[-38.8906,-15.7736],[-38.9104,-15.725],[-38.9098,-15.7204],[-38.9173,-15.716],[-38.9349,-15.6654],[-38.9405,-15.5976],[-38.9442,-15.5918],[-38.9422,-15.5394],[-38.9467,-15.4983],[-38.9728,-15.388],[-38.9862,-15.3029],[-38.9931,-15.2942],[-38.9908,-15.2882],[-38.9967,-15.2146],[-38.9949,-15.1502],[-38.9976,-14.9867],[-39.01,-14.9404],[-39.0138,-14.9373],[-39.0187,-14.9202],[-39.0236,-14.862],[-39.0232,-14.8062],[-39.0295,-14.8029],[-39.0277,-14.7829],[-39.0379,-14.7843],[-39.0551,-14.7766],[-39.0525,-14.7729],[-39.0622,-14.747],[-39.065,-14.7085],[-39.0616,-14.625],[-39.0351,-14.5316],[-39.0327,-14.4875],[-39.0262,-14.4683],[-39.0074,-14.3715],[-38.9998,-14.3565],[-39.0016,-14.3445],[-38.991,-14.3136],[-38.9874,-14.3116],[-38.9887,-14.3086],[-38.9799,-14.2937],[-38.9849,-14.2882],[-38.9844,-14.275],[-38.9922,-14.2739],[-38.9949,-14.2664],[-38.9936,-14.2389],[-38.9878,-14.2205],[-38.9903,-14.2017],[-38.9858,-14.1819],[-38.9779,-14.1681],[-38.9783,-14.1548],[-38.9669,-14.1097],[-38.9546,-14.0769],[-38.9549,-14.0656],[-38.9429,-14.0152],[-38.9433,-13.9971],[-38.9277,-13.9398],[-38.9305,-13.932],[-38.9288,-13.9068],[-38.9363,-13.8867],[-38.947,-13.8793],[-38.9854,-13.8247],[-38.9942,-13.8049],[-39.0003,-13.7757],[-38.9977,-13.7476],[-38.9846,-13.7096],[-38.9629,-13.6867],[-38.9681,-13.6827],[-38.9715,-13.6721],[-38.9508,-13.6705],[-38.9441,-13.662],[-38.9272,-13.6577],[-38.9212,-13.6609],[-38.9211,-13.6664],[-38.9147,-13.6758],[-38.8985,-13.666],[-38.8997,-13.6585],[-38.8932,-13.6561],[-38.8915,-13.6515],[-38.8911,-13.6405],[-38.9067,-13.6197],[-38.9046,-13.6164],[-38.9067,-13.6094],[-38.9018,-13.5998],[-38.9061,-13.596],[-38.9081,-13.5974],[-38.9145,-13.5897],[-38.9147,-13.579],[-38.9214,-13.5798],[-38.9302,-13.5737],[-38.9335,-13.5554],[-38.9256,-13.5128],[-38.9116,-13.498],[-38.9109,-13.4932],[-38.917,-13.4838],[-38.9162,-13.4766],[-38.904,-13.473],[-38.8924,-13.4606],[-38.8935,-13.4557],[-38.8912,-13.455],[-38.9056,-13.4273],[-38.9076,-13.3959],[-38.9049,-13.3864],[-38.9156,-13.3739],[-38.9462,-13.3989],[-38.964,-13.3569],[-38.9675,-13.337],[-38.9661,-13.3074],[-38.9634,-13.2875],[-38.9536,-13.2564],[-38.9429,-13.236],[-38.9292,-13.2184],[-38.9202,-13.2138],[-38.9079,-13.2126],[-38.9035,-13.2063],[-38.8672,-13.1862],[-38.8558,-13.1707],[-38.8348,-13.1557],[-38.8131,-13.1462],[-38.803,-13.1457],[-38.8038,-13.1418],[-38.7908,-13.1328],[-38.7825,-13.1312],[-38.7623,-13.1189],[-38.7459,-13.0914],[-38.7355,-13.0896],[-38.7243,-13.0721],[-38.7126,-13.0611],[-38.6975,-13.0565],[-38.6722,-13.0377],[-38.6587,-13.0344],[-38.6433,-13.0153],[-38.5278,-13.0099],[-38.4927,-13.0117],[-38.4884,-13.0173],[-38.4687,-13.0149],[-38.4467,-12.9993],[-38.4407,-12.9983],[-38.4265,-12.9815],[-38.3873,-12.9568],[-38.3644,-12.9507],[-38.359,-12.9562],[-38.3535,-12.9571],[-38.3421,-12.9503],[-38.3175,-12.9284],[-38.2802,-12.8807],[-38.269,-12.8762],[-38.2437,-12.8525],[-38.2324,-12.8361],[-38.2082,-12.8116],[-38.1902,-12.7852],[-38.1753,-12.7736],[-38.1234,-12.7074],[-38.0873,-12.6741],[-38.0741,-12.6565],[-38.0481,-12.6361],[-38.0409,-12.6104],[-38.023,-12.5892],[-38.0015,-12.578],[-37.9835,-12.5473],[-37.973,-12.5211],[-37.9528,-12.4894],[-37.8822,-12.3941],[-37.8256,-12.3096],[-37.7694,-12.2384],[-37.6911,-12.1085],[-37.6101,-11.9557],[-37.5127,-11.7396],[-37.4063,-11.5366],[-37.3842,-11.5036],[-37.3492,-11.4621],[-37.3492,-11.4528],[-37.3452,-11.4489],[-37.3472,-11.4477],[-37.3248,-11.436],[-37.3122,-11.423],[-37.3095,-11.3944],[-37.3034,-11.3736],[-37.2665,-11.2994],[-37.207,-11.2229],[-37.1661,-11.1825],[-37.1532,-11.1607],[-37.144,-11.1339],[-37.1329,-11.1141],[-37.0715,-11.0241],[-37.0354,-10.9798],[-37.034,-10.9562],[-37.0261,-10.9514],[-37.0079,-10.9212],[-36.9612,-10.8612],[-36.9306,-10.8308],[-36.9128,-10.8073],[-36.8581,-10.7487],[-36.7844,-10.6882],[-36.7347,-10.6581],[-36.6729,-10.6308],[-36.6127,-10.5884],[-36.5848,-10.5725],[-36.5762,-10.5718],[-36.4368,-10.5171],[-36.4088,-10.5127],[-36.3986,-10.4985],[-36.3877,-10.4986],[-36.3269,-10.3921],[-36.3116,-10.3709],[-36.2938,-10.3555],[-36.3014,-10.3446],[-36.3019,-10.3243],[-36.2938,-10.3046],[-36.2761,-10.2803],[-36.2382,-10.2467],[-36.2151,-10.2201],[-36.1866,-10.2],[-36.1751,-10.181],[-36.1529,-10.1609],[-36.1516,-10.1564],[-36.14,-10.1557],[-36.1358,-10.1614],[-36.1338,-10.1598],[-36.1227,-10.14],[-36.1093,-10.1301],[-36.1044,-10.117],[-36.0883,-10.094],[-36.0697,-10.0848],[-36.058,-10.0843],[-36.0461,-10.0754],[-36.0423,-10.064],[-36.0268,-10.0456],[-36.0044,-10.0048],[-35.9752,-9.9665],[-35.963,-9.9412],[-35.9379,-9.9024],[-35.9072,-9.8748],[-35.9025,-9.8467],[-35.8853,-9.8347],[-35.8569,-9.7901],[-35.8223,-9.7478],[-35.8178,-9.7372],[-35.8193,-9.7332],[-35.8163,-9.7346],[-35.8044,-9.7224],[-35.8059,-9.7159],[-35.7956,-9.7173],[-35.7611,-9.6832],[-35.7459,-9.6735],[-35.7273,-9.6727],[-35.723,-9.6756],[-35.7232,-9.6807],[-35.7245,-9.6832],[-35.7297,-9.6826],[-35.7237,-9.6847],[-35.71,-9.6662],[-35.6953,-9.6648],[-35.6996,-9.6488],[-35.6931,-9.6242],[-35.6769,-9.6004],[-35.6576,-9.5813],[-35.6508,-9.5685],[-35.6343,-9.5548],[-35.6168,-9.5471],[-35.6071,-9.5328],[-35.5988,-9.5295],[-35.5928,-9.5308],[-35.5872,-9.5116],[-35.5585,-9.4875],[-35.5543,-9.475],[-35.5342,-9.4565],[-35.5304,-9.4568],[-35.5275,-9.4457],[-35.5217,-9.4411],[-35.5132,-9.4399],[-35.5,-9.4217],[-35.5044,-9.4195],[-35.4986,-9.416],[-35.4951,-9.3906],[-35.4822,-9.3682],[-35.4597,-9.3441],[-35.4409,-9.3388],[-35.4359,-9.3265],[-35.4164,-9.3215],[-35.415,-9.3196],[-35.4194,-9.3148],[-35.3973,-9.3031],[-35.3935,-9.2936],[-35.3732,-9.2767],[-35.3541,-9.2552],[-35.3394,-9.2297],[-35.3297,-9.2214],[-35.3197,-9.199],[-35.3077,-9.1941],[-35.3028,-9.188],[-35.2948,-9.1713],[-35.2958,-9.1559],[-35.2895,-9.157],[-35.2854,-9.1513],[-35.2872,-9.1437],[-35.2847,-9.132],[-35.2799,-9.1255],[-35.2702,-9.1225],[-35.2682,-9.114],[-35.2591,-9.1007],[-35.2563,-9.0883],[-35.2451,-9.0793],[-35.2398,-9.068],[-35.2391,-9.0494],[-35.225,-9.0264],[-35.223,-9.0174],[-35.2022,-8.9935],[-35.1811,-8.9774],[-35.1667,-8.9349],[-35.152,-8.9157],[-35.1514,-8.9073],[-35.1443,-8.8995],[-35.141,-8.8839],[-35.1292,-8.8666],[-35.1343,-8.8427],[-35.1326,-8.8305],[-35.1177,-8.8019],[-35.1038,-8.7901],[-35.1061,-8.7732],[-35.1037,-8.7654],[-35.0941,-8.7584],[-35.0861,-8.7467],[-35.0891,-8.7256],[-35.0787,-8.7104],[-35.079,-8.7036],[-35.0903,-8.695],[-35.084,-8.6816],[-35.0711,-8.6717],[-35.0727,-8.6558],[-35.055,-8.6195],[-35.0477,-8.6127],[-35.0492,-8.6057],[-35.0449,-8.6052],[-35.0454,-8.5938],[-35.0389,-8.5859],[-35.0361,-8.5749],[-35.0226,-8.561],[-35.0138,-8.5606],[-35.0077,-8.5644],[-35.0087,-8.5544],[-35.0031,-8.5483],[-35.0066,-8.5238],[-35,-8.5085],[-35.0024,-8.4972],[-35.0004,-8.4879],[-34.9837,-8.4581],[-34.9803,-8.4393],[-34.962,-8.3993],[-34.9599,-8.4002],[-34.9581,-8.3962],[-34.9618,-8.3986],[-34.9621,-8.3943],[-34.9806,-8.3811],[-34.9696,-8.3797],[-34.9709,-8.3695],[-34.9677,-8.3685],[-34.9661,-8.3726],[-34.9586,-8.3649],[-34.9556,-8.3562],[-34.9439,-8.3586],[-34.9397,-8.3517],[-34.9406,-8.3453],[-34.9484,-8.3423],[-34.9503,-8.3368],[-34.9499,-8.3217],[-34.9422,-8.3042],[-34.9521,-8.2977],[-34.9453,-8.2638],[-34.9375,-8.2462],[-34.9246,-8.2313],[-34.9285,-8.2242],[-34.9178,-8.212],[-34.9177,-8.1857],[-34.9122,-8.1644],[-34.8663,-8.0572],[-34.859,-8.0472],[-34.8641,-8.0407],[-34.8624,-8.0341],[-34.8404,-8.0081],[-34.8371,-7.9858],[-34.8228,-7.9425],[-34.8201,-7.923],[-34.8249,-7.904],[-34.8237,-7.8882],[-34.8339,-7.8691],[-34.8379,-7.84],[-34.841,-7.8408],[-34.8411,-7.8451],[-34.8443,-7.8411],[-34.8451,-7.8164],[-34.845,-7.8131],[-34.8371,-7.8095],[-34.8362,-7.7881],[-34.8232,-7.7517],[-34.8235,-7.7352],[-34.8257,-7.7255],[-34.8309,-7.7239],[-34.8316,-7.7005],[-34.8482,-7.6878],[-34.8423,-7.6819],[-34.8336,-7.6831],[-34.8228,-7.6507],[-34.8088,-7.6302],[-34.8067,-7.621],[-34.8251,-7.5919],[-34.8391,-7.5539],[-34.8339,-7.5486],[-34.826,-7.5507],[-34.8239,-7.5468],[-34.8196,-7.5291],[-34.8093,-7.5123],[-34.8138,-7.4964],[-34.8133,-7.4858],[-34.8039,-7.4713],[-34.8107,-7.4588],[-34.8104,-7.4449],[-34.7945,-7.333],[-34.8026,-7.3132],[-34.7985,-7.3037],[-34.8013,-7.296],[-34.7989,-7.2779],[-34.8049,-7.2621],[-34.8059,-7.2427],[-34.8035,-7.2138],[-34.7947,-7.1942],[-34.7961,-7.1741],[-34.7932,-7.1546],[-34.7968,-7.147],[-34.8092,-7.1455],[-34.8187,-7.1362],[-34.8225,-7.1261],[-34.8214,-7.1112],[-34.833,-7.0961],[-34.8296,-7.0753],[-34.842,-7.059],[-34.8403,-7.0448],[-34.8296,-7.0307],[-34.8255,-7.0058],[-34.8301,-6.9662],[-34.8431,-6.9624],[-34.8342,-6.9876],[-34.8349,-7.0049],[-34.8382,-7.0117],[-34.859,-7.0297],[-34.8653,-7.0296],[-34.8706,-7.0113],[-34.8737,-6.9854],[-34.8673,-6.9762],[-34.8548,-6.968],[-34.8662,-6.9355],[-34.8634,-6.9205],[-34.8539,-6.9006],[-34.8671,-6.898],[-34.8799,-6.8907],[-34.8972,-6.8687],[-34.9112,-6.8262],[-34.9189,-6.7707],[-34.9323,-6.765],[-34.9334,-6.7564],[-34.9405,-6.754],[-34.928,-6.7404],[-34.9341,-6.7291],[-34.9315,-6.7211],[-34.9339,-6.6975],[-34.9305,-6.689],[-34.9455,-6.6823],[-34.9527,-6.6726],[-34.9631,-6.6311],[-34.9676,-6.4903],[-34.9692,-6.4706],[-34.9729,-6.4621],[-34.9738,-6.4468],[-34.9708,-6.4383],[-34.974,-6.4334],[-34.9749,-6.4196],[-34.9908,-6.3721],[-34.9976,-6.3712],[-35.003,-6.366],[-35.0151,-6.3694],[-35.0262,-6.3543],[-35.0328,-6.3192],[-35.033,-6.2756],[-35.0376,-6.2673],[-35.036,-6.2354],[-35.0426,-6.2263],[-35.0601,-6.2272],[-35.0659,-6.2212],[-35.0724,-6.2207],[-35.0793,-6.2078],[-35.0827,-6.1888],[-35.0905,-6.18],[-35.0929,-6.1844],[-35.095,-6.1824],[-35.1003,-6.1107],[-35.1005,-6.0738],[-35.0963,-6.0573],[-35.106,-6.0541],[-35.1094,-6.0456],[-35.1063,-6.0065],[-35.1111,-5.9998],[-35.1136,-5.9867],[-35.121,-5.9817],[-35.1291,-5.9671],[-35.143,-5.9647],[-35.1489,-5.9582],[-35.157,-5.9218],[-35.1539,-5.883],[-35.1601,-5.8797],[-35.1672,-5.883],[-35.1781,-5.8687],[-35.1813,-5.8365],[-35.1793,-5.7989],[-35.1924,-5.7816],[-35.1945,-5.7549],[-35.2011,-5.7521],[-35.2035,-5.7473],[-35.2004,-5.7209],[-35.1922,-5.7006],[-35.1961,-5.6931],[-35.2045,-5.6933],[-35.2162,-5.6764],[-35.2178,-5.645],[-35.217,-5.6315],[-35.2145,-5.63],[-35.2211,-5.6298],[-35.2254,-5.6225],[-35.2262,-5.581],[-35.2283,-5.5751],[-35.2366,-5.5708],[-35.2484,-5.5461],[-35.2483,-5.5286],[-35.2514,-5.5216],[-35.2481,-5.5154],[-35.2546,-5.5178],[-35.2592,-5.5108],[-35.2594,-5.4823],[-35.2728,-5.4791],[-35.2822,-5.4644],[-35.288,-5.4606],[-35.2924,-5.427],[-35.298,-5.4259],[-35.3027,-5.4168],[-35.3086,-5.4138],[-35.3102,-5.3901],[-35.3194,-5.3778],[-35.3229,-5.3773],[-35.326,-5.3813],[-35.3354,-5.3794],[-35.3511,-5.3625],[-35.3583,-5.345],[-35.3673,-5.2932],[-35.3955,-5.246],[-35.4167,-5.221],[-35.4589,-5.197],[-35.4678,-5.1791],[-35.4804,-5.164],[-35.4895,-5.157],[-35.5177,-5.1511],[-35.5476,-5.1387],[-35.572,-5.1343],[-35.6171,-5.114],[-35.6234,-5.1192],[-35.639,-5.1195],[-35.6974,-5.1015],[-35.7062,-5.1041],[-35.718,-5.0973],[-35.7588,-5.0888],[-35.7839,-5.0755],[-35.7947,-5.0776],[-35.8036,-5.0729],[-35.8296,-5.0752],[-35.8597,-5.0676],[-35.8792,-5.068],[-35.9197,-5.0567],[-35.9483,-5.0444],[-35.9785,-5.0416],[-35.9843,-5.0456],[-36.0038,-5.0453],[-36.0135,-5.0494],[-36.0396,-5.0515],[-36.0401,-5.0551],[-36.0488,-5.0607],[-36.0801,-5.0663],[-36.1255,-5.0915],[-36.1605,-5.0965],[-36.2467,-5.0959],[-36.2901,-5.0877],[-36.3088,-5.1024],[-36.3316,-5.087],[-36.3413,-5.0851],[-36.3721,-5.0892],[-36.3839,-5.0876],[-36.4492,-5.0664],[-36.4745,-5.0694],[-36.5032,-5.0618],[-36.5344,-5.0712],[-36.5425,-5.0787],[-36.5423,-5.0885],[-36.5752,-5.0858],[-36.5812,-5.089],[-36.5845,-5.0845],[-36.6104,-5.0784],[-36.6141,-5.0808],[-36.6099,-5.0826],[-36.6087,-5.0878],[-36.6134,-5.0943],[-36.6797,-5.0844],[-36.6887,-5.0883],[-36.7291,-5.0772],[-36.7371,-5.065],[-36.766,-5.05],[-36.7737,-5.0528],[-36.7775,-5.0456],[-36.7866,-5.0448],[-36.7992,-5.0372],[-36.8295,-5.0068],[-36.866,-4.9592],[-36.8785,-4.9506],[-36.9009,-4.9517],[-36.9188,-4.9465],[-36.96,-4.9186],[-36.9789,-4.9316],[-37.0019,-4.9287],[-37.0081,-4.9355],[-37.0373,-4.9499],[-37.054,-4.9466],[-37.0809,-4.9297],[-37.1069,-4.9223],[-37.1273,-4.9362],[-37.1439,-4.9363],[-37.1448,-4.9416],[-37.1374,-4.9473],[-37.1416,-4.9498],[-37.1551,-4.9471],[-37.1786,-4.9186],[-37.2037,-4.9013],[-37.2256,-4.8749],[-37.2592,-4.8187],[-37.2846,-4.7459],[-37.295,-4.7302],[-37.3259,-4.7003],[-37.342,-4.6911],[-37.349,-4.6926],[-37.3712,-4.6824],[-37.4076,-4.6751],[-37.462,-4.6516],[-37.4713,-4.6508],[-37.4978,-4.627],[-37.5099,-4.63],[-37.5229,-4.6419],[-37.5357,-4.6416],[-37.543,-4.6447],[-37.5587,-4.6417],[-37.5953,-4.6231],[-37.6394,-4.586],[-37.6883,-4.5327],[-37.7165,-4.5118],[-37.7324,-4.4885],[-37.7542,-4.4371],[-37.7619,-4.4282],[-37.7695,-4.4264],[-37.7666,-4.4177],[-37.7705,-4.4011],[-37.782,-4.4019],[-37.7965,-4.3948],[-37.801,-4.3996],[-37.8082,-4.399],[-37.8381,-4.3809],[-37.8446,-4.3791],[-37.8472,-4.3822],[-37.8542,-4.3795],[-37.9066,-4.3398],[-37.9601,-4.2918],[-37.9883,-4.2608],[-38.0093,-4.2511],[-38.0334,-4.225],[-38.0437,-4.2192],[-38.1198,-4.1433],[-38.1451,-4.1042],[-38.1501,-4.1015],[-38.1485,-4.0985],[-38.1785,-4.0594],[-38.1814,-4.0597],[-38.1812,-4.0553],[-38.19,-4.0433],[-38.2073,-4.0295],[-38.2729,-3.9447],[-38.2789,-3.9412],[-38.294,-3.9407],[-38.3186,-3.9262],[-38.3603,-3.8849],[-38.4358,-3.7706],[-38.4584,-3.7261],[-38.4641,-3.7079],[-38.4705,-3.7068],[-38.4761,-3.7011],[-38.473,-3.706],[-38.4774,-3.7151],[-38.4762,-3.7193],[-38.4989,-3.7246],[-38.51,-3.7202],[-38.5108,-3.7134],[-38.5118,-3.7189],[-38.5361,-3.7175],[-38.5807,-3.6935],[-38.5867,-3.692],[-38.5876,-3.6964],[-38.6111,-3.6888],[-38.6411,-3.6869],[-38.6524,-3.6822],[-38.6751,-3.6661],[-38.6997,-3.6398],[-38.7238,-3.6259],[-38.7456,-3.6184],[-38.7624,-3.6059],[-38.8123,-3.5421],[-38.8234,-3.5465],[-38.8478,-3.5428],[-38.8922,-3.5057],[-38.9049,-3.5061],[-38.9112,-3.5026],[-38.9217,-3.4878],[-38.9383,-3.4511],[-38.9738,-3.4111],[-38.9844,-3.4033],[-38.9951,-3.3975],[-39.0074,-3.3971],[-39.0157,-3.4034],[-39.0293,-3.4047],[-39.0353,-3.4112],[-39.0487,-3.4126],[-39.0742,-3.4014],[-39.0912,-3.3846],[-39.1127,-3.3471],[-39.1276,-3.3436],[-39.1394,-3.3457],[-39.1592,-3.3325],[-39.2109,-3.26],[-39.2277,-3.2408],[-39.2379,-3.2354],[-39.2502,-3.2232],[-39.2618,-3.2179],[-39.2773,-3.2197],[-39.2927,-3.2151],[-39.3052,-3.2069],[-39.313,-3.2061],[-39.3303,-3.1953],[-39.3442,-3.1781],[-39.3534,-3.1743],[-39.3649,-3.1733],[-39.3818,-3.1836],[-39.397,-3.1768],[-39.4214,-3.1548],[-39.4381,-3.1476],[-39.4627,-3.1438],[-39.475,-3.135],[-39.4869,-3.1191],[-39.5228,-3.102],[-39.5499,-3.0791],[-39.5943,-3.068],[-39.6057,-3.0531],[-39.6198,-3.026],[-39.637,-3.019],[-39.6498,-3.0246],[-39.6564,-3.0235],[-39.6768,-3.0012],[-39.6874,-2.9966],[-39.7021,-3.0013],[-39.719,-2.9983],[-39.7693,-2.9606],[-39.7861,-2.9512],[-39.7947,-2.9521],[-39.8,-2.9445],[-39.8225,-2.932],[-39.8619,-2.8999],[-39.8818,-2.8929],[-39.8887,-2.8838],[-39.9078,-2.8731],[-39.9187,-2.8684],[-39.9252,-2.8706],[-39.9049,-2.876],[-39.8851,-2.891],[-39.9343,-2.8708],[-39.9709,-2.8485],[-39.9946,-2.8395],[-39.9839,-2.8484],[-40.027,-2.8389],[-40.0281,-2.8406],[-40.0207,-2.8439],[-40.0333,-2.8399],[-40.0395,-2.8418],[-40.058,-2.8342],[-40.0624,-2.8354],[-40.0617,-2.8381],[-40.0736,-2.8362],[-40.0777,-2.8409],[-40.0867,-2.8315],[-40.1002,-2.8271],[-40.1187,-2.8279],[-40.1262,-2.8235],[-40.1399,-2.8268],[-40.1344,-2.8267],[-40.1328,-2.8295],[-40.1362,-2.8292],[-40.1358,-2.8349],[-40.1438,-2.8402],[-40.1546,-2.8333],[-40.1577,-2.8351],[-40.1853,-2.8117],[-40.2273,-2.8108],[-40.2367,-2.815],[-40.3345,-2.806],[-40.3857,-2.8135],[-40.4196,-2.8122],[-40.4492,-2.8059],[-40.498,-2.7843],[-40.5195,-2.7905],[-40.5199,-2.7996],[-40.5371,-2.8195],[-40.5646,-2.8277],[-40.5806,-2.838],[-40.5953,-2.8385],[-40.5978,-2.8452],[-40.5901,-2.8464],[-40.6031,-2.8483],[-40.6111,-2.8412],[-40.6198,-2.8461],[-40.6433,-2.8492],[-40.6702,-2.8434],[-40.6857,-2.8464],[-40.6908,-2.8513],[-40.6904,-2.847],[-40.6991,-2.8464],[-40.734,-2.8511],[-40.7604,-2.8488],[-40.7744,-2.8528],[-40.8018,-2.8727],[-40.8359,-2.8791],[-40.8439,-2.8854],[-40.8637,-2.8562],[-40.8654,-2.862],[-40.8691,-2.8623],[-40.8773,-2.8599],[-40.8982,-2.8621],[-40.9061,-2.8591],[-40.9073,-2.8678],[-40.9148,-2.873],[-40.9555,-2.872],[-40.9597,-2.8787],[-40.9662,-2.8817],[-40.9928,-2.8837],[-41.0024,-2.8897],[-41.0161,-2.8923],[-41.0691,-2.8952],[-41.1082,-2.8901],[-41.1017,-2.9009],[-41.1114,-2.8948],[-41.116,-2.8849],[-41.1234,-2.8918],[-41.129,-2.8926],[-41.1768,-2.8862],[-41.1876,-2.8909],[-41.1994,-2.8882],[-41.2055,-2.8905],[-41.2385,-2.889],[-41.2606,-2.8836],[-41.2712,-2.8872],[-41.2933,-2.9061],[-41.3403,-2.9274],[-41.3666,-2.9165],[-41.3742,-2.9176],[-41.3979,-2.9041],[-41.421,-2.9098],[-41.4466,-2.9067],[-41.4569,-2.9002],[-41.4784,-2.896],[-41.4945,-2.9002],[-41.5103,-2.9115],[-41.5333,-2.9096],[-41.5572,-2.8974],[-41.5645,-2.9026],[-41.5841,-2.9066],[-41.6125,-2.8965],[-41.6323,-2.8844],[-41.6515,-2.8615],[-41.669,-2.8554],[-41.6807,-2.8476],[-41.7296,-2.803],[-41.7316,-2.8076],[-41.7361,-2.8089],[-41.7465,-2.8043],[-41.7692,-2.7824],[-41.7818,-2.7583],[-41.7931,-2.7506],[-41.8031,-2.7504],[-41.8217,-2.7613],[-41.8297,-2.7539],[-41.8248,-2.7467],[-41.8033,-2.7345],[-41.8122,-2.7283],[-41.857,-2.7217],[-41.9103,-2.7189],[-41.9609,-2.7187],[-41.9838,-2.7232],[-42.014,-2.7126],[-42.02,-2.7165],[-42.0165,-2.7376],[-42.0308,-2.7395],[-42.043,-2.7296],[-42.0573,-2.6986],[-42.0691,-2.6876],[-42.0949,-2.6934],[-42.1284,-2.6952],[-42.2128,-2.6871],[-42.2295,-2.6965],[-42.2431,-2.681],[-42.2569,-2.6757],[-42.2554,-2.6831],[-42.26,-2.6904],[-42.2584,-2.7014],[-42.2627,-2.7279],[-42.2601,-2.7335],[-42.2526,-2.7381],[-42.2636,-2.7579],[-42.2777,-2.7529],[-42.3084,-2.7542],[-42.3386,-2.7492],[-42.3514,-2.7411],[-42.3614,-2.7296],[-42.3648,-2.7154],[-42.3687,-2.714],[-42.3828,-2.7155],[-42.3967,-2.7118],[-42.4216,-2.7139],[-42.4503,-2.709],[-42.4802,-2.6992],[-42.4939,-2.7049],[-42.4987,-2.6854],[-42.5042,-2.6781],[-42.5249,-2.6815],[-42.5442,-2.6805],[-42.5627,-2.6784],[-42.5874,-2.669],[-42.621,-2.6451],[-42.7021,-2.5689],[-42.7227,-2.5562],[-42.7368,-2.554],[-42.749,-2.5607],[-42.7632,-2.5455],[-42.8072,-2.5482],[-42.8253,-2.5447],[-42.9634,-2.4753],[-42.9734,-2.4738],[-43.0605,-2.4377],[-43.2009,-2.3729],[-43.2374,-2.3587],[-43.3116,-2.3387],[-43.3275,-2.3366],[-43.3414,-2.3401],[-43.374,-2.3394],[-43.3852,-2.3456],[-43.3914,-2.338],[-43.4079,-2.3359],[-43.4299,-2.345],[-43.4414,-2.3417],[-43.4456,-2.346],[-43.4606,-2.3504],[-43.4622,-2.3574],[-43.4785,-2.3669],[-43.4832,-2.3733],[-43.4841,-2.3835],[-43.452,-2.4438],[-43.4566,-2.4512],[-43.455,-2.4778],[-43.4617,-2.4864],[-43.4793,-2.4869],[-43.4892,-2.4805],[-43.5097,-2.475],[-43.5208,-2.4567],[-43.5171,-2.4467],[-43.5114,-2.4413],[-43.5148,-2.4283],[-43.5181,-2.4225],[-43.5285,-2.4187],[-43.5374,-2.4219],[-43.5528,-2.4433],[-43.5581,-2.4799],[-43.5673,-2.4925],[-43.5743,-2.4963],[-43.5806,-2.5071],[-43.5972,-2.5045],[-43.5988,-2.4994],[-43.5921,-2.4905],[-43.5811,-2.4853],[-43.5718,-2.4763],[-43.5699,-2.4702],[-43.5798,-2.4586],[-43.5869,-2.4653],[-43.5909,-2.4775],[-43.6024,-2.487],[-43.6125,-2.5065],[-43.622,-2.5102],[-43.6262,-2.5102],[-43.6339,-2.5026],[-43.648,-2.496],[-43.6501,-2.4928],[-43.6474,-2.4859],[-43.6516,-2.4818],[-43.6641,-2.4879],[-43.6803,-2.5122],[-43.6926,-2.5205],[-43.7033,-2.5074],[-43.6955,-2.4843],[-43.7004,-2.4825],[-43.7097,-2.4874],[-43.717,-2.4759],[-43.7229,-2.4747],[-43.7331,-2.4795],[-43.7466,-2.4936],[-43.7678,-2.4939],[-43.7768,-2.4834],[-43.7759,-2.4727],[-43.7601,-2.4659],[-43.7399,-2.4322],[-43.7321,-2.4255],[-43.7253,-2.424],[-43.7105,-2.4272],[-43.7032,-2.4142],[-43.6889,-2.4051],[-43.6862,-2.3973],[-43.6623,-2.403],[-43.6452,-2.4027],[-43.6432,-2.3943],[-43.6382,-2.3897],[-43.6384,-2.3827],[-43.6288,-2.3583],[-43.6272,-2.3328],[-43.6304,-2.326],[-43.6236,-2.3031],[-43.616,-2.2947],[-43.5995,-2.2929],[-43.5936,-2.2872],[-43.6017,-2.2723],[-43.6041,-2.2577],[-43.6141,-2.2521],[-43.6272,-2.2512],[-43.6697,-2.2691],[-43.6962,-2.2767],[-43.7204,-2.2914],[-43.7229,-2.3252],[-43.7396,-2.3503],[-43.7281,-2.3605],[-43.7252,-2.368],[-43.7268,-2.3865],[-43.7572,-2.4068],[-43.7594,-2.4169],[-43.7984,-2.4396],[-43.8084,-2.4384],[-43.8096,-2.4312],[-43.7996,-2.4164],[-43.8008,-2.4057],[-43.7916,-2.3941],[-43.7997,-2.3903],[-43.814,-2.3972],[-43.8381,-2.4167],[-43.8398,-2.4263],[-43.8315,-2.4402],[-43.8422,-2.4487],[-43.8468,-2.5019],[-43.8502,-2.51],[-43.8552,-2.5143],[-43.8763,-2.5183],[-43.8791,-2.5265],[-43.8912,-2.5354],[-43.8903,-2.5503],[-43.8937,-2.5565],[-43.9021,-2.5582],[-43.9098,-2.5547],[-43.9194,-2.555],[-43.9312,-2.5616],[-43.951,-2.5981],[-43.9565,-2.6215],[-44.0039,-2.6382],[-44.0098,-2.6473],[-44.0226,-2.6526],[-44.0283,-2.6606],[-44.0311,-2.6734],[-44.0418,-2.6831],[-44.0502,-2.6973],[-44.0542,-2.7113],[-44.0676,-2.723],[-44.0676,-2.7276],[-44.0776,-2.7426],[-44.0949,-2.7533],[-44.1104,-2.7473],[-44.1158,-2.7486],[-44.1224,-2.7584],[-44.1324,-2.7654],[-44.1588,-2.7685],[-44.1917,-2.7646],[-44.2112,-2.7688],[-44.2142,-2.7719],[-44.2266,-2.772],[-44.2414,-2.7805],[-44.2523,-2.7798],[-44.2609,-2.7747],[-44.266,-2.758],[-44.26,-2.7444],[-44.2486,-2.7298],[-44.2353,-2.7249],[-44.2223,-2.7263],[-44.2043,-2.717],[-44.1946,-2.7051],[-44.1647,-2.6996],[-44.1528,-2.6845],[-44.138,-2.6818],[-44.1318,-2.6563],[-44.1241,-2.6542],[-44.123,-2.6504],[-44.1257,-2.648],[-44.1197,-2.6463],[-44.1135,-2.6337],[-44.1057,-2.6292],[-44.1079,-2.6165],[-44.1057,-2.6038],[-44.1011,-2.5955],[-44.0924,-2.5889],[-44.0928,-2.5747],[-44.0853,-2.5707],[-44.0815,-2.5626],[-44.0679,-2.5592],[-44.0541,-2.5647],[-44.0527,-2.5566],[-44.0489,-2.5546],[-44.0362,-2.5567],[-44.0341,-2.534],[-44.0269,-2.5289],[-44.0277,-2.5188],[-44.024,-2.5076],[-44.0527,-2.4688],[-44.0458,-2.4535],[-44.0238,-2.4487],[-44.0234,-2.4313],[-44.0306,-2.4073],[-44.0683,-2.4033],[-44.0946,-2.4066],[-44.1367,-2.4298],[-44.152,-2.4343],[-44.1587,-2.4457],[-44.1767,-2.4592],[-44.2032,-2.4645],[-44.2259,-2.477],[-44.2625,-2.4814],[-44.2749,-2.4868],[-44.3046,-2.4875],[-44.3077,-2.4953],[-44.3203,-2.5029],[-44.3197,-2.5061],[-44.3121,-2.5048],[-44.3076,-2.5158],[-44.3098,-2.5394],[-44.3178,-2.5401],[-44.321,-2.5272],[-44.3406,-2.5305],[-44.3489,-2.5269],[-44.3486,-2.5299],[-44.3552,-2.5322],[-44.3549,-2.5485],[-44.3576,-2.5537],[-44.3777,-2.5658],[-44.3777,-2.5685],[-44.3707,-2.5715],[-44.369,-2.582],[-44.3643,-2.5808],[-44.3543,-2.6026],[-44.3677,-2.6423],[-44.3682,-2.6541],[-44.3804,-2.6684],[-44.3792,-2.6842],[-44.3917,-2.7204],[-44.3856,-2.735],[-44.3863,-2.7487],[-44.3994,-2.7682],[-44.4031,-2.7695],[-44.409,-2.7919],[-44.407,-2.894],[-44.4248,-2.9439],[-44.4537,-2.9873],[-44.4961,-3.0266],[-44.507,-3.0328],[-44.5325,-3.044],[-44.5627,-3.0452],[-44.5972,-3.04],[-44.6177,-3.0286],[-44.6422,-3.0219],[-44.6655,-3.0109],[-44.6754,-2.9965],[-44.6794,-2.9791],[-44.6766,-2.9583],[-44.681,-2.9401],[-44.6786,-2.9153],[-44.6724,-2.906],[-44.6507,-2.8915],[-44.6327,-2.8548],[-44.635,-2.8397],[-44.6515,-2.8081],[-44.6484,-2.8037],[-44.6454,-2.7815],[-44.6355,-2.766],[-44.6233,-2.7366],[-44.6266,-2.7021],[-44.6069,-2.6898],[-44.5956,-2.6637],[-44.5848,-2.6572],[-44.5717,-2.6232],[-44.5573,-2.6042],[-44.5377,-2.5478],[-44.5337,-2.5267],[-44.5235,-2.5257],[-44.5122,-2.5352],[-44.4964,-2.5218],[-44.4902,-2.5217],[-44.476,-2.485],[-44.4649,-2.4763],[-44.461,-2.4768],[-44.4603,-2.4807],[-44.4429,-2.4575],[-44.4464,-2.4416],[-44.4582,-2.4341],[-44.4727,-2.4281],[-44.4958,-2.4354],[-44.4998,-2.4308],[-44.4984,-2.4259],[-44.4779,-2.4112],[-44.4478,-2.4115],[-44.4407,-2.4157],[-44.4376,-2.4082],[-44.4242,-2.4081],[-44.4132,-2.413],[-44.4075,-2.4091],[-44.4036,-2.4126],[-44.4069,-2.4184],[-44.388,-2.4089],[-44.3752,-2.3903],[-44.3723,-2.3805],[-44.3739,-2.3669],[-44.3801,-2.3593],[-44.3795,-2.3555],[-44.3742,-2.356],[-44.358,-2.3405],[-44.3579,-2.3369],[-44.3638,-2.3122],[-44.377,-2.2815],[-44.3912,-2.2757],[-44.3861,-2.2739],[-44.3845,-2.2677],[-44.3955,-2.224],[-44.4033,-2.2218],[-44.4043,-2.2188],[-44.3983,-2.215],[-44.4173,-2.1925],[-44.4331,-2.1662],[-44.4641,-2.1445],[-44.4687,-2.1511],[-44.4763,-2.1515],[-44.4851,-2.146],[-44.5301,-2.1599],[-44.5273,-2.1665],[-44.5353,-2.1793],[-44.5415,-2.1824],[-44.5387,-2.1882],[-44.5424,-2.1945],[-44.5506,-2.1979],[-44.5519,-2.2016],[-44.5591,-2.2018],[-44.5607,-2.2099],[-44.5793,-2.227],[-44.5882,-2.2286],[-44.5884,-2.2414],[-44.5961,-2.2454],[-44.5986,-2.251],[-44.6157,-2.2577],[-44.6232,-2.2673],[-44.6276,-2.2909],[-44.6388,-2.2959],[-44.6475,-2.2959],[-44.6544,-2.2938],[-44.6597,-2.2873],[-44.6718,-2.2877],[-44.6777,-2.2805],[-44.6854,-2.263],[-44.6849,-2.2579],[-44.6606,-2.2477],[-44.6523,-2.2382],[-44.6341,-2.2285],[-44.6096,-2.1951],[-44.6002,-2.1884],[-44.5873,-2.1656],[-44.5874,-2.1506],[-44.5798,-2.1445],[-44.5886,-2.1356],[-44.5818,-2.1338],[-44.5787,-2.1266],[-44.5667,-2.1256],[-44.5658,-2.111],[-44.5551,-2.0975],[-44.5537,-2.0908],[-44.5504,-2.0884],[-44.546,-2.0917],[-44.535,-2.0853],[-44.5258,-2.0731],[-44.5214,-2.0728],[-44.498,-2.0493],[-44.4906,-2.0481],[-44.4853,-2.0427],[-44.4915,-2.0403],[-44.4964,-2.0266],[-44.5017,-2.0236],[-44.5186,-2.0346],[-44.5334,-2.0363],[-44.55,-2.0263],[-44.5656,-2.0218],[-44.5762,-2.0299],[-44.5784,-2.028],[-44.576,-2.0241],[-44.5638,-2.0155],[-44.5357,-2.0196],[-44.5176,-2.0135],[-44.5076,-2.0092],[-44.4813,-1.9869],[-44.4918,-1.9808],[-44.4955,-1.9684],[-44.5113,-1.9581],[-44.5094,-1.9556],[-44.495,-1.964],[-44.4892,-1.9571],[-44.5146,-1.8857],[-44.5281,-1.8788],[-44.5462,-1.8913],[-44.5535,-1.885],[-44.5388,-1.8504],[-44.5417,-1.8405],[-44.5333,-1.8228],[-44.545,-1.8204],[-44.552,-1.8386],[-44.5554,-1.838],[-44.5554,-1.8338],[-44.5641,-1.8357],[-44.563,-1.8291],[-44.5684,-1.8249],[-44.5654,-1.8205],[-44.5682,-1.8158],[-44.564,-1.8036],[-44.5708,-1.7966],[-44.5855,-1.7901],[-44.5904,-1.7833],[-44.5877,-1.7795],[-44.5738,-1.7774],[-44.5736,-1.775],[-44.6031,-1.7658],[-44.608,-1.7679],[-44.6177,-1.7608],[-44.5997,-1.7479],[-44.6006,-1.7402],[-44.638,-1.7179],[-44.6525,-1.7154],[-44.6587,-1.7229],[-44.6511,-1.7291],[-44.6475,-1.742],[-44.6543,-1.7415],[-44.6457,-1.7648],[-44.6509,-1.7624],[-44.6537,-1.7694],[-44.6607,-1.771],[-44.6668,-1.7646],[-44.6802,-1.7724],[-44.6819,-1.7693],[-44.6873,-1.7718],[-44.7035,-1.7691],[-44.7138,-1.79],[-44.7203,-1.7887],[-44.7206,-1.7799],[-44.7572,-1.7894],[-44.7594,-1.783],[-44.7254,-1.7578],[-44.7244,-1.7521],[-44.7168,-1.7495],[-44.7091,-1.7358],[-44.7034,-1.7398],[-44.6998,-1.731],[-44.7016,-1.725],[-44.7165,-1.7133],[-44.7227,-1.7212],[-44.7378,-1.722],[-44.7544,-1.718],[-44.7627,-1.7046],[-44.7775,-1.7058],[-44.7786,-1.7125],[-44.7852,-1.7133],[-44.7887,-1.7066],[-44.7992,-1.7042],[-44.7802,-1.689],[-44.7775,-1.6802],[-44.7612,-1.6745],[-44.7532,-1.6678],[-44.7464,-1.6568],[-44.7468,-1.6507],[-44.7431,-1.6534],[-44.7263,-1.6482],[-44.7087,-1.6481],[-44.7049,-1.6427],[-44.7022,-1.6459],[-44.6947,-1.642],[-44.6904,-1.6438],[-44.688,-1.6405],[-44.6816,-1.6447],[-44.675,-1.6414],[-44.6705,-1.6459],[-44.6708,-1.6543],[-44.661,-1.662],[-44.6363,-1.6166],[-44.6571,-1.5878],[-44.6854,-1.5655],[-44.6967,-1.582],[-44.7089,-1.5806],[-44.7051,-1.5538],[-44.7075,-1.5517],[-44.7234,-1.5567],[-44.7341,-1.5712],[-44.7635,-1.5947],[-44.769,-1.5914],[-44.767,-1.5634],[-44.7693,-1.5611],[-44.7788,-1.5784],[-44.7928,-1.5812],[-44.8027,-1.5894],[-44.8351,-1.5728],[-44.8392,-1.598],[-44.8454,-1.6093],[-44.8561,-1.6184],[-44.8635,-1.6164],[-44.8718,-1.6013],[-44.8933,-1.6038],[-44.8993,-1.6072],[-44.9109,-1.5986],[-44.9107,-1.5824],[-44.9191,-1.5716],[-44.9124,-1.5567],[-44.9183,-1.539],[-44.9118,-1.5408],[-44.9,-1.5353],[-44.8902,-1.5164],[-44.8949,-1.5112],[-44.8855,-1.5078],[-44.8773,-1.4958],[-44.8822,-1.4899],[-44.8725,-1.4883],[-44.874,-1.4848],[-44.8854,-1.4803],[-44.8851,-1.4779],[-44.8618,-1.4867],[-44.8552,-1.4841],[-44.8434,-1.4883],[-44.8362,-1.4437],[-44.8302,-1.432],[-44.8305,-1.4277],[-44.8465,-1.4158],[-44.8604,-1.4113],[-44.8868,-1.4206],[-44.8812,-1.4255],[-44.8843,-1.4259],[-44.8868,-1.4421],[-44.8943,-1.4424],[-44.9106,-1.4551],[-44.9129,-1.4601],[-44.9201,-1.462],[-44.9229,-1.4692],[-44.9357,-1.4802],[-44.9371,-1.4899],[-44.9549,-1.4913],[-44.9564,-1.4849],[-44.9487,-1.4818],[-44.9595,-1.4739],[-44.9692,-1.4779],[-44.9744,-1.4903],[-44.9723,-1.5044],[-44.9577,-1.5177],[-44.9482,-1.5384],[-44.9492,-1.5532],[-44.9547,-1.5608],[-44.9635,-1.5565],[-44.9612,-1.5434],[-44.9637,-1.5362],[-44.9787,-1.5246],[-44.9965,-1.5348],[-45.0072,-1.5318],[-45.0076,-1.521],[-44.9931,-1.5152],[-44.9898,-1.511],[-45.0065,-1.4861],[-45.0145,-1.4853],[-45.0203,-1.4917],[-45.0277,-1.4926],[-45.0489,-1.4904],[-45.0567,-1.4822],[-45.0687,-1.482],[-45.0706,-1.4682],[-45.08,-1.4597],[-45.0967,-1.4555],[-45.1032,-1.4731],[-45.1224,-1.4767],[-45.1325,-1.4848],[-45.1426,-1.4833],[-45.1511,-1.4705],[-45.1586,-1.4748],[-45.1662,-1.4887],[-45.1736,-1.4946],[-45.1865,-1.495],[-45.1904,-1.4892],[-45.198,-1.4884],[-45.2021,-1.4966],[-45.205,-1.5176],[-45.2124,-1.5306],[-45.2317,-1.5469],[-45.2328,-1.5532],[-45.2361,-1.5539],[-45.2359,-1.5623],[-45.2404,-1.5639],[-45.2496,-1.5872],[-45.2609,-1.5961],[-45.3068,-1.5996],[-45.3348,-1.5943],[-45.3435,-1.5868],[-45.3341,-1.5642],[-45.3196,-1.5572],[-45.3219,-1.5442],[-45.3162,-1.5351],[-45.3152,-1.5185],[-45.3094,-1.5108],[-45.3084,-1.4968],[-45.3163,-1.4863],[-45.3368,-1.4772],[-45.3465,-1.4796],[-45.3522,-1.4733],[-45.3583,-1.4718],[-45.3827,-1.4789],[-45.3878,-1.4766],[-45.3879,-1.4709],[-45.3715,-1.4605],[-45.2997,-1.4363],[-45.2996,-1.3984],[-45.3026,-1.3858],[-45.3128,-1.3811],[-45.3138,-1.373],[-45.3079,-1.3672],[-45.3058,-1.3514],[-45.3116,-1.3402],[-45.3049,-1.3364],[-45.3385,-1.3148],[-45.3486,-1.3126],[-45.3604,-1.3174],[-45.366,-1.3278],[-45.3557,-1.3325],[-45.3407,-1.352],[-45.3571,-1.346],[-45.3613,-1.3542],[-45.3605,-1.3592],[-45.3764,-1.3667],[-45.3764,-1.3788],[-45.3687,-1.3808],[-45.3746,-1.3829],[-45.3721,-1.3898],[-45.3771,-1.3864],[-45.379,-1.3889],[-45.3777,-1.3935],[-45.3704,-1.3955],[-45.3841,-1.4036],[-45.391,-1.4134],[-45.4045,-1.4207],[-45.4166,-1.4234],[-45.4233,-1.4188],[-45.4323,-1.4281],[-45.4362,-1.4284],[-45.4443,-1.4473],[-45.4488,-1.4528],[-45.4555,-1.4521],[-45.4581,-1.4701],[-45.4638,-1.4771],[-45.4755,-1.4798],[-45.485,-1.4772],[-45.489,-1.4708],[-45.4808,-1.4573],[-45.4808,-1.4496],[-45.4872,-1.4426],[-45.4816,-1.4207],[-45.4867,-1.4204],[-45.4776,-1.3944],[-45.475,-1.372],[-45.4547,-1.3644],[-45.4508,-1.3685],[-45.4408,-1.3619],[-45.4349,-1.3511],[-45.4277,-1.3549],[-45.4217,-1.3531],[-45.4095,-1.3327],[-45.4088,-1.3051],[-45.4196,-1.2949],[-45.4471,-1.2929],[-45.4559,-1.2965],[-45.4604,-1.3003],[-45.4606,-1.3064],[-45.4475,-1.309],[-45.4461,-1.3118],[-45.4565,-1.319],[-45.4623,-1.3173],[-45.4759,-1.3248],[-45.478,-1.3367],[-45.4945,-1.353],[-45.5018,-1.3668],[-45.5027,-1.3751],[-45.5142,-1.3779],[-45.5238,-1.3673],[-45.5268,-1.3588],[-45.5145,-1.3071],[-45.52,-1.3009],[-45.5265,-1.3078],[-45.5345,-1.3087],[-45.546,-1.3003],[-45.5489,-1.2764],[-45.5605,-1.2848],[-45.5734,-1.2867],[-45.5921,-1.3024],[-45.599,-1.2996],[-45.5872,-1.2836],[-45.5852,-1.2746],[-45.5937,-1.2667],[-45.6259,-1.2836],[-45.6368,-1.2812],[-45.6417,-1.2696],[-45.6348,-1.2596],[-45.6335,-1.2457],[-45.6371,-1.2363],[-45.6427,-1.2319],[-45.6435,-1.223],[-45.6364,-1.1925],[-45.6178,-1.1804],[-45.6136,-1.1629],[-45.6191,-1.1345],[-45.6291,-1.124],[-45.6314,-1.1254],[-45.6278,-1.1328],[-45.6353,-1.1508],[-45.6475,-1.2036],[-45.6481,-1.237],[-45.6553,-1.2408],[-45.6635,-1.2535],[-45.6899,-1.2736],[-45.7065,-1.2701],[-45.7165,-1.2602],[-45.7237,-1.2496],[-45.7269,-1.2372],[-45.7344,-1.235],[-45.7381,-1.2207],[-45.7333,-1.2002],[-45.6909,-1.1487],[-45.6936,-1.1388],[-45.7176,-1.1177],[-45.7209,-1.11],[-45.7245,-1.11],[-45.7272,-1.1149],[-45.7235,-1.1292],[-45.7313,-1.1285],[-45.7288,-1.1346],[-45.7424,-1.1406],[-45.7442,-1.1526],[-45.7507,-1.1588],[-45.7489,-1.164],[-45.7538,-1.1677],[-45.756,-1.1659],[-45.7591,-1.1848],[-45.7642,-1.1958],[-45.7689,-1.1991],[-45.7996,-1.1799],[-45.8006,-1.1632],[-45.8038,-1.1616],[-45.8157,-1.1653],[-45.829,-1.1766],[-45.8308,-1.1886],[-45.8263,-1.2036],[-45.8299,-1.2061],[-45.8393,-1.2008],[-45.8444,-1.2125],[-45.8614,-1.2133],[-45.8689,-1.2015],[-45.8647,-1.1959],[-45.8623,-1.1812],[-45.8684,-1.184],[-45.8741,-1.1928],[-45.8684,-1.1718],[-45.8769,-1.1706],[-45.8839,-1.1784],[-45.8811,-1.1654],[-45.8712,-1.1544],[-45.8747,-1.1499],[-45.8831,-1.1495],[-45.906,-1.1719],[-45.9121,-1.1663],[-45.8996,-1.1498],[-45.8823,-1.1406],[-45.8789,-1.1344],[-45.8647,-1.1307],[-45.8646,-1.122],[-45.8681,-1.1185],[-45.8649,-1.1083],[-45.8503,-1.1022],[-45.8435,-1.0828],[-45.8449,-1.0693],[-45.8539,-1.0528],[-45.8606,-1.0497],[-45.8715,-1.0525],[-45.8762,-1.0678],[-45.8704,-1.0734],[-45.8869,-1.0818],[-45.8963,-1.1013],[-45.897,-1.1182],[-45.9045,-1.1243],[-45.9107,-1.1388],[-45.9465,-1.1956],[-45.9473,-1.2024],[-45.954,-1.2022],[-45.9578,-1.1951],[-45.9583,-1.1753],[-45.9542,-1.1614],[-45.9583,-1.1613],[-45.9594,-1.158],[-45.9514,-1.1435],[-45.9523,-1.1404],[-45.9619,-1.1413],[-45.9645,-1.1387],[-45.9607,-1.1289],[-45.9617,-1.1117],[-45.9688,-1.1089],[-45.9799,-1.1164],[-45.9837,-1.1114],[-45.9785,-1.0954],[-45.9678,-1.0872],[-45.9699,-1.0768],[-45.9763,-1.0665],[-45.9845,-1.066],[-45.9772,-1.0609],[-45.9697,-1.0655],[-45.9644,-1.0598],[-45.9683,-1.0531],[-45.9783,-1.0493],[-45.996,-1.0543],[-45.997,-1.0657],[-46.0026,-1.0712],[-46.0028,-1.0763],[-46.0209,-1.0834],[-46.0243,-1.0932],[-46.0461,-1.1211],[-46.0422,-1.1337],[-46.0448,-1.1489],[-46.0382,-1.1642],[-46.0385,-1.173],[-46.0458,-1.1604],[-46.0535,-1.1316],[-46.0564,-1.1316],[-46.0647,-1.1443],[-46.0664,-1.1625],[-46.0683,-1.1643],[-46.068,-1.1504],[-46.075,-1.161],[-46.0771,-1.1962],[-46.1036,-1.2024],[-46.0982,-1.1961],[-46.0871,-1.1577],[-46.0871,-1.1344],[-46.0757,-1.1154],[-46.0615,-1.1026],[-46.0656,-1.0861],[-46.0821,-1.0645],[-46.0805,-1.06],[-46.0907,-1.0613],[-46.0939,-1.0567],[-46.0882,-1.0488],[-46.0723,-1.0458],[-46.0697,-1.0368],[-46.0771,-1.0241],[-46.0868,-1.02],[-46.0946,-1.0206],[-46.1094,-1.0345],[-46.1101,-1.0416],[-46.1158,-1.0381],[-46.1245,-1.0415],[-46.1413,-1.0582],[-46.1528,-1.0887],[-46.1649,-1.089],[-46.1717,-1.0849],[-46.17,-1.0734],[-46.1668,-1.0681],[-46.1549,-1.0626],[-46.1503,-1.0436],[-46.1515,-1.0359],[-46.1573,-1.0322],[-46.1564,-1.0166],[-46.1605,-1.0052],[-46.1705,-0.9994],[-46.1754,-0.9999],[-46.1817,-1.0085],[-46.1859,-1.0233],[-46.1841,-1.0531],[-46.1905,-1.0762],[-46.2189,-1.0997],[-46.2301,-1.1045],[-46.2395,-1.1012],[-46.232,-1.0887],[-46.2084,-1.0675],[-46.2048,-1.0584],[-46.2069,-1.0388],[-46.216,-1.0239],[-46.218,-0.9906],[-46.2231,-0.989],[-46.2216,-0.9838],[-46.2019,-0.9681],[-46.1907,-0.9489],[-46.1792,-0.9521],[-46.1759,-0.9454],[-46.1802,-0.9122],[-46.2016,-0.886],[-46.2076,-0.8856],[-46.2648,-0.9134],[-46.2712,-0.9343],[-46.2677,-0.9652],[-46.2738,-0.9736],[-46.2893,-0.983],[-46.289,-1.0018],[-46.3036,-1.0068],[-46.3097,-1.0175],[-46.3164,-1.0194],[-46.3193,-1.0237],[-46.3346,-1.0248],[-46.3478,-1.0068],[-46.3656,-1.0129],[-46.3717,-1.0282],[-46.3817,-1.0264],[-46.3906,-1.0189],[-46.3966,-1.0073],[-46.3954,-0.9977],[-46.3989,-0.9965],[-46.4159,-1.001],[-46.4284,-1.0241],[-46.4514,-1.0284],[-46.4674,-1.0261],[-46.4694,-1.0192],[-46.4763,-1.0157],[-46.474,-1.0105],[-46.466,-1.0057],[-46.4648,-0.9981],[-46.4694,-0.9812],[-46.4742,-0.977],[-46.4952,-0.9742],[-46.4913,-0.9676],[-46.4765,-0.9642],[-46.4632,-0.9457],[-46.4641,-0.9339],[-46.481,-0.9221],[-46.4761,-0.9179],[-46.4716,-0.9187],[-46.4598,-0.9035],[-46.4461,-0.9109],[-46.4103,-0.8876],[-46.4121,-0.8787],[-46.4238,-0.8665],[-46.4689,-0.874],[-46.4588,-0.8836],[-46.4664,-0.894],[-46.4703,-0.8852],[-46.4803,-0.8826],[-46.4938,-0.8726],[-46.5102,-0.8816],[-46.5148,-0.8877],[-46.5051,-0.8985],[-46.5085,-0.9006],[-46.5147,-0.9164],[-46.5151,-0.9297],[-46.5242,-0.9355],[-46.5313,-0.953],[-46.5381,-0.9542],[-46.5384,-0.9371],[-46.5328,-0.9191],[-46.5328,-0.9086],[-46.5378,-0.9056],[-46.5526,-0.9138],[-46.5565,-0.9177],[-46.5591,-0.936],[-46.5788,-0.9819],[-46.5871,-0.9786],[-46.6013,-0.9573],[-46.6256,-0.9605],[-46.6364,-0.9691],[-46.642,-0.9489],[-46.6302,-0.9365],[-46.625,-0.9212],[-46.6299,-0.9153],[-46.6421,-0.9095],[-46.6365,-0.907],[-46.634,-0.9019],[-46.6374,-0.8956],[-46.631,-0.8948],[-46.6283,-0.8901],[-46.6302,-0.883],[-46.6226,-0.8816],[-46.6194,-0.8775],[-46.6214,-0.8732],[-46.6153,-0.8689],[-46.6183,-0.8669],[-46.6159,-0.859],[-46.6093,-0.8551],[-46.6018,-0.8581],[-46.5957,-0.8518],[-46.5961,-0.8419],[-46.6017,-0.8302],[-46.6134,-0.8158],[-46.6208,-0.8125],[-46.6187,-0.8061],[-46.6251,-0.8024],[-46.6293,-0.8008],[-46.6329,-0.8042],[-46.6267,-0.8108],[-46.6286,-0.8151],[-46.6405,-0.8051],[-46.6388,-0.801],[-46.6422,-0.7935],[-46.6653,-0.7912],[-46.6787,-0.7943],[-46.6807,-0.7983],[-46.6679,-0.8056],[-46.6629,-0.8136],[-46.6728,-0.8153],[-46.6774,-0.8241],[-46.6702,-0.8499],[-46.6763,-0.8526],[-46.6791,-0.8454],[-46.6922,-0.8339],[-46.6996,-0.835],[-46.7153,-0.8425],[-46.7181,-0.8645],[-46.7241,-0.8668],[-46.7354,-0.8622],[-46.7343,-0.8368],[-46.736,-0.8309],[-46.7418,-0.8286],[-46.7398,-0.8208],[-46.7463,-0.8144],[-46.7539,-0.8141],[-46.7589,-0.8093],[-46.7556,-0.8022],[-46.7612,-0.7989],[-46.7644,-0.804],[-46.7662,-0.8396],[-46.7745,-0.8417],[-46.7863,-0.851],[-46.7885,-0.8687],[-46.8017,-0.8724],[-46.8064,-0.8705],[-46.8094,-0.861],[-46.8044,-0.8268],[-46.8126,-0.8271],[-46.8276,-0.8422],[-46.8325,-0.8428],[-46.8339,-0.8259],[-46.844,-0.8196],[-46.8278,-0.813],[-46.8244,-0.805],[-46.84,-0.7933],[-46.8323,-0.7908],[-46.8268,-0.7942],[-46.8243,-0.7912],[-46.8262,-0.779],[-46.8323,-0.7699],[-46.8293,-0.7657],[-46.8319,-0.7545],[-46.8366,-0.7516],[-46.836,-0.7467],[-46.8496,-0.7394],[-46.8609,-0.7411],[-46.8722,-0.7514],[-46.8616,-0.7542],[-46.8629,-0.7598],[-46.876,-0.7609],[-46.8837,-0.7672],[-46.8837,-0.8076],[-46.9128,-0.8211],[-46.9184,-0.84],[-46.9161,-0.8524],[-46.9309,-0.867],[-46.939,-0.8699],[-46.9436,-0.8621],[-46.9368,-0.8537],[-46.945,-0.8255],[-46.9422,-0.8075],[-46.9506,-0.8006],[-46.9489,-0.7931],[-46.9632,-0.7799],[-46.9703,-0.7675],[-46.9526,-0.7478],[-46.9462,-0.731],[-46.9581,-0.7107],[-46.975,-0.7041],[-46.9936,-0.7141],[-46.9955,-0.7193],[-46.9892,-0.7192],[-46.9887,-0.7268],[-46.9951,-0.7346],[-46.9962,-0.7428],[-47.0037,-0.7489],[-47.0047,-0.765],[-47.0134,-0.7711],[-47.017,-0.7684],[-47.013,-0.7617],[-47.0156,-0.758],[-47.0193,-0.764],[-47.0279,-0.7637],[-47.0367,-0.7808],[-47.0374,-0.794],[-47.0469,-0.7985],[-47.056,-0.7973],[-47.0634,-0.7923],[-47.0637,-0.7946],[-47.0668,-0.7746],[-47.0723,-0.7744],[-47.0742,-0.7861],[-47.0778,-0.784],[-47.0773,-0.7697],[-47.0819,-0.7645],[-47.0825,-0.753],[-47.0858,-0.7509],[-47.0957,-0.7561],[-47.0994,-0.7535],[-47.0886,-0.7296],[-47.0892,-0.7122],[-47.0837,-0.7093],[-47.078,-0.7133],[-47.0754,-0.7101],[-47.0754,-0.6939],[-47.0948,-0.6724],[-47.1212,-0.6762],[-47.1312,-0.6854],[-47.1246,-0.6889],[-47.1236,-0.6937],[-47.1345,-0.6942],[-47.1402,-0.6989],[-47.1273,-0.7148],[-47.1321,-0.7162],[-47.1372,-0.7325],[-47.145,-0.742],[-47.1496,-0.7396],[-47.156,-0.7428],[-47.1613,-0.764],[-47.1667,-0.7654],[-47.1738,-0.7603],[-47.1785,-0.7461],[-47.1779,-0.7368],[-47.1666,-0.7295],[-47.1661,-0.7259],[-47.1675,-0.6956],[-47.1729,-0.6738],[-47.1773,-0.6735],[-47.195,-0.6887],[-47.1982,-0.6968],[-47.2076,-0.6971],[-47.2109,-0.6933],[-47.2122,-0.6821],[-47.2067,-0.6755],[-47.2048,-0.65],[-47.2117,-0.6456],[-47.2182,-0.6327],[-47.25,-0.6274],[-47.2577,-0.6228],[-47.262,-0.6243],[-47.2608,-0.63],[-47.2579,-0.6356],[-47.2532,-0.637],[-47.2507,-0.6453],[-47.2607,-0.6492],[-47.2651,-0.6444],[-47.2719,-0.6452],[-47.2828,-0.638],[-47.2945,-0.6448],[-47.2942,-0.6359],[-47.2912,-0.6346],[-47.2893,-0.6263],[-47.2857,-0.6259],[-47.2864,-0.603],[-47.2963,-0.5957],[-47.3214,-0.5913],[-47.3305,-0.5974],[-47.3549,-0.6025],[-47.3581,-0.606],[-47.3507,-0.6058],[-47.3466,-0.609],[-47.3469,-0.6115],[-47.3533,-0.6128],[-47.3627,-0.6086],[-47.3685,-0.6003],[-47.3843,-0.6025],[-47.3868,-0.6062],[-47.3847,-0.6134],[-47.3732,-0.6183],[-47.3672,-0.624],[-47.3677,-0.6272],[-47.3759,-0.632],[-47.3892,-0.6281],[-47.3887,-0.635],[-47.3953,-0.6538],[-47.4047,-0.655],[-47.4179,-0.6468],[-47.4195,-0.6395],[-47.4246,-0.6454],[-47.426,-0.6573],[-47.4308,-0.6408],[-47.4204,-0.6248],[-47.4231,-0.6207],[-47.4182,-0.6184],[-47.4115,-0.6039],[-47.4149,-0.5915],[-47.4213,-0.5848],[-47.4433,-0.5846],[-47.4766,-0.5935],[-47.4753,-0.5958],[-47.472,-0.594],[-47.4711,-0.6003],[-47.4798,-0.6061],[-47.4801,-0.6135],[-47.4849,-0.6194],[-47.4827,-0.6229],[-47.4762,-0.6236],[-47.4733,-0.6285],[-47.479,-0.6572],[-47.4722,-0.6724],[-47.4746,-0.6781],[-47.47,-0.6938],[-47.4701,-0.7088],[-47.4738,-0.7358],[-47.4816,-0.7391],[-47.4849,-0.7316],[-47.4959,-0.7217],[-47.5015,-0.7094],[-47.499,-0.6993],[-47.501,-0.6911],[-47.5144,-0.6744],[-47.5215,-0.6477],[-47.5283,-0.6453],[-47.5315,-0.6483],[-47.5398,-0.64],[-47.5361,-0.6329],[-47.5389,-0.6239],[-47.5317,-0.6201],[-47.5326,-0.614],[-47.5421,-0.6004],[-47.5643,-0.5816],[-47.5898,-0.5761],[-47.5879,-0.5816],[-47.5918,-0.5931],[-47.5836,-0.6013],[-47.5851,-0.6046],[-47.5827,-0.6061],[-47.5883,-0.6165],[-47.5866,-0.6383],[-47.6104,-0.6853],[-47.6081,-0.6978],[-47.6179,-0.6998],[-47.6193,-0.7032],[-47.6291,-0.7073],[-47.6353,-0.703],[-47.6315,-0.696],[-47.6323,-0.6895],[-47.6381,-0.685],[-47.6427,-0.6892],[-47.6454,-0.6881],[-47.6338,-0.6628],[-47.6351,-0.6574],[-47.6422,-0.6528],[-47.6349,-0.6455],[-47.6368,-0.6352],[-47.6302,-0.626],[-47.6327,-0.6133],[-47.6362,-0.6176],[-47.6389,-0.6158],[-47.6362,-0.61],[-47.6317,-0.6083],[-47.6327,-0.6021],[-47.6495,-0.5834],[-47.67,-0.5752],[-47.6804,-0.5801],[-47.6832,-0.5894],[-47.7005,-0.5969],[-47.6986,-0.5793],[-47.69,-0.5558],[-47.6912,-0.5534],[-47.7043,-0.5533],[-47.7006,-0.5507],[-47.6983,-0.5403],[-47.7039,-0.5346],[-47.7357,-0.5362],[-47.7543,-0.5432],[-47.7554,-0.5464],[-47.7431,-0.5562],[-47.7412,-0.5643],[-47.7447,-0.5671],[-47.7482,-0.5627],[-47.7698,-0.5621],[-47.7656,-0.5839],[-47.7573,-0.5947],[-47.7562,-0.6063],[-47.7611,-0.6105],[-47.7668,-0.6108],[-47.7728,-0.6055],[-47.7768,-0.5946],[-47.7735,-0.5865],[-47.7776,-0.5818],[-47.808,-0.5879],[-47.8086,-0.58],[-47.7964,-0.5645],[-47.7982,-0.5584],[-47.8084,-0.5558],[-47.8202,-0.5634],[-47.8144,-0.5767],[-47.8306,-0.6096],[-47.8288,-0.6207],[-47.8205,-0.6356],[-47.8285,-0.6669],[-47.8406,-0.6828],[-47.8514,-0.6692],[-47.8627,-0.6729],[-47.8665,-0.6659],[-47.8556,-0.6529],[-47.8555,-0.6394],[-47.8459,-0.6252],[-47.8508,-0.5983],[-47.847,-0.5889],[-47.8594,-0.5883],[-47.8587,-0.5704],[-47.8678,-0.562],[-47.8925,-0.5581],[-47.906,-0.5597],[-47.9171,-0.5664],[-47.9094,-0.5774],[-47.9071,-0.6006],[-47.9098,-0.6034],[-47.9176,-0.601],[-47.9206,-0.6029],[-47.9157,-0.6175],[-47.9173,-0.6232],[-47.9387,-0.6334],[-47.9588,-0.6338],[-47.9653,-0.6458],[-47.9652,-0.6737],[-47.9757,-0.6809],[-47.9795,-0.6894],[-47.9912,-0.6947],[-48.0014,-0.6865],[-48.0197,-0.6866],[-48.0263,-0.6682],[-48.0477,-0.6596],[-48.0552,-0.6618],[-48.1584,-0.7742],[-48.1662,-0.7917],[-48.1667,-0.8097],[-48.1701,-0.8152],[-48.1778,-0.821],[-48.2033,-0.8193],[-48.2212,-0.8229],[-48.2295,-0.8278],[-48.2384,-0.8409],[-48.2541,-0.8826],[-48.2685,-0.9029],[-48.281,-0.913],[-48.2938,-0.9197],[-48.3361,-0.9214],[-48.3658,-0.9189],[-48.4239,-0.9006],[-48.4547,-0.8867],[-48.4747,-0.8739],[-48.501,-0.829],[-48.5094,-0.7883],[-48.5102,-0.7756],[-48.507,-0.7731],[-48.5108,-0.7688],[-48.5121,-0.759],[-48.503,-0.7451],[-48.4917,-0.7416],[-48.4867,-0.7272],[-48.4706,-0.6141],[-48.4777,-0.6023],[-48.4747,-0.59],[-48.4773,-0.5792],[-48.4705,-0.508],[-48.4547,-0.4646],[-48.4513,-0.4339],[-48.4466,-0.4214],[-48.3883,-0.3527],[-48.3781,-0.3255],[-48.3746,-0.3031],[-48.3784,-0.2823],[-48.3953,-0.2537],[-48.4231,-0.2379],[-48.4268,-0.2283],[-48.4402,-0.2254],[-48.4519,-0.2321],[-48.4859,-0.232],[-48.5037,-0.2425],[-48.5211,-0.2373],[-48.5574,-0.2398],[-48.5826,-0.2341],[-48.6021,-0.2362],[-48.6336,-0.2316],[-48.6445,-0.2347],[-48.6514,-0.2403],[-48.6949,-0.2448],[-48.712,-0.2518],[-48.7437,-0.2499],[-48.7627,-0.2401],[-48.7764,-0.2373],[-48.7852,-0.2265],[-48.8101,-0.2148],[-48.8238,-0.2169],[-48.8347,-0.2227],[-48.9029,-0.2225],[-48.9179,-0.2296],[-48.947,-0.2222],[-48.964,-0.204],[-48.9973,-0.1862],[-49.0107,-0.1691],[-49.0126,-0.1599],[-49.0351,-0.1649],[-49.0394,-0.1693],[-49.0643,-0.1612],[-49.0783,-0.162],[-49.088,-0.1668],[-49.0948,-0.1629],[-49.1014,-0.1655],[-49.1134,-0.1606],[-49.1252,-0.1658],[-49.1255,-0.1715],[-49.1297,-0.171],[-49.1483,-0.1592],[-49.156,-0.1578],[-49.1589,-0.1493],[-49.1643,-0.1459],[-49.1634,-0.1341],[-49.1666,-0.129],[-49.1758,-0.1324],[-49.1771,-0.1397],[-49.1962,-0.1314],[-49.2088,-0.1395],[-49.2074,-0.1427],[-49.2129,-0.1487],[-49.2197,-0.1473],[-49.246,-0.1612],[-49.2476,-0.1656],[-49.2582,-0.1592],[-49.3169,-0.1573],[-49.3225,-0.1602],[-49.3286,-0.1578],[-49.3787,-0.191],[-49.3942,-0.1909],[-49.4222,-0.1684],[-49.4386,-0.1265],[-49.4317,-0.0882],[-49.4168,-0.0675],[-49.3957,-0.0575],[-49.3891,-0.0588],[-49.3761,-0.0325],[-49.3666,-0.032],[-49.3575,-0.0239],[-49.3543,-0.0096],[-49.3583,0.0079],[-49.3618,0.0139],[-49.3705,0.0188],[-49.3713,0.0242],[-49.3662,0.0294],[-49.3749,0.0444],[-49.397,0.0622],[-49.4075,0.0628],[-49.4356,0.0738],[-49.4513,0.0729],[-49.479,0.0811],[-49.5317,0.0812],[-49.5487,0.0852],[-49.5693,0.0854],[-49.5769,0.0907],[-49.6142,0.0753],[-49.6322,0.0749],[-49.6507,0.0844],[-49.6657,0.0966],[-49.6895,0.1268],[-49.6996,0.1505],[-49.6999,0.1581],[-49.6927,0.1781],[-49.6716,0.1994],[-49.6444,0.2167],[-49.6333,0.2414],[-49.6192,0.2478],[-49.6069,0.2599],[-49.5837,0.2725],[-49.5292,0.2917],[-49.5207,0.3023],[-49.495,0.3186],[-49.4886,0.3342],[-49.4894,0.343],[-49.4966,0.3529],[-49.4999,0.3668],[-49.5073,0.3749],[-49.5286,0.3881],[-49.5478,0.3901],[-49.5701,0.4145],[-49.5819,0.4187],[-49.588,0.4149],[-49.5906,0.4066],[-49.6026,0.4033],[-49.6181,0.3921],[-49.6289,0.395],[-49.6569,0.3939],[-49.6781,0.3862],[-49.7311,0.3753],[-49.7778,0.3413],[-49.8078,0.3321],[-49.814,0.3361],[-49.8166,0.3538],[-49.8222,0.3563],[-49.8892,0.3225],[-49.9048,0.3238],[-49.9142,0.3197],[-49.9209,0.3248],[-49.9077,0.3401],[-49.9098,0.3449],[-49.9257,0.3603],[-49.9459,0.3658],[-49.9805,0.3605],[-49.9862,0.3426],[-50.0026,0.3374],[-50.0327,0.3406],[-50.06,0.3367],[-50.0984,0.3445],[-50.1317,0.3307],[-50.1678,0.3403],[-50.1746,0.3479],[-50.1776,0.3756],[-50.1727,0.3976],[-50.1411,0.4195],[-50.1201,0.43],[-50.0774,0.4634],[-50.0555,0.5071],[-50.0364,0.5342],[-50.0338,0.5506],[-50.0291,0.5586],[-50.0292,0.5781],[-50.0373,0.6019],[-50.0527,0.6216],[-50.0836,0.6402],[-50.1044,0.6396],[-50.1235,0.6219],[-50.1335,0.6196],[-50.1791,0.6347],[-50.204,0.648],[-50.2135,0.656],[-50.2227,0.6781],[-50.2312,0.7301],[-50.2204,0.7431],[-50.2117,0.7462],[-50.1661,0.7544],[-50.1534,0.7497],[-50.1119,0.7604],[-50.0974,0.767],[-50.0368,0.8325],[-50.0203,0.8588],[-49.9884,0.8748],[-49.9875,0.8871],[-50.0025,0.9064],[-49.989,0.9395],[-49.9668,0.9437],[-49.9441,0.9594],[-49.9274,0.9847],[-49.8898,1.0136],[-49.8876,1.0229],[-49.8836,1.0776],[-49.8863,1.0879],[-49.8831,1.1691],[-49.8945,1.1822],[-49.8976,1.1916],[-49.9043,1.2956],[-49.8836,1.34],[-49.8805,1.3696],[-49.8832,1.3821],[-49.8785,1.3896],[-49.8758,1.4231],[-49.8765,1.4504],[-49.8826,1.5048],[-49.8906,1.5295],[-49.8945,1.5333],[-49.8936,1.5413],[-49.9029,1.5799],[-49.9003,1.6023],[-49.9127,1.6605],[-49.9189,1.6675],[-49.9206,1.6879],[-49.9292,1.6993],[-49.9428,1.7099],[-50.019,1.7531],[-50.0805,1.7789],[-50.1322,1.7965],[-50.1658,1.813],[-50.2338,1.8088],[-50.2643,1.8125],[-50.2897,1.8079],[-50.3246,1.8154],[-50.3735,1.8011],[-50.4005,1.8003],[-50.4237,1.8045],[-50.4309,1.8106],[-50.4448,1.815],[-50.475,1.8386],[-50.5074,1.8845],[-50.5256,1.9299],[-50.533,1.94],[-50.558,1.9558],[-50.5827,1.9896],[-50.5981,2.0309],[-50.5981,2.0638],[-50.6037,2.073],[-50.6178,2.0913],[-50.6342,2.1022],[-50.6425,2.1129],[-50.6819,2.1334],[-50.6853,2.1504],[-50.6808,2.1671],[-50.6866,2.1911],[-50.7048,2.2241],[-50.72,2.2363],[-50.7245,2.2443],[-50.7226,2.2877],[-50.7408,2.309],[-50.7449,2.32],[-50.7466,2.353],[-50.7505,2.3634],[-50.7575,2.3689],[-50.7564,2.3865],[-50.7687,2.409],[-50.7667,2.4365],[-50.7704,2.4534],[-50.784,2.4711],[-50.7942,2.4985],[-50.8018,2.5026],[-50.8165,2.503],[-50.827,2.5128],[-50.8236,2.5276],[-50.8331,2.5397],[-50.8317,2.5539],[-50.8348,2.5677],[-50.8473,2.5914],[-50.8443,2.601],[-50.8477,2.6403],[-50.859,2.6452],[-50.8572,2.6565],[-50.8595,2.6636],[-50.8708,2.6807],[-50.8804,2.6842],[-50.8824,2.6882],[-50.8862,2.7106],[-50.8834,2.7232],[-50.8847,2.7414],[-50.8944,2.7522],[-50.9054,2.7569],[-50.9085,2.7889],[-50.9227,2.8033],[-50.945,2.8178],[-50.9542,2.8372],[-50.9492,2.8498],[-50.9505,2.8822],[-50.9603,2.8959],[-50.9761,2.9294],[-50.9838,2.9371],[-50.9889,2.9582],[-50.9925,2.9622],[-50.9931,2.9826],[-50.9988,3.011],[-51.0179,3.0387],[-51.0212,3.0514],[-51.0209,3.0639],[-51.015,3.0677],[-51.0183,3.0783],[-51.0143,3.0856],[-51.0253,3.1025],[-51.0318,3.1069],[-51.0444,3.134],[-51.0437,3.1659],[-51.0349,3.1796],[-51.0328,3.2137],[-51.0516,3.2529],[-51.0865,3.3502],[-51.1093,3.4506],[-51.091,3.4805],[-51.0818,3.5595],[-51.0908,3.6319],[-51.0877,3.651],[-51.0912,3.7385],[-51.0864,3.8109],[-51.0894,3.8191],[-51.0844,3.8385],[-51.0807,3.8848],[-51.083,3.895],[-51.0921,3.9083],[-51.1019,3.9128],[-51.1223,3.9069],[-51.1793,3.9195],[-51.1777,3.958],[-51.1809,3.9626],[-51.1757,4.0109],[-51.1838,4.046],[-51.1836,4.0596],[-51.204,4.1251],[-51.2155,4.1422],[-51.2143,4.1459],[-51.2227,4.1607],[-51.2638,4.2163],[-51.2713,4.234],[-51.2834,4.2503],[-51.3196,4.2849],[-51.3318,4.3058],[-51.3516,4.3197],[-51.3942,4.365],[-51.4075,4.3726],[-51.4218,4.3871],[-51.4859,4.4372],[-51.6376,4.5088],[-51.6524,4.486],[-51.6694,4.4538],[-51.6638,4.4235],[-51.674,4.3941],[-51.6792,4.3661],[-51.6768,4.3327],[-51.6493,4.2673],[-51.6231,4.2256],[-51.6189,4.2098],[-51.6219,4.1951],[-51.6313,4.186],[-51.635,4.1763],[-51.6376,4.1333],[-51.6477,4.0795],[-51.6561,4.0539],[-51.6757,4.0361],[-51.7457,4.0015],[-51.7776,3.9746],[-51.7825,3.9618],[-51.7813,3.9252],[-51.7986,3.887],[-51.8131,3.8732],[-51.8208,3.8702],[-51.8234,3.8586],[-51.8369,3.8506],[-51.8564,3.8327],[-51.8727,3.8042],[-51.8843,3.8014],[-51.8872,3.7944],[-51.9029,3.8002],[-51.9044,3.7942],[-51.8978,3.7913],[-51.896,3.7859],[-51.9104,3.7794],[-51.9179,3.7819],[-51.9211,3.7793],[-51.9207,3.7743],[-51.9266,3.7673],[-51.9161,3.7457],[-51.9227,3.7231],[-51.9325,3.7233],[-51.9356,3.7194],[-51.952,3.7223],[-51.9571,3.7182],[-51.957,3.7136],[-51.9726,3.7055],[-51.9788,3.6824],[-51.9865,3.6721],[-51.9869,3.6541],[-51.9935,3.6429],[-51.9891,3.6351],[-51.9888,3.6269],[-52.0202,3.5924],[-52.0598,3.5205],[-52.0736,3.5147],[-52.0704,3.5083],[-52.072,3.5026],[-52.0802,3.4923],[-52.0868,3.4896],[-52.0928,3.479],[-52.0944,3.463],[-52.1087,3.4511],[-52.114,3.4343],[-52.1196,3.4296],[-52.1625,3.3509],[-52.174,3.3375],[-52.1742,3.3305],[-52.1867,3.3201],[-52.1926,3.3076],[-52.1891,3.3021],[-52.1908,3.2967],[-52.2031,3.2875],[-52.2336,3.2407],[-52.2427,3.2374],[-52.247,3.2416],[-52.248,3.2492],[-52.2605,3.253],[-52.2635,3.2456],[-52.2739,3.2364],[-52.2925,3.2264],[-52.2934,3.2172],[-52.3027,3.2],[-52.2994,3.1782],[-52.3013,3.1731],[-52.3125,3.1752],[-52.3211,3.1704],[-52.3305,3.1717],[-52.3332,3.1556],[-52.3408,3.1444],[-52.3369,3.1399],[-52.334,3.1415],[-52.3322,3.136],[-52.3481,3.1364],[-52.3529,3.1265],[-52.3493,3.1215],[-52.3382,3.1199],[-52.3451,3.1084],[-52.3455,3.0977],[-52.3261,3.0771],[-52.3447,3.0443],[-52.3525,3.023],[-52.3621,3.0171],[-52.3664,2.9953],[-52.3712,2.9909],[-52.3685,2.9818],[-52.3831,2.9505],[-52.3936,2.9455],[-52.3897,2.9404],[-52.3955,2.9287],[-52.3882,2.9175],[-52.3777,2.9212],[-52.3775,2.9155],[-52.3917,2.8973],[-52.401,2.8969],[-52.4056,2.9009],[-52.4098,2.894],[-52.4218,2.8916],[-52.445,2.8501],[-52.4567,2.8206],[-52.4735,2.7939],[-52.4783,2.7801],[-52.4755,2.7635],[-52.4831,2.7579],[-52.4797,2.7522],[-52.4914,2.7288],[-52.5,2.7213],[-52.5075,2.6974],[-52.5199,2.6839],[-52.5194,2.6766],[-52.5273,2.6641],[-52.5293,2.6516],[-52.5334,2.6501],[-52.542,2.654],[-52.5498,2.65],[-52.5555,2.6395],[-52.5513,2.6312],[-52.5445,2.6302],[-52.5423,2.622],[-52.5499,2.6109],[-52.5319,2.5989],[-52.5272,2.5824],[-52.5378,2.5671],[-52.5369,2.5586],[-52.549,2.5621],[-52.5613,2.5498],[-52.5545,2.5317],[-52.5493,2.531],[-52.5525,2.5263],[-52.5517,2.5209],[-52.5652,2.5163],[-52.5881,2.4938],[-52.5878,2.4881],[-52.5962,2.4756],[-52.6185,2.4748],[-52.6216,2.4621],[-52.6103,2.4525],[-52.6164,2.4456],[-52.6291,2.4452],[-52.6315,2.4412],[-52.6326,2.4454],[-52.6367,2.4446],[-52.6373,2.4392],[-52.6461,2.4332],[-52.6439,2.4205],[-52.6582,2.4013],[-52.6541,2.3957],[-52.6606,2.374],[-52.6685,2.3729],[-52.6714,2.3691],[-52.6802,2.3706],[-52.7101,2.3587],[-52.719,2.35],[-52.7174,2.3429],[-52.7338,2.3384],[-52.7354,2.3354],[-52.7398,2.337],[-52.7491,2.3289],[-52.7647,2.3235],[-52.7666,2.3192],[-52.77,2.321],[-52.7731,2.315],[-52.7798,2.3174],[-52.7835,2.3098],[-52.7869,2.3112],[-52.8014,2.3003],[-52.8346,2.2927],[-52.835,2.2897],[-52.8422,2.2912],[-52.8429,2.2874],[-52.8382,2.2813],[-52.8529,2.279],[-52.8579,2.2818],[-52.8553,2.2704],[-52.8514,2.2704],[-52.854,2.2637],[-52.8714,2.2603],[-52.8729,2.2466],[-52.8772,2.2441],[-52.8749,2.2417],[-52.8773,2.2384],[-52.8877,2.2384],[-52.8856,2.2201],[-52.8915,2.217],[-52.8931,2.2096],[-52.9011,2.1986],[-52.9031,2.1862],[-52.914,2.1923],[-52.9199,2.1933],[-52.921,2.1906],[-52.9286,2.1917],[-52.929,2.1896],[-52.9346,2.1943],[-52.9391,2.1899],[-52.9383,2.1807],[-52.9439,2.1771],[-52.9568,2.173],[-52.9596,2.1754],[-52.9753,2.1722],[-52.9778,2.1685],[-52.9849,2.1678],[-52.9977,2.1782],[-53.0123,2.1783],[-53.0321,2.187],[-53.039,2.1855],[-53.053,2.1901],[-53.0609,2.1997],[-53.0795,2.2105],[-53.0995,2.2143],[-53.1387,2.2119],[-53.1631,2.2047],[-53.1754,2.2042],[-53.1852,2.1992],[-53.2084,2.1992],[-53.2155,2.1938],[-53.2176,2.1958],[-53.2207,2.1936],[-53.2285,2.1978],[-53.2331,2.2054],[-53.2428,2.2076],[-53.2466,2.199],[-53.2556,2.1977],[-53.2614,2.1893],[-53.2759,2.1941],[-53.2792,2.186],[-53.284,2.189],[-53.287,2.1966],[-53.28,2.2048],[-53.2773,2.2215],[-53.2798,2.2233],[-53.2674,2.2237],[-53.2632,2.2285],[-53.2597,2.2529],[-53.2533,2.2465],[-53.2295,2.2624],[-53.2295,2.2654],[-53.2347,2.2754],[-53.2459,2.2731],[-53.2621,2.2763],[-53.2621,2.2902],[-53.2775,2.2989],[-53.2828,2.3098],[-53.2948,2.309],[-53.306,2.3155],[-53.315,2.3267],[-53.3201,2.344],[-53.3233,2.3471],[-53.3335,2.3445],[-53.3382,2.3536],[-53.3483,2.3547],[-53.36,2.3493],[-53.36,2.3338],[-53.3676,2.3206],[-53.3772,2.3178],[-53.3858,2.3084],[-53.3989,2.3082],[-53.4051,2.2975],[-53.4153,2.2972],[-53.4218,2.2898],[-53.4336,2.2879],[-53.4404,2.2803],[-53.4613,2.291],[-53.4697,2.2888],[-53.4656,2.2769],[-53.46,2.2762],[-53.4544,2.2701],[-53.4587,2.2611],[-53.4731,2.2567],[-53.4854,2.2649],[-53.4954,2.261],[-53.5099,2.262],[-53.5202,2.2665],[-53.5315,2.2577],[-53.5409,2.2573],[-53.5549,2.2608],[-53.5676,2.2715],[-53.5782,2.2728],[-53.5842,2.2689],[-53.6013,2.2862],[-53.6123,2.2864],[-53.615,2.2785],[-53.6193,2.2784],[-53.6262,2.2846],[-53.633,2.2816],[-53.6563,2.2845],[-53.6533,2.3024],[-53.6612,2.2997],[-53.6639,2.3054],[-53.6822,2.3012],[-53.6805,2.297],[-53.6862,2.2946],[-53.6955,2.3123],[-53.7077,2.3091],[-53.727,2.3144],[-53.7326,2.309],[-53.7488,2.3128],[-53.7508,2.3196],[-53.7429,2.3245],[-53.7366,2.324],[-53.7397,2.3353],[-53.7285,2.3428],[-53.7235,2.3541],[-53.728,2.3511],[-53.7385,2.3623],[-53.7448,2.3589],[-53.7536,2.3639],[-53.7437,2.3666],[-53.7392,2.3727],[-53.7416,2.375],[-53.758,2.3751],[-53.7672,2.3789],[-53.7729,2.3769],[-53.7733,2.3736],[-53.7841,2.3727],[-53.7909,2.3647],[-53.7996,2.365],[-53.8055,2.3575],[-53.8118,2.3567],[-53.8146,2.3424],[-53.835,2.3397],[-53.837,2.3336],[-53.8335,2.3295],[-53.8206,2.3297],[-53.8149,2.317],[-53.824,2.3176],[-53.8421,2.3077],[-53.8524,2.3103],[-53.8596,2.32],[-53.8659,2.3116],[-53.8713,2.3163],[-53.8839,2.3163],[-53.8898,2.3065],[-53.8878,2.2988],[-53.8928,2.2911],[-53.8892,2.2862],[-53.8926,2.2838],[-53.8987,2.2881],[-53.9078,2.274],[-53.9164,2.2772],[-53.916,2.2907],[-53.9296,2.2907],[-53.9363,2.297],[-53.9402,2.2907],[-53.9366,2.2862],[-53.9421,2.2781],[-53.9357,2.2594],[-53.9427,2.2525],[-53.9424,2.2424],[-53.9457,2.241],[-53.953,2.2453],[-53.9672,2.2431],[-53.9749,2.2324],[-53.99,2.2374],[-54.0012,2.23],[-54.1891,2.1788],[-54.4366,2.2099],[-54.6017,2.3372],[-54.6622,2.327],[-54.6921,2.3614],[-54.6849,2.4468],[-54.744,2.4715],[-54.7974,2.439],[-54.8723,2.4337],[-54.9112,2.4897],[-54.9354,2.5186],[-54.9543,2.5837],[-55.0038,2.591],[-55.0563,2.5532],[-55.1031,2.5257],[-55.1235,2.5677],[-55.1729,2.5594],[-55.2076,2.5229],[-55.2348,2.5035],[-55.2774,2.5124],[-55.3203,2.5155],[-55.3562,2.4757],[-55.3456,2.4481],[-55.3854,2.4185],[-55.4294,2.439],[-55.4823,2.4387],[-55.4998,2.4433],[-55.5043,2.4394],[-55.5248,2.4359],[-55.528,2.4287],[-55.5515,2.4295],[-55.5707,2.4236],[-55.5747,2.4378],[-55.5898,2.4314],[-55.5936,2.4334],[-55.6044,2.4302],[-55.6127,2.4263],[-55.6171,2.4199],[-55.6317,2.417],[-55.6423,2.4161],[-55.6573,2.4207],[-55.6741,2.4137],[-55.6984,2.4216],[-55.7048,2.4056],[-55.718,2.4021],[-55.747,2.4105],[-55.7568,2.43],[-55.7675,2.438],[-55.7616,2.4406],[-55.7667,2.4553],[-55.7814,2.4618],[-55.784,2.4566],[-55.8358,2.4609],[-55.8508,2.4692],[-55.8546,2.4806],[-55.8618,2.4832],[-55.8662,2.4815],[-55.8739,2.488],[-55.8809,2.489],[-55.8863,2.5036],[-55.8976,2.5056],[-55.9017,2.5173],[-55.9103,2.5201],[-55.9245,2.5187],[-55.9219,2.5229],[-55.9242,2.5306],[-55.9347,2.5335],[-55.9706,2.5294],[-55.9738,2.5259],[-55.9783,2.5274],[-55.9797,2.5189],[-55.9893,2.5178],[-55.9914,2.5124],[-55.9914,2.5021],[-55.978,2.4965],[-55.9798,2.4852],[-55.9882,2.4788],[-55.9912,2.4671],[-56.0116,2.4529],[-56.009,2.4444],[-56.0033,2.4459],[-55.9951,2.4357],[-55.9921,2.4387],[-55.9858,2.434],[-55.9855,2.4294],[-55.991,2.4224],[-55.9871,2.4204],[-56.0015,2.413],[-56.0071,2.4016],[-56.0148,2.3999],[-56.0233,2.391],[-56.0248,2.3825],[-56.0367,2.3743],[-56.04,2.3664],[-56.0331,2.3643],[-56.027,2.3554],[-56.027,2.3472],[-56.0226,2.3475],[-56.0219,2.3426],[-56.0297,2.3397],[-56.0296,2.3325],[-56.0507,2.3351],[-56.0592,2.343],[-56.0613,2.355],[-56.0687,2.3615],[-56.0711,2.3682],[-56.074,2.3709],[-56.081,2.3691],[-56.081,2.3733],[-56.0845,2.3751],[-56.0902,2.3724],[-56.0891,2.3641],[-56.0923,2.3602],[-56.089,2.3516],[-56.0957,2.3384],[-56.092,2.3299],[-56.0938,2.3213],[-56.1073,2.3184],[-56.1135,2.3111],[-56.1146,2.2987],[-56.1281,2.2865],[-56.1254,2.2783],[-56.1371,2.2708],[-56.139,2.2658],[-56.1231,2.2588],[-56.1205,2.2504],[-56.109,2.2448],[-56.0961,2.2415],[-56.0958,2.2462],[-56.0881,2.25],[-56.0774,2.2376],[-56.0739,2.2373],[-56.0689,2.2429],[-56.0581,2.2335],[-56.0487,2.2322],[-56.043,2.2279],[-56.0435,2.2214],[-56.0379,2.2197],[-56.0362,2.2136],[-56.0469,2.196],[-56.0563,2.1894],[-56.0551,2.1847],[-56.0498,2.1845],[-56.0459,2.1772],[-56.0351,2.1689],[-56.0142,2.1654],[-56.0031,2.1677],[-55.9958,2.1613],[-55.9921,2.1511],[-55.9867,2.1459],[-55.9938,2.1396],[-55.9914,2.1314],[-55.9822,2.1319],[-55.9756,2.1261],[-55.9782,2.1152],[-55.9735,2.1163],[-55.9698,2.1131],[-55.9731,2.1033],[-55.9669,2.0885],[-55.9488,2.0918],[-55.9382,2.0785],[-55.9292,2.0787],[-55.9268,2.0752],[-55.9329,2.0578],[-55.924,2.0518],[-55.9089,2.0475],[-55.9032,2.0412],[-55.9021,2.0294],[-55.9106,2.0221],[-55.9109,2.0145],[-55.9068,2.0135],[-55.906,2.009],[-55.9088,2.0081],[-55.908,2.0014],[-55.9138,1.9906],[-55.9228,1.9913],[-55.9292,1.9974],[-55.9352,1.9966],[-55.9364,1.9866],[-55.9226,1.9504],[-55.9296,1.9393],[-55.9221,1.9334],[-55.9206,1.9191],[-55.902,1.9078],[-55.9015,1.8968],[-55.9039,1.8881],[-55.915,1.8848],[-55.9344,1.8716],[-55.9565,1.8452],[-55.9702,1.8484],[-55.9761,1.8404],[-55.9794,1.842],[-55.9825,1.8394],[-55.9833,1.8356],[-55.9958,1.835],[-55.999,1.8314],[-56.0242,1.8427],[-56.0291,1.8417],[-56.0367,1.8503],[-56.0435,1.8473],[-56.05,1.8509],[-56.0665,1.8519],[-56.0755,1.8499],[-56.0775,1.8452],[-56.0814,1.846],[-56.0854,1.8531],[-56.0903,1.8538],[-56.0987,1.8466],[-56.1129,1.8551],[-56.1177,1.8511],[-56.1203,1.8572],[-56.13,1.8593],[-56.1326,1.87],[-56.1412,1.8751],[-56.1527,1.8908],[-56.1603,1.8915],[-56.1686,1.8877],[-56.171,1.9006],[-56.1825,1.8927],[-56.1953,1.8923],[-56.201,1.8962],[-56.209,1.8944],[-56.2151,1.9021],[-56.2345,1.8987],[-56.2441,1.8782],[-56.2632,1.8857],[-56.2724,1.8966],[-56.2901,1.9066],[-56.2908,1.9106],[-56.2953,1.9088],[-56.3028,1.9118],[-56.3091,1.921],[-56.3215,1.9237],[-56.335,1.9372],[-56.3394,1.9355],[-56.3583,1.9415],[-56.3691,1.9374],[-56.3721,1.9329],[-56.3887,1.933],[-56.3901,1.9235],[-56.3971,1.9234],[-56.4037,1.9303],[-56.4119,1.9283],[-56.4227,1.939],[-56.423,1.9458],[-56.4322,1.9465],[-56.4371,1.9518],[-56.4448,1.9486],[-56.4513,1.9562],[-56.4542,1.9524],[-56.469,1.9493],[-56.4829,1.9542],[-56.4957,1.9381],[-56.5181,1.9324],[-56.525,1.9248],[-56.5414,1.917],[-56.5556,1.9174],[-56.561,1.9111],[-56.5798,1.906],[-56.5867,1.911],[-56.5901,1.9214],[-56.5947,1.923],[-56.5985,1.9365],[-56.6079,1.9344],[-56.6215,1.946],[-56.63,1.9425],[-56.6411,1.9314],[-56.6492,1.9312],[-56.6511,1.9172],[-56.67,1.9133],[-56.6735,1.9128],[-56.6792,1.921],[-56.6824,1.9124],[-56.6924,1.9152],[-56.7047,1.924],[-56.721,1.9259],[-56.7269,1.9186],[-56.7348,1.9173],[-56.7377,1.9087],[-56.7498,1.9029],[-56.7536,1.8927],[-56.765,1.8884],[-56.7682,1.8761],[-56.7739,1.8689],[-56.7887,1.8642],[-56.7881,1.8544],[-56.7914,1.8525],[-56.798,1.8534],[-56.7958,1.8614],[-56.8011,1.8661],[-56.7986,1.8686],[-56.8015,1.8742],[-56.8093,1.8738],[-56.821,1.8793],[-56.8217,1.8833],[-56.8287,1.8817],[-56.831,1.8889],[-56.8379,1.8881],[-56.8459,1.8933],[-56.8563,1.8893],[-56.8597,1.8906],[-56.8587,1.8953],[-56.8646,1.8967],[-56.8667,1.8932],[-56.8869,1.897],[-56.8915,1.9019],[-56.8936,1.8994],[-56.9073,1.9105],[-56.9064,1.9152],[-56.9198,1.9304],[-56.9499,1.9195],[-56.9506,1.9227],[-56.9593,1.9245],[-56.9683,1.9167],[-56.9716,1.9056],[-56.9762,1.903],[-56.9829,1.9074],[-57.0008,1.9074],[-57.0092,1.917],[-57.0143,1.915],[-57.0245,1.9279],[-57.025,1.9398],[-57.032,1.947],[-57.0475,1.9532],[-57.0539,1.9525],[-57.0565,1.9569],[-57.064,1.956],[-57.0713,1.9688],[-57.0712,1.9967],[-57.0735,2.0025],[-57.0826,2.0076],[-57.0817,2.0189],[-57.0868,2.0265],[-57.0964,2.0179],[-57.1117,2.0296],[-57.1167,2.028],[-57.1164,2.0149],[-57.1201,2.0102],[-57.1299,2.0065],[-57.1322,2.0027],[-57.1409,2.0011],[-57.1465,1.9952],[-57.1475,1.9891],[-57.1531,1.9926],[-57.1689,1.9942],[-57.1792,1.9902],[-57.1834,1.9796],[-57.2033,1.9767],[-57.2148,1.9614],[-57.2292,1.9536],[-57.2293,1.9377],[-57.2324,1.9368],[-57.2443,1.9473],[-57.2555,1.9504],[-57.2565,1.9612],[-57.2624,1.9618],[-57.267,1.9692],[-57.2712,1.9698],[-57.2735,1.9742],[-57.2679,1.9799],[-57.2689,1.9837],[-57.2773,1.9831],[-57.3044,1.9975],[-57.3072,1.9967],[-57.3133,1.9773],[-57.3293,1.9797],[-57.3383,1.9754],[-57.3457,1.9803],[-57.3563,1.9705],[-57.3543,1.9612],[-57.3692,1.9565],[-57.3682,1.9522],[-57.3571,1.9472],[-57.3568,1.9443],[-57.3678,1.9238],[-57.3758,1.9223],[-57.3851,1.9275],[-57.3959,1.9241],[-57.403,1.9128],[-57.4278,1.9095],[-57.4335,1.906],[-57.4326,1.8909],[-57.4362,1.8806],[-57.4293,1.8739],[-57.4325,1.8694],[-57.432,1.8586],[-57.4401,1.8508],[-57.4397,1.845],[-57.4451,1.8412],[-57.4379,1.8269],[-57.4449,1.8224],[-57.4534,1.8039],[-57.4607,1.8033],[-57.4741,1.7959],[-57.4763,1.799],[-57.4777,1.7948],[-57.4852,1.8],[-57.4871,1.7926],[-57.4999,1.7889],[-57.502,1.7862],[-57.4974,1.7669],[-57.5019,1.758],[-57.5086,1.7575],[-57.5146,1.7473],[-57.5168,1.7318],[-57.5143,1.7231],[-57.519,1.7212],[-57.5262,1.7281],[-57.5319,1.7216],[-57.5414,1.7205],[-57.5343,1.7083],[-57.5377,1.7006],[-57.5504,1.7007],[-57.5533,1.6925],[-57.5646,1.6959],[-57.5727,1.6888],[-57.5772,1.6904],[-57.5761,1.7027],[-57.5818,1.7062],[-57.584,1.7021],[-57.5979,1.7005],[-57.6049,1.693],[-57.6195,1.6958],[-57.622,1.6998],[-57.6294,1.6985],[-57.633,1.6915],[-57.6505,1.6824],[-57.6556,1.6905],[-57.6606,1.6892],[-57.6679,1.6957],[-57.6725,1.7109],[-57.6752,1.706],[-57.6841,1.7058],[-57.6981,1.7138],[-57.6972,1.7209],[-57.7052,1.731],[-57.712,1.7286],[-57.7083,1.7208],[-57.7102,1.7177],[-57.7185,1.7155],[-57.7165,1.7208],[-57.7197,1.7229],[-57.7312,1.719],[-57.7451,1.7229],[-57.7583,1.7188],[-57.7603,1.7227],[-57.7668,1.7227],[-57.7689,1.7274],[-57.7744,1.7298],[-57.7805,1.7193],[-57.7924,1.7267],[-57.7955,1.7064],[-57.8037,1.7019],[-57.7965,1.6911],[-57.7999,1.6853],[-57.8092,1.6884],[-57.8196,1.6839],[-57.8365,1.6866],[-57.8402,1.6836],[-57.8443,1.689],[-57.8471,1.6811],[-57.8532,1.6779],[-57.8522,1.6679],[-57.8772,1.6804],[-57.8772,1.6719],[-57.8847,1.6698],[-57.8893,1.6743],[-57.8951,1.6744],[-57.9022,1.6678],[-57.9022,1.6604],[-57.909,1.6512],[-57.9269,1.6449],[-57.9503,1.6477],[-57.9595,1.6512],[-57.9579,1.6543],[-57.962,1.6572],[-57.9705,1.6544],[-57.9789,1.656],[-57.9811,1.6594],[-57.9902,1.6585],[-57.9903,1.6515],[-58.0025,1.6495],[-58.0027,1.6457],[-57.9963,1.6445],[-57.9804,1.6333],[-57.9821,1.6179],[-57.9854,1.6168],[-57.9815,1.5964],[-57.984,1.5863],[-57.9787,1.5728],[-57.9826,1.5659],[-57.99,1.5674],[-57.9889,1.5625],[-57.9919,1.5615],[-57.9944,1.5532],[-57.9888,1.5438],[-58.0013,1.5282],[-58.0005,1.5208],[-58.0056,1.5168],[-58.0043,1.5031],[-58.024,1.5109],[-58.0273,1.5087],[-58.0407,1.521],[-58.0439,1.5196],[-58.061,1.5254],[-58.0653,1.5223],[-58.0695,1.5074],[-58.085,1.508],[-58.0856,1.5149],[-58.0977,1.514],[-58.1114,1.5012],[-58.1295,1.499],[-58.1497,1.5101],[-58.1462,1.5154],[-58.1553,1.5301],[-58.1537,1.5431],[-58.1567,1.5437],[-58.1607,1.5602],[-58.1839,1.5653],[-58.1931,1.5723],[-58.1974,1.5672],[-58.213,1.5648],[-58.2361,1.5467],[-58.2414,1.5542],[-58.2546,1.5619],[-58.2573,1.5692],[-58.2624,1.5708],[-58.2718,1.5674],[-58.2883,1.5725],[-58.2929,1.5643],[-58.3172,1.5685],[-58.3144,1.594],[-58.3225,1.5971],[-58.3272,1.5953],[-58.3446,1.5758],[-58.3435,1.5666],[-58.3605,1.5602],[-58.3619,1.5512],[-58.3595,1.5464],[-58.3632,1.5381],[-58.3896,1.5354],[-58.3948,1.5266],[-58.3938,1.52],[-58.3837,1.5109],[-58.3916,1.5064],[-58.3904,1.4964],[-58.3856,1.4929],[-58.3853,1.4887],[-58.3768,1.488],[-58.3719,1.4816],[-58.3857,1.47],[-58.422,1.471],[-58.4254,1.467],[-58.4395,1.4645],[-58.4444,1.4565],[-58.4485,1.4561],[-58.462,1.4661],[-58.4729,1.4611],[-58.4839,1.4606],[-58.4935,1.4683],[-58.5088,1.463],[-58.508,1.4449],[-58.5024,1.4429],[-58.4982,1.4302],[-58.5033,1.4249],[-58.5016,1.415],[-58.506,1.4096],[-58.5052,1.4032],[-58.4797,1.3902],[-58.4791,1.3872],[-58.4851,1.3848],[-58.4702,1.3709],[-58.4649,1.3754],[-58.458,1.3715],[-58.4744,1.3484],[-58.4711,1.3194],[-58.4762,1.3085],[-58.4835,1.3004],[-58.4952,1.295],[-58.4963,1.268],[-58.5041,1.2691],[-58.5044,1.2733],[-58.513,1.2777],[-58.5194,1.2685],[-58.5191,1.2582],[-58.523,1.258],[-58.5241,1.2671],[-58.5272,1.2696],[-58.5336,1.2691],[-58.5361,1.2657],[-58.5383,1.2677],[-58.5402,1.288],[-58.5469,1.2919],[-58.5597,1.2902],[-58.5647,1.2947],[-58.5699,1.2861],[-58.5777,1.2833],[-58.5777,1.2747],[-58.5855,1.2622],[-58.5883,1.2635],[-58.5886,1.2699],[-58.6083,1.2738],[-58.6149,1.283],[-58.6288,1.2886],[-58.6372,1.2883],[-58.6394,1.2855],[-58.6527,1.2883],[-58.6641,1.2794],[-58.6761,1.2852],[-58.6802,1.2963],[-58.6947,1.2974],[-58.7105,1.2899],[-58.7099,1.2835],[-58.7208,1.2555],[-58.7211,1.2452],[-58.7152,1.2377],[-58.7199,1.2338],[-58.7302,1.2107],[-58.7372,1.2063],[-58.7397,1.1999],[-58.7513,1.2085],[-58.7641,1.1971],[-58.7699,1.1865],[-58.7763,1.1855],[-58.7794,1.1907],[-58.7916,1.1905],[-58.8002,1.1766],[-58.8036,1.176],[-58.8061,1.1813],[-58.8213,1.171],[-58.8252,1.1713],[-58.8241,1.1833],[-58.8269,1.1871],[-58.8319,1.188],[-58.8461,1.1819],[-58.8544,1.1835],[-58.8594,1.2041],[-58.8669,1.2032],[-58.8708,1.2088],[-58.8711,1.2177],[-58.8769,1.2254],[-58.8919,1.2308],[-58.8977,1.2274],[-58.9122,1.2382],[-58.9047,1.2413],[-58.9047,1.251],[-58.8869,1.2602],[-58.8988,1.2794],[-58.9185,1.2849],[-58.9224,1.2899],[-58.9238,1.2935],[-58.9158,1.306],[-58.9155,1.3138],[-58.9185,1.3166],[-58.9327,1.3174],[-58.9491,1.3127],[-58.9661,1.3124],[-58.973,1.3094],[-58.9788,1.3016],[-58.9866,1.3132],[-58.9894,1.3244],[-58.9938,1.3271],[-59.0005,1.3238],[-59.0133,1.3238],[-59.023,1.331],[-59.0486,1.3227],[-59.053,1.3244],[-59.0577,1.3346],[-59.0663,1.3355],[-59.0702,1.3296],[-59.0763,1.331],[-59.0872,1.3385],[-59.0899,1.3463],[-59.0961,1.3446],[-59.1027,1.3482],[-59.1186,1.3427],[-59.1316,1.3524],[-59.1441,1.3474],[-59.1527,1.3488],[-59.1611,1.3591],[-59.1697,1.3566],[-59.1769,1.3605],[-59.1886,1.3752],[-59.1966,1.3782],[-59.2047,1.3769],[-59.2077,1.3713],[-59.2255,1.3769],[-59.2338,1.3863],[-59.2433,1.3852],[-59.2533,1.3882],[-59.2594,1.3969],[-59.2694,1.4005],[-59.2722,1.4066],[-59.2822,1.4094],[-59.2749,1.4177],[-59.2844,1.4371],[-59.2886,1.4391],[-59.2886,1.4446],[-59.2841,1.4496],[-59.3024,1.4655],[-59.3105,1.466],[-59.3141,1.4602],[-59.3249,1.4613],[-59.3272,1.4641],[-59.328,1.4735],[-59.3216,1.4821],[-59.3324,1.5057],[-59.3299,1.5138],[-59.3397,1.5182],[-59.3588,1.518],[-59.3583,1.5102],[-59.3622,1.5038],[-59.3649,1.5096],[-59.373,1.5063],[-59.3833,1.508],[-59.3788,1.5207],[-59.3836,1.5221],[-59.3841,1.5288],[-59.3944,1.5371],[-59.3961,1.5552],[-59.3997,1.5571],[-59.4127,1.5516],[-59.423,1.5557],[-59.4316,1.568],[-59.4272,1.5863],[-59.4377,1.5938],[-59.448,1.6194],[-59.4652,1.6177],[-59.483,1.6266],[-59.4888,1.6346],[-59.4888,1.6399],[-59.4949,1.6452],[-59.4933,1.6735],[-59.5005,1.6771],[-59.5072,1.6744],[-59.5074,1.668],[-59.5113,1.6685],[-59.5138,1.6807],[-59.5263,1.6913],[-59.5274,1.7044],[-59.5344,1.7088],[-59.5336,1.7163],[-59.5391,1.7224],[-59.5452,1.7213],[-59.5505,1.7282],[-59.5569,1.7238],[-59.5652,1.7349],[-59.5755,1.7349],[-59.5841,1.7321],[-59.5877,1.7263],[-59.608,1.7224],[-59.6174,1.7152],[-59.6299,1.728],[-59.633,1.741],[-59.6538,1.743],[-59.663,1.7369],[-59.6663,1.7546],[-59.6902,1.7563],[-59.6916,1.7619],[-59.6852,1.7741],[-59.6886,1.7785],[-59.6858,1.7899],[-59.6788,1.7905],[-59.6811,1.7963],[-59.6788,1.8071],[-59.673,1.8074],[-59.6649,1.8135],[-59.6605,1.8107],[-59.6544,1.8169],[-59.6583,1.8257],[-59.6499,1.8435],[-59.6624,1.8619],[-59.6622,1.8696],[-59.6694,1.8607],[-59.6658,1.8482],[-59.6777,1.8385],[-59.6805,1.8455],[-59.6919,1.8535],[-59.7108,1.8546],[-59.7255,1.8488],[-59.7461,1.8519],[-59.7536,1.8644],[-59.7469,1.8785],[-59.7594,1.9005],[-59.7541,1.9121],[-59.7566,1.9199],[-59.7452,1.9299],[-59.7461,1.941],[-59.738,1.9555],[-59.7405,1.9571],[-59.7377,1.9664],[-59.7427,1.9717],[-59.7379,1.9779],[-59.7388,1.9832],[-59.7333,1.9852],[-59.735,2.0031],[-59.7315,2.0078],[-59.7359,2.0124],[-59.7337,2.0184],[-59.7259,2.0198],[-59.7209,2.0278],[-59.7297,2.0303],[-59.7323,2.0457],[-59.7377,2.051],[-59.7361,2.055],[-59.7426,2.0696],[-59.7365,2.0889],[-59.7231,2.0985],[-59.7218,2.1035],[-59.7218,2.1164],[-59.7242,2.1226],[-59.7289,2.1242],[-59.7258,2.1328],[-59.7336,2.1437],[-59.7391,2.1463],[-59.7378,2.1569],[-59.7418,2.1621],[-59.7372,2.1745],[-59.7403,2.18],[-59.7356,2.1821],[-59.7367,2.1889],[-59.7261,2.2076],[-59.7294,2.2124],[-59.7303,2.2309],[-59.7198,2.2376],[-59.7214,2.2491],[-59.7293,2.2632],[-59.7232,2.276],[-59.7326,2.2859],[-59.7376,2.2864],[-59.7404,2.2929],[-59.7505,2.2878],[-59.7698,2.2954],[-59.7864,2.2837],[-59.7992,2.2978],[-59.8044,2.2987],[-59.806,2.3071],[-59.8163,2.3131],[-59.8189,2.3179],[-59.824,2.3181],[-59.8285,2.3288],[-59.8322,2.3289],[-59.8386,2.3207],[-59.8444,2.321],[-59.8439,2.3295],[-59.8541,2.3315],[-59.8548,2.3382],[-59.8692,2.3497],[-59.8716,2.3603],[-59.8828,2.3529],[-59.8989,2.3629],[-59.8984,2.3691],[-59.9046,2.3755],[-59.9083,2.3935],[-59.8982,2.4032],[-59.8957,2.4113],[-59.8991,2.4202],[-59.8976,2.4243],[-59.8915,2.4263],[-59.901,2.4376],[-59.8947,2.4531],[-59.8943,2.4649],[-59.9006,2.4721],[-59.8971,2.4814],[-59.9123,2.4949],[-59.9136,2.5038],[-59.92,2.5073],[-59.9214,2.5198],[-59.9181,2.5254],[-59.9382,2.5519],[-59.9301,2.5705],[-59.9345,2.5723],[-59.9422,2.5841],[-59.9721,2.594],[-59.9673,2.6085],[-59.9578,2.6096],[-59.964,2.6159],[-59.9638,2.6253],[-59.977,2.6392],[-59.9718,2.6563],[-59.9742,2.667],[-59.9884,2.6798],[-59.9919,2.688],[-59.9892,2.6953],[-59.9918,2.708],[-59.9897,2.7184],[-59.993,2.7339],[-59.9878,2.7507],[-59.9925,2.7668],[-59.9935,2.7861],[-59.9871,2.8029],[-59.9915,2.8385],[-59.985,2.8516],[-59.987,2.8639],[-59.9824,2.87],[-59.9897,2.8816],[-59.9779,2.8974],[-59.979,2.9042],[-59.9831,2.9044],[-59.9865,2.9104],[-59.9826,2.9216],[-59.984,2.9304],[-59.9599,2.9534],[-59.9648,2.9638],[-59.9532,2.9927],[-59.9468,3.0001],[-59.9624,3.0169],[-59.9513,3.044],[-59.9561,3.0811],[-59.9398,3.0869],[-59.9388,3.0999],[-59.9295,3.1102],[-59.9241,3.1082],[-59.9205,3.1218],[-59.9158,3.1106],[-59.9079,3.1133],[-59.9092,3.1251],[-59.9136,3.1276],[-59.9173,3.1256],[-59.9195,3.1321],[-59.9156,3.139],[-59.9082,3.1397],[-59.9081,3.1444],[-59.9199,3.144],[-59.9211,3.1472],[-59.9196,3.1494],[-59.9036,3.1491],[-59.8999,3.1541],[-59.9125,3.1906],[-59.9083,3.2119],[-59.9026,3.2163],[-59.8875,3.2164],[-59.8744,3.2257],[-59.8755,3.2297],[-59.8876,3.2389],[-59.8877,3.2427],[-59.8787,3.2466],[-59.8815,3.2579],[-59.8721,3.2768],[-59.8595,3.2779],[-59.8525,3.2933],[-59.8534,3.3021],[-59.8419,3.3085],[-59.8419,3.3196],[-59.8365,3.321],[-59.8276,3.3311],[-59.834,3.353],[-59.8248,3.3566],[-59.8103,3.3517],[-59.8051,3.3568],[-59.8043,3.3698],[-59.8109,3.3786],[-59.822,3.4124],[-59.8207,3.4173],[-59.8112,3.4235],[-59.8119,3.4285],[-59.8169,3.4304],[-59.8323,3.4223],[-59.8417,3.4274],[-59.8401,3.4432],[-59.8299,3.454],[-59.8237,3.4714],[-59.8104,3.47],[-59.814,3.4787],[-59.8182,3.4796],[-59.8235,3.476],[-59.827,3.4805],[-59.8029,3.4908],[-59.8035,3.5046],[-59.8062,3.5113],[-59.8187,3.5213],[-59.8252,3.524],[-59.834,3.5229],[-59.8445,3.5433],[-59.8424,3.5528],[-59.8702,3.5595],[-59.8727,3.5638],[-59.8588,3.5716],[-59.8674,3.5775],[-59.8588,3.5806],[-59.8516,3.5943],[-59.8508,3.6046],[-59.8352,3.6073],[-59.8222,3.614],[-59.8162,3.6103],[-59.8161,3.6205],[-59.8112,3.617],[-59.7963,3.6196],[-59.788,3.6168],[-59.7741,3.6261],[-59.7644,3.6262],[-59.7685,3.6328],[-59.7596,3.6332],[-59.7522,3.6529],[-59.7394,3.6616],[-59.7207,3.6659],[-59.7184,3.6754],[-59.71,3.6802],[-59.7047,3.6891],[-59.6915,3.6895],[-59.6878,3.6995],[-59.6795,3.6967],[-59.6683,3.7036],[-59.6629,3.7173],[-59.6717,3.7281],[-59.6642,3.7347],[-59.6704,3.7433],[-59.6752,3.7447],[-59.6742,3.7551],[-59.6801,3.7569],[-59.6691,3.7651],[-59.6708,3.768],[-59.6658,3.7806],[-59.6559,3.7862],[-59.6475,3.7873],[-59.6402,3.7843],[-59.6356,3.7933],[-59.628,3.799],[-59.626,3.7952],[-59.6315,3.7924],[-59.6325,3.7883],[-59.6294,3.7842],[-59.6243,3.7909],[-59.618,3.7914],[-59.6095,3.8045],[-59.604,3.7968],[-59.5971,3.7938],[-59.5941,3.8076],[-59.5985,3.8118],[-59.5977,3.8153],[-59.5926,3.8143],[-59.5846,3.8234],[-59.5806,3.8155],[-59.578,3.8176],[-59.5782,3.8326],[-59.5871,3.8353],[-59.5857,3.841],[-59.5895,3.8514],[-59.5861,3.8574],[-59.5937,3.8605],[-59.5902,3.8678],[-59.5935,3.8849],[-59.5895,3.889],[-59.5762,3.8893],[-59.5783,3.9014],[-59.5681,3.8901],[-59.5657,3.9171],[-59.5628,3.9204],[-59.5453,3.9202],[-59.5399,3.924],[-59.5427,3.9285],[-59.5399,3.9321],[-59.5265,3.9246],[-59.5239,3.9321],[-59.5268,3.9382],[-59.5162,3.9462],[-59.5227,3.9506],[-59.5197,3.9548],[-59.5267,3.9685],[-59.5429,3.9714],[-59.5455,3.979],[-59.558,3.9781],[-59.5662,3.9694],[-59.5661,3.9645],[-59.5711,3.9695],[-59.5841,3.9683],[-59.5867,3.9753],[-59.572,3.987],[-59.5811,4.0025],[-59.5846,4.0026],[-59.5866,3.9937],[-59.5972,4.0008],[-59.5919,4.0079],[-59.5948,4.0181],[-59.6073,4.007],[-59.6138,4.0175],[-59.6014,4.016],[-59.6017,4.0289],[-59.6198,4.0378],[-59.6181,4.0516],[-59.6244,4.0542],[-59.6303,4.0527],[-59.6403,4.0616],[-59.6422,4.0672],[-59.6546,4.07],[-59.6204,4.1329],[-59.6361,4.142],[-59.6508,4.1458],[-59.6621,4.1463],[-59.6664,4.1436],[-59.6855,4.1471],[-59.7018,4.16],[-59.7152,4.1665],[-59.7228,4.1661],[-59.7231,4.1747],[-59.7312,4.1811],[-59.7276,4.1905],[-59.7386,4.211],[-59.7357,4.2279],[-59.74,4.2342],[-59.7229,4.2571],[-59.7105,4.2683],[-59.7191,4.2746],[-59.7303,4.2681],[-59.7342,4.2735],[-59.7293,4.2794],[-59.7328,4.2844],[-59.7205,4.297],[-59.7192,4.3021],[-59.7111,4.307],[-59.7052,4.3062],[-59.7049,4.3184],[-59.6908,4.3352],[-59.6793,4.3416],[-59.6762,4.3469],[-59.6834,4.3642],[-59.6785,4.3696],[-59.6707,4.3716],[-59.6708,4.3766],[-59.6846,4.3853],[-59.6946,4.3804],[-59.7142,4.3963],[-59.7211,4.3981],[-59.7204,4.4097],[-59.7279,4.4108],[-59.7359,4.4237],[-59.755,4.4206],[-59.7546,4.4237],[-59.7663,4.4373],[-59.7719,4.4375],[-59.7752,4.4411],[-59.781,4.4396],[-59.7792,4.4449],[-59.7836,4.4503],[-59.7872,4.4465],[-59.7937,4.4473],[-59.7966,4.4506],[-59.7949,4.4653],[-59.8045,4.4666],[-59.8063,4.4546],[-59.8126,4.4464],[-59.8293,4.4503],[-59.832,4.458],[-59.8489,4.4528],[-59.8548,4.4558],[-59.8624,4.4526],[-59.8718,4.4623],[-59.8682,4.4689],[-59.863,4.4714],[-59.8748,4.4783],[-59.8726,4.4845],[-59.8758,4.4869],[-59.8804,4.4748],[-59.8991,4.4779],[-59.9055,4.4596],[-59.9089,4.4602],[-59.9163,4.4675],[-59.9121,4.4786],[-59.9312,4.4813],[-59.9258,4.4894],[-59.9344,4.493],[-59.9365,4.4998],[-59.9418,4.4971],[-59.972,4.5093],[-59.9751,4.4886],[-59.9726,4.4808],[-59.9817,4.4878],[-59.9894,4.4857],[-60.0076,4.4958],[-60.0172,4.4896],[-60.0238,4.4942],[-60.0343,4.4902],[-60.0453,4.4945],[-60.0702,4.4932],[-60.0714,4.4998],[-60.0644,4.5207],[-60.0781,4.5242],[-60.0816,4.518],[-60.0866,4.5173],[-60.0834,4.5307],[-60.0891,4.5335],[-60.0942,4.5276],[-60.1042,4.527],[-60.1048,4.5234],[-60.0977,4.5158],[-60.1011,4.5085],[-60.1206,4.5013],[-60.1242,4.5074],[-60.1373,4.5146],[-60.1506,4.5115],[-60.1615,4.5178],[-60.1539,4.5486],[-60.161,4.5556],[-60.1573,4.5727],[-60.1506,4.576],[-60.145,4.5664],[-60.1363,4.5649],[-60.1406,4.5789],[-60.1356,4.5808],[-60.1277,4.575],[-60.1227,4.5791],[-60.1283,4.5854],[-60.1311,4.5952],[-60.125,4.6037],[-60.1122,4.6028],[-60.1079,4.6079],[-60.0989,4.6033],[-60.0952,4.6066],[-60.0892,4.6058],[-60.0777,4.616],[-60.0704,4.617],[-60.0757,4.6353],[-60.0703,4.638],[-60.0695,4.6434],[-60.0725,4.6501],[-60.0763,4.6499],[-60.0755,4.6554],[-60.0585,4.6783],[-60.0539,4.6796],[-60.0414,4.6954],[-60.0259,4.7057],[-60.0275,4.7145],[-60.0361,4.719],[-60.0394,4.7244],[-60.0254,4.7431],[-60.0267,4.7658],[-60.0219,4.7811],[-60.0359,4.7901],[-60.0347,4.8013],[-60.031,4.8075],[-60.0222,4.8121],[-60.0281,4.8174],[-60.0256,4.8311],[-60.0133,4.8438],[-60.0092,4.861],[-60.0102,4.8731],[-60.005,4.8818],[-60.0073,4.8877],[-60.001,4.906],[-60.0018,4.9168],[-59.999,4.918],[-59.9979,4.9293],[-59.9925,4.9381],[-59.994,4.95],[-59.9897,4.9495],[-59.9941,4.9648],[-59.9866,4.9781],[-59.9908,4.9842],[-59.9869,4.9897],[-59.9895,5.0017],[-59.9853,5.0083],[-59.9856,5.0186],[-59.98,5.0163],[-59.9779,5.0187],[-59.9751,5.0306],[-59.9782,5.043],[-59.9746,5.0483],[-59.9776,5.0541],[-59.9703,5.0637],[-59.972,5.0749],[-59.9769,5.0793],[-59.9922,5.0865],[-60.0007,5.0825],[-60.0141,5.0898],[-60.0184,5.089],[-60.018,5.0918],[-60.023,5.092],[-60.0384,5.1098],[-60.0418,5.1062],[-60.0461,5.1066],[-60.0439,5.1103],[-60.0491,5.1117],[-60.053,5.119],[-60.0516,5.1228],[-60.0575,5.1246],[-60.064,5.1377],[-60.0958,5.1407],[-60.0991,5.1466],[-60.1069,5.1941],[-60.1327,5.2249],[-60.1361,5.2491],[-60.1563,5.233],[-60.1724,5.2266],[-60.1952,5.2382],[-60.1933,5.253],[-60.2022,5.2666],[-60.2125,5.2718],[-60.2266,5.2638],[-60.2352,5.2627],[-60.2461,5.2518],[-60.2641,5.251],[-60.27,5.2435],[-60.2711,5.2343],[-60.278,5.2338],[-60.2833,5.2291],[-60.3044,5.2266],[-60.3111,5.2135],[-60.32,5.2077],[-60.3283,5.2055],[-60.3366,5.2079],[-60.3458,5.2046],[-60.3561,5.2096],[-60.3672,5.2043],[-60.3716,5.2077],[-60.3713,5.2146],[-60.3841,5.2218],[-60.4066,5.2107],[-60.4136,5.2135],[-60.418,5.2057],[-60.4188,5.1938],[-60.4344,5.1813],[-60.4466,5.1841],[-60.4519,5.2029],[-60.4636,5.1991],[-60.4697,5.2029],[-60.4747,5.2007],[-60.5005,5.2027],[-60.5272,5.2079],[-60.5397,5.2027],[-60.5458,5.1941],[-60.5694,5.1957],[-60.5905,5.2074],[-60.595,5.2196],[-60.5986,5.2205],[-60.6036,5.2152],[-60.6147,5.2182],[-60.625,5.2152],[-60.6388,5.2199],[-60.6522,5.2305],[-60.66,5.2268],[-60.6825,5.2318],[-60.6972,5.2288],[-60.7094,5.2185],[-60.7233,5.2199],[-60.7363,5.2018],[-60.7347,5.2002],[-60.7282,5.201],[-60.7183,5.1956],[-60.7016,5.1943],[-60.6947,5.1971],[-60.6867,5.1943],[-60.6808,5.1886],[-60.6794,5.1766],[-60.6612,5.1637],[-60.6571,5.156],[-60.6561,5.1143],[-60.6544,5.1124],[-60.6488,5.119],[-60.6426,5.1172],[-60.6409,5.1098],[-60.6452,5.096],[-60.6408,5.0816],[-60.645,5.0585],[-60.6383,5.0513],[-60.632,5.05],[-60.6261,5.031],[-60.6115,5.0152],[-60.613,5.0066],[-60.5991,4.9993],[-60.5927,4.9707],[-60.5841,4.9557],[-60.5897,4.9427],[-60.59,4.931],[-60.5919,4.9268],[-60.6088,4.9241],[-60.6161,4.918],[-60.6258,4.9041],[-60.6288,4.8888],[-60.6524,4.8846],[-60.653,4.8782],[-60.6483,4.8688],[-60.6563,4.8652],[-60.66,4.856],[-60.6591,4.8491],[-60.6725,4.8407],[-60.6763,4.8313],[-60.6861,4.8263],[-60.6875,4.8196],[-60.6961,4.8105],[-60.7052,4.8096],[-60.7197,4.7996],[-60.727,4.7882],[-60.7209,4.7774],[-60.7396,4.7698],[-60.7423,4.7617],[-60.7509,4.7537],[-60.7637,4.7582],[-60.7751,4.7522],[-60.7886,4.7529],[-60.7938,4.7476],[-60.7976,4.7506],[-60.803,4.7467],[-60.8074,4.7478],[-60.8157,4.7278],[-60.8279,4.7248],[-60.8343,4.7283],[-60.8339,4.7225],[-60.8401,4.713],[-60.8464,4.7114],[-60.8515,4.7031],[-60.87,4.7089],[-60.878,4.716],[-60.8832,4.7123],[-60.8926,4.7174],[-60.9019,4.7161],[-60.9133,4.6972],[-60.9099,4.689],[-60.9196,4.6633],[-60.931,4.6616],[-60.934,4.6562],[-60.9476,4.6555],[-60.9514,4.6438],[-60.9507,4.6375],[-60.9386,4.6332],[-60.9375,4.6241],[-60.9334,4.6211],[-60.9383,4.6027],[-60.9337,4.585],[-60.9393,4.5799],[-60.9563,4.5817],[-60.953,4.56],[-60.9571,4.5567],[-60.9579,4.5452],[-60.9775,4.5413],[-60.9849,4.5427],[-60.9872,4.5319],[-60.9945,4.5326],[-60.997,4.5285],[-60.993,4.5217],[-60.9979,4.5156],[-61.0068,4.5187],[-61.0171,4.5149],[-61.0205,4.5196],[-61.0499,4.524],[-61.065,4.5232],[-61.0728,4.518],[-61.0834,4.5177],[-61.0927,4.5233],[-61.0967,4.5167],[-61.1016,4.5177],[-61.1079,4.5103],[-61.1256,4.5057],[-61.1284,4.4985],[-61.1336,4.4962],[-61.1341,4.4902],[-61.1416,4.4873],[-61.1455,4.4802],[-61.1494,4.4834],[-61.1518,4.4959],[-61.1607,4.4951],[-61.1663,4.5026],[-61.171,4.502],[-61.1764,4.5115],[-61.1864,4.5157],[-61.1872,4.5201],[-61.1957,4.5201],[-61.2008,4.516],[-61.2178,4.5333],[-61.2215,4.5217],[-61.2342,4.5278],[-61.2385,4.5269],[-61.2446,4.5331],[-61.2529,4.5254],[-61.2571,4.5361],[-61.2686,4.5397],[-61.276,4.528],[-61.2838,4.5371],[-61.3001,4.5359],[-61.3055,4.5407],[-61.309,4.5362],[-61.3232,4.5349],[-61.3297,4.5157],[-61.3224,4.5105],[-61.3223,4.5035],[-61.312,4.5038],[-61.3036,4.4938],[-61.2972,4.4935],[-61.2958,4.4807],[-61.2916,4.4782],[-61.2788,4.478],[-61.2802,4.4674],[-61.2886,4.4632],[-61.2883,4.4574],[-61.3133,4.4577],[-61.3144,4.451],[-61.3252,4.4424],[-61.3194,4.4302],[-61.3369,4.4282],[-61.3386,4.4207],[-61.3416,4.4196],[-61.3516,4.4188],[-61.3725,4.4271],[-61.3922,4.4235],[-61.4044,4.4246],[-61.408,4.4305],[-61.4222,4.4335],[-61.4275,4.4316],[-61.4283,4.4257],[-61.4413,4.4243],[-61.4422,4.4271],[-61.4358,4.4324],[-61.44,4.436],[-61.4455,4.4349],[-61.4483,4.4391],[-61.4622,4.4363],[-61.4655,4.4243],[-61.4725,4.4243],[-61.4863,4.4105],[-61.5136,4.4054],[-61.5183,4.3982],[-61.5152,4.3918],[-61.5208,4.3857],[-61.5219,4.3732],[-61.5169,4.3494],[-61.5255,4.3477],[-61.5275,4.3421],[-61.5211,4.3327],[-61.5211,4.3255],[-61.508,4.3199],[-61.5191,4.3005],[-61.5261,4.2957],[-61.5233,4.2885],[-61.5325,4.2846],[-61.5419,4.2727],[-61.5533,4.2655],[-61.5586,4.2529],[-61.5908,4.2441],[-61.6011,4.2496],[-61.6083,4.261],[-61.6216,4.2502],[-61.6275,4.2538],[-61.6319,4.241],[-61.6388,4.2374],[-61.6447,4.2413],[-61.6469,4.2524],[-61.6558,4.2555],[-61.6583,4.2616],[-61.6663,4.2627],[-61.6736,4.2613],[-61.6797,4.2543],[-61.7036,4.2546],[-61.7236,4.2443],[-61.7316,4.2527],[-61.7233,4.2602],[-61.7241,4.2693],[-61.7361,4.2632],[-61.7391,4.256],[-61.7505,4.2552],[-61.7691,4.2482],[-61.775,4.2496],[-61.7755,4.2466],[-61.7639,4.2355],[-61.7641,4.2321],[-61.7827,4.2241],[-61.7858,4.2241],[-61.788,4.2313],[-61.8025,4.2282],[-61.8013,4.2188],[-61.808,4.2135],[-61.8088,4.2024],[-61.8219,4.1996],[-61.8158,4.1885],[-61.818,4.1702],[-61.8241,4.1635],[-61.8369,4.1602],[-61.8466,4.1643],[-61.853,4.1741],[-61.875,4.1702],[-61.8694,4.1582],[-61.8733,4.1513],[-61.8805,4.1549],[-61.89,4.1546],[-61.9,4.1607],[-61.9064,4.1566],[-61.923,4.1557],[-61.9208,4.1507],[-61.9239,4.1457],[-61.9269,4.1205],[-61.9311,4.1155],[-61.9277,4.108],[-61.9308,4.1032],[-61.9452,4.111],[-61.9508,4.1255],[-61.9644,4.1427],[-61.9752,4.151],[-61.9811,4.1618],[-61.9814,4.1804],[-61.9933,4.1749],[-62.0005,4.1641],[-62.0066,4.1646],[-62.0116,4.156],[-62.0219,4.1571],[-62.0291,4.1502],[-62.0333,4.1538],[-62.0327,4.1579],[-62.0419,4.156],[-62.0483,4.1502],[-62.065,4.1585],[-62.0769,4.1538],[-62.0816,4.1446],[-62.078,4.136],[-62.0711,4.1305],[-62.0719,4.1252],[-62.0786,4.1194],[-62.0891,4.1241],[-62.0913,4.1291],[-62.0972,4.1274],[-62.1,4.1246],[-62.0986,4.1191],[-62.1052,4.1152],[-62.1175,4.1174],[-62.1177,4.1043],[-62.113,4.1013],[-62.1155,4.0985],[-62.1127,4.0893],[-62.1261,4.0882],[-62.1286,4.0852],[-62.1352,4.0866],[-62.1422,4.0821],[-62.1461,4.0741],[-62.148,4.0791],[-62.1616,4.086],[-62.1619,4.0905],[-62.1775,4.0902],[-62.1939,4.0982],[-62.1936,4.1102],[-62.1972,4.1129],[-62.2155,4.1091],[-62.2277,4.1118],[-62.235,4.1182],[-62.2447,4.1168],[-62.2527,4.1293],[-62.28,4.1296],[-62.2922,4.1413],[-62.3027,4.1366],[-62.3144,4.1366],[-62.318,4.1407],[-62.3225,4.1405],[-62.3297,4.1346],[-62.3394,4.1449],[-62.3505,4.1507],[-62.3536,4.1652],[-62.3619,4.1671],[-62.3655,4.1627],[-62.3702,4.1627],[-62.3897,4.178],[-62.3944,4.1732],[-62.4064,4.1799],[-62.4139,4.1796],[-62.4177,4.1843],[-62.4222,4.1816],[-62.4377,4.183],[-62.4475,4.1796],[-62.4519,4.173],[-62.4627,4.178],[-62.4658,4.1746],[-62.4641,4.1727],[-62.4708,4.163],[-62.4641,4.1635],[-62.4552,4.1568],[-62.4627,4.1513],[-62.4639,4.1468],[-62.4608,4.1427],[-62.4641,4.1391],[-62.4716,4.1391],[-62.4794,4.1307],[-62.4886,4.1343],[-62.4925,4.1413],[-62.4988,4.1424],[-62.5086,4.1371],[-62.5063,4.1318],[-62.5083,4.1266],[-62.5316,4.1363],[-62.5319,4.1327],[-62.5227,4.1235],[-62.5233,4.1177],[-62.5425,4.1093],[-62.5527,4.1088],[-62.5447,4.0977],[-62.5497,4.0957],[-62.5541,4.0821],[-62.5586,4.0802],[-62.5491,4.0768],[-62.5416,4.0788],[-62.5436,4.0618],[-62.533,4.0474],[-62.5377,4.0432],[-62.5494,4.0446],[-62.5625,4.0366],[-62.5608,4.0249],[-62.5558,4.0182],[-62.5583,4.016],[-62.5727,4.0146],[-62.5805,4.0174],[-62.5813,4.0249],[-62.5886,4.0324],[-62.6019,4.0363],[-62.6097,4.0441],[-62.6191,4.0396],[-62.6283,4.0393],[-62.6464,4.0463],[-62.6563,4.0418],[-62.6591,4.0346],[-62.6789,4.0385],[-62.6894,4.0324],[-62.7019,4.0307],[-62.7361,4.0399],[-62.7486,4.0349],[-62.7538,4.0299],[-62.7497,4.0207],[-62.7666,4.0124],[-62.7689,4.0063],[-62.7625,3.9841],[-62.7455,3.9766],[-62.7433,3.9721],[-62.7502,3.966],[-62.7619,3.9416],[-62.783,3.9343],[-62.7866,3.9293],[-62.7827,3.9218],[-62.7833,3.9168],[-62.7875,3.9146],[-62.7889,3.8932],[-62.7764,3.8813],[-62.7761,3.8752],[-62.7683,3.8663],[-62.7569,3.8588],[-62.7586,3.8543],[-62.7544,3.8513],[-62.7614,3.8438],[-62.7716,3.8396],[-62.7713,3.8341],[-62.75,3.8174],[-62.7433,3.8082],[-62.7291,3.8046],[-62.7333,3.7946],[-62.7436,3.7871],[-62.7358,3.7791],[-62.74,3.7563],[-62.7344,3.7377],[-62.735,3.7193],[-62.7311,3.7077],[-62.7361,3.7002],[-62.7369,3.6891],[-62.7441,3.6838],[-62.7439,3.6732],[-62.7564,3.6774],[-62.7708,3.6882],[-62.7761,3.6971],[-62.785,3.6996],[-62.7888,3.7157],[-62.798,3.7207],[-62.8044,3.7296],[-62.8102,3.7327],[-62.8194,3.7316],[-62.8358,3.7385],[-62.8547,3.7102],[-62.8725,3.6991],[-62.8869,3.6835],[-62.9089,3.671],[-62.9191,3.6724],[-62.9227,3.6513],[-62.9291,3.6393],[-62.9472,3.6163],[-62.9602,3.6077],[-62.9664,3.611],[-62.9833,3.6096],[-62.9908,3.6121],[-63.0033,3.6246],[-63.0155,3.6452],[-63.0269,3.6502],[-63.0325,3.6657],[-63.073,3.6855],[-63.0814,3.6932],[-63.0705,3.6963],[-63.0636,3.7049],[-63.0636,3.7338],[-63.0591,3.7405],[-63.0591,3.7474],[-63.0608,3.7518],[-63.0702,3.7538],[-63.0825,3.7671],[-63.0869,3.7785],[-63.1033,3.7932],[-63.1233,3.8046],[-63.1358,3.8024],[-63.1455,3.8055],[-63.1647,3.8049],[-63.1797,3.813],[-63.1958,3.8152],[-63.2044,3.8116],[-63.2266,3.8355],[-63.2272,3.8446],[-63.2322,3.8507],[-63.2336,3.8816],[-63.2222,3.8985],[-63.2133,3.9224],[-63.2052,3.9488],[-63.2077,3.9524],[-63.2161,3.9507],[-63.248,3.9546],[-63.2541,3.9616],[-63.2808,3.9552],[-63.2866,3.9727],[-63.2925,3.9704],[-63.2983,3.9766],[-63.3111,3.9818],[-63.315,3.9685],[-63.3114,3.9613],[-63.3247,3.9638],[-63.3386,3.9568],[-63.3647,3.9641],[-63.3933,3.9804],[-63.4136,3.9752],[-63.4289,3.9771],[-63.4522,3.9555],[-63.4394,3.9485],[-63.4427,3.9396],[-63.4397,3.9371],[-63.433,3.9343],[-63.4177,3.9349],[-63.4164,3.9299],[-63.4205,3.9238],[-63.4119,3.9132],[-63.418,3.901],[-63.4386,3.8832],[-63.4339,3.876],[-63.4347,3.8649],[-63.4528,3.8582],[-63.4616,3.8624],[-63.4691,3.8618],[-63.4705,3.8674],[-63.4808,3.8732],[-63.4914,3.8735],[-63.4939,3.8671],[-63.4991,3.8699],[-63.503,3.868],[-63.495,3.8504],[-63.4975,3.8399],[-63.5036,3.8496],[-63.5125,3.8474],[-63.5236,3.856],[-63.533,3.8571],[-63.5394,3.8652],[-63.55,3.8632],[-63.5552,3.8743],[-63.5547,3.891],[-63.5716,3.8832],[-63.5811,3.8863],[-63.5919,3.8855],[-63.5919,3.8907],[-63.5847,3.8977],[-63.593,3.9041],[-63.588,3.9174],[-63.5922,3.9282],[-63.6089,3.9443],[-63.6205,3.9627],[-63.6441,3.9793],[-63.6494,3.9971],[-63.6608,4.0099],[-63.6746,4.0144],[-63.6769,4.0191],[-63.683,4.0185],[-63.6894,4.0155],[-63.6855,4.0091],[-63.6894,3.9991],[-63.6861,3.9921],[-63.6911,3.986],[-63.6908,3.9791],[-63.6964,3.9663],[-63.695,3.9566],[-63.7,3.9521],[-63.7005,3.9443],[-63.6914,3.9349],[-63.6825,3.9357],[-63.6786,3.9282],[-63.6736,3.9268],[-63.6744,3.9221],[-63.6633,3.9224],[-63.6827,3.9074],[-63.6969,3.9132],[-63.7075,3.9138],[-63.7111,3.9124],[-63.7097,3.9063],[-63.713,3.9032],[-63.7233,3.9141],[-63.7389,3.9152],[-63.7439,3.921],[-63.7386,3.9268],[-63.7391,3.9302],[-63.7552,3.9402],[-63.7661,3.9357],[-63.7739,3.9385],[-63.7775,3.9355],[-63.7966,3.9327],[-63.8127,3.9391],[-63.8352,3.9399],[-63.8394,3.946],[-63.8502,3.9499],[-63.8544,3.9446],[-63.8622,3.9468],[-63.8702,3.9377],[-63.8911,3.9305],[-63.9014,3.9338],[-63.9144,3.926],[-63.9283,3.9249],[-63.9372,3.9149],[-63.938,3.9013],[-63.9464,3.9005],[-63.95,3.8866],[-63.9566,3.8896],[-63.9594,3.8874],[-63.9614,3.8699],[-63.9658,3.8682],[-63.9789,3.9005],[-63.9864,3.8968],[-63.9972,3.9035],[-64.0019,3.933],[-64.0357,3.9343],[-64.0361,3.9441],[-64.0508,3.9502],[-64.0758,3.9996],[-64.0972,4.0252],[-64.1,4.0346],[-64.0947,4.0427],[-64.0964,4.0535],[-64.1127,4.0913],[-64.1333,4.106],[-64.1475,4.1102],[-64.1644,4.1263],[-64.1719,4.1288],[-64.1908,4.1166],[-64.2189,4.1155],[-64.2322,4.1238],[-64.2486,4.1291],[-64.2664,4.1263],[-64.2744,4.1427],[-64.2897,4.1438],[-64.3022,4.1324],[-64.3355,4.1291],[-64.3864,4.1371],[-64.4039,4.1321],[-64.4316,4.1346],[-64.4578,4.1213],[-64.5003,4.1127],[-64.5005,4.1104],[-64.5211,4.1163],[-64.5444,4.1138],[-64.5511,4.1113],[-64.5605,4.1016],[-64.593,4.1141],[-64.6275,4.1385],[-64.6411,4.1652],[-64.6586,4.2116],[-64.6914,4.2446],[-64.7805,4.2866],[-64.7997,4.2841],[-64.8088,4.2716],[-64.8177,4.2652],[-64.825,4.2441],[-64.8219,4.2118],[-64.8105,4.1746],[-64.7836,4.1527],[-64.7533,4.1368],[-64.7322,4.1202],[-64.723,4.1049],[-64.7086,4.0666],[-64.6839,4.0402],[-64.6808,4.0163],[-64.6752,4.0124],[-64.6739,4.0046],[-64.6431,3.9848],[-64.6147,3.9466],[-64.6027,3.9429],[-64.5803,3.9283],[-64.5684,3.8818],[-64.5581,3.8685],[-64.5245,3.8419],[-64.5055,3.8099],[-64.4855,3.7874],[-64.4725,3.7816],[-64.4475,3.7841],[-64.4286,3.7799],[-64.4091,3.7657],[-64.39,3.7596],[-64.3394,3.733],[-64.328,3.7205],[-64.2891,3.6996],[-64.2811,3.6693],[-64.2758,3.6613],[-64.2578,3.6477],[-64.2469,3.6277],[-64.1963,3.5789],[-64.1875,3.5554],[-64.1844,3.4893],[-64.1613,3.465],[-64.1486,3.4399],[-64.1479,3.4038],[-64.1399,3.3847],[-64.1471,3.3713],[-64.1404,3.3648],[-64.133,3.3638],[-64.1364,3.351],[-64.1341,3.3455],[-64.1273,3.3459],[-64.1256,3.3387],[-64.1179,3.3374],[-64.1148,3.3298],[-64.12,3.321],[-64.1157,3.3147],[-64.1197,3.3049],[-64.1188,3.2987],[-64.124,3.2919],[-64.1194,3.2892],[-64.1175,3.2784],[-64.137,3.2725],[-64.1388,3.2673],[-64.145,3.2649],[-64.1446,3.2613],[-64.1533,3.2539],[-64.1505,3.2492],[-64.1564,3.2485],[-64.1586,3.2437],[-64.154,3.2279],[-64.1568,3.2125],[-64.1588,3.2067],[-64.1699,3.2012],[-64.1814,3.1652],[-64.193,3.1591],[-64.2004,3.1646],[-64.211,3.1542],[-64.2218,3.149],[-64.2259,3.1278],[-64.2161,3.1015],[-64.2187,3.0906],[-64.2139,3.0905],[-64.2082,3.0822],[-64.1992,3.0816],[-64.1856,3.0678],[-64.1746,3.062],[-64.1791,3.0549],[-64.1748,3.0506],[-64.1579,3.0465],[-64.1562,3.04],[-64.1481,3.0364],[-64.1446,3.0257],[-64.1467,3.0188],[-64.1522,3.0162],[-64.1471,3.0106],[-64.1609,2.9872],[-64.1448,2.9859],[-64.1395,2.9906],[-64.1189,2.9856],[-64.1122,2.97],[-64.107,2.9664],[-64.1079,2.954],[-64.101,2.9521],[-64.0936,2.9399],[-64.0945,2.9351],[-64.0731,2.9229],[-64.0705,2.9175],[-64.0776,2.9059],[-64.0773,2.9012],[-64.0713,2.9029],[-64.0699,2.8907],[-64.0781,2.8799],[-64.0788,2.8741],[-64.0762,2.8703],[-64.0679,2.8697],[-64.0608,2.8646],[-64.0526,2.8556],[-64.0413,2.8316],[-64.0345,2.8307],[-64.0147,2.8122],[-64.0181,2.7951],[-64.0142,2.7859],[-64.0162,2.7776],[-64.0121,2.7738],[-64.004,2.7733],[-63.997,2.7663],[-63.9996,2.7599],[-64.005,2.76],[-64.0027,2.7403],[-63.9981,2.7354],[-63.9914,2.7357],[-63.9835,2.7275],[-63.9864,2.7252],[-63.9871,2.7156],[-63.996,2.7153],[-63.9967,2.7108],[-64.007,2.7095],[-64.0088,2.7051],[-64.0013,2.7],[-63.998,2.6913],[-63.9886,2.6898],[-63.9868,2.6838],[-63.9908,2.6685],[-63.9862,2.6487],[-63.9911,2.6457],[-63.9971,2.6324],[-64.0077,2.6278],[-64.0054,2.6213],[-64.0117,2.616],[-64.0101,2.6047],[-64.0287,2.5857],[-64.0273,2.5773],[-64.0318,2.5779],[-64.0332,2.5753],[-64.038,2.5801],[-64.0426,2.5801],[-64.0488,2.5674],[-64.0446,2.5536],[-64.0483,2.5521],[-64.0445,2.5362],[-64.0459,2.5205],[-64.0543,2.5169],[-64.0617,2.5044],[-64.0606,2.5008],[-64.0562,2.4964],[-64.043,2.496],[-64.0392,2.485],[-64.0343,2.4854],[-64.0315,2.4726],[-64.028,2.475],[-64.023,2.4648],[-64.0153,2.4718],[-64.0144,2.4772],[-64.0079,2.4807],[-63.9766,2.465],[-63.9604,2.4742],[-63.9548,2.4596],[-63.9402,2.4633],[-63.9366,2.4567],[-63.927,2.465],[-63.9268,2.4705],[-63.9205,2.4736],[-63.8999,2.4705],[-63.8948,2.4658],[-63.8821,2.4691],[-63.8713,2.4828],[-63.8565,2.4866],[-63.8458,2.4965],[-63.843,2.4932],[-63.8342,2.4923],[-63.8295,2.4862],[-63.8188,2.4875],[-63.8106,2.4818],[-63.7982,2.4799],[-63.7951,2.4729],[-63.784,2.4711],[-63.782,2.4569],[-63.7739,2.4526],[-63.7732,2.4483],[-63.7504,2.4418],[-63.7367,2.4461],[-63.731,2.4551],[-63.727,2.4489],[-63.7179,2.4449],[-63.7121,2.4485],[-63.7117,2.4542],[-63.6985,2.4583],[-63.6911,2.4578],[-63.6892,2.4471],[-63.6829,2.4422],[-63.6756,2.4452],[-63.6666,2.4441],[-63.6644,2.4392],[-63.6589,2.444],[-63.6528,2.4419],[-63.6529,2.4394],[-63.6456,2.4467],[-63.639,2.4454],[-63.6334,2.44],[-63.6294,2.4457],[-63.6175,2.4511],[-63.6193,2.4424],[-63.6164,2.4432],[-63.6126,2.4484],[-63.6043,2.4491],[-63.6036,2.4572],[-63.5821,2.4521],[-63.5713,2.4458],[-63.5591,2.4517],[-63.5586,2.4474],[-63.5548,2.4474],[-63.5568,2.4408],[-63.5534,2.4302],[-63.5559,2.4224],[-63.546,2.4287],[-63.52,2.4219],[-63.5098,2.4259],[-63.5042,2.4318],[-63.5032,2.4271],[-63.4987,2.426],[-63.4952,2.4354],[-63.488,2.4369],[-63.4884,2.4272],[-63.4805,2.4336],[-63.4754,2.4233],[-63.4716,2.4238],[-63.4726,2.4139],[-63.4673,2.4087],[-63.4657,2.4017],[-63.46,2.4055],[-63.4553,2.4029],[-63.4561,2.4119],[-63.4521,2.4143],[-63.4485,2.4103],[-63.446,2.4163],[-63.4415,2.4182],[-63.4415,2.4299],[-63.4358,2.4367],[-63.4358,2.4419],[-63.4275,2.4473],[-63.4218,2.4453],[-63.4147,2.4542],[-63.4103,2.4448],[-63.4124,2.4425],[-63.4055,2.4404],[-63.4083,2.436],[-63.4043,2.4313],[-63.3933,2.4294],[-63.3907,2.4253],[-63.3873,2.4316],[-63.3818,2.4262],[-63.3719,2.4264],[-63.3712,2.4151],[-63.3636,2.4159],[-63.3675,2.4082],[-63.3654,2.3926],[-63.3554,2.3859],[-63.3695,2.361],[-63.3754,2.3618],[-63.3764,2.3566],[-63.376,2.3397],[-63.3681,2.3369],[-63.3683,2.3314],[-63.3605,2.3274],[-63.363,2.3181],[-63.3671,2.3148],[-63.3611,2.3019],[-63.368,2.2897],[-63.3604,2.2692],[-63.3669,2.2619],[-63.3697,2.249],[-63.3672,2.2423],[-63.3741,2.2399],[-63.381,2.2275],[-63.3765,2.2237],[-63.3757,2.2149],[-63.3717,2.2122],[-63.3952,2.1996],[-63.3952,2.1885],[-63.3889,2.183],[-63.3944,2.1657],[-63.3939,2.1568],[-63.3977,2.1469],[-63.4058,2.1444],[-63.4211,2.1313],[-63.4277,2.1352],[-63.4341,2.1263],[-63.4441,2.1252],[-63.4666,2.141],[-63.4744,2.1379],[-63.4755,2.1266],[-63.4925,2.1155],[-63.5094,2.1136],[-63.5144,2.121],[-63.5364,2.131],[-63.5619,2.1324],[-63.5689,2.1247],[-63.5855,2.1196],[-63.5944,2.1202],[-63.6066,2.1074],[-63.6175,2.1066],[-63.6186,2.0963],[-63.6227,2.0891],[-63.6305,2.0847],[-63.6381,2.0693],[-63.645,2.0649],[-63.6539,2.068],[-63.6622,2.0655],[-63.665,2.0574],[-63.6608,2.0333],[-63.6622,2.0235],[-63.668,2.0169],[-63.675,2.0213],[-63.6922,2.0232],[-63.6886,2.0315],[-63.6939,2.041],[-63.7033,2.0463],[-63.7283,2.0263],[-63.7311,2.0179],[-63.7391,2.0163],[-63.7427,2.0085],[-63.7405,1.9997],[-63.7519,1.996],[-63.7602,2.0041],[-63.7689,1.9996],[-63.7775,1.9852],[-63.785,1.9815],[-63.8,1.9874],[-63.8239,1.991],[-63.8297,1.9682],[-63.8372,1.9651],[-63.8461,1.9641],[-63.8541,1.9785],[-63.8878,1.9824],[-63.8908,1.9894],[-63.8986,1.9924],[-63.9066,1.9915],[-63.9227,1.9829],[-63.9386,1.9893],[-63.9541,1.9882],[-63.9614,1.9924],[-63.9677,1.9882],[-63.9755,1.9913],[-63.9875,1.9791],[-63.9955,1.9799],[-64.018,1.9588],[-64.0191,1.9513],[-64.0416,1.9427],[-64.0452,1.9341],[-64.0619,1.9307],[-64.0605,1.9138],[-64.0641,1.8985],[-64.0619,1.8827],[-64.0711,1.8524],[-64.0652,1.8446],[-64.0561,1.841],[-64.0553,1.8255],[-64.0627,1.8207],[-64.058,1.813],[-64.0619,1.8055],[-64.0625,1.7896],[-64.078,1.759],[-64.0766,1.7513],[-64.0689,1.7476],[-64.0652,1.7399],[-64.0664,1.7307],[-64.0722,1.7258],[-64.0669,1.7079],[-64.0614,1.7016],[-64.0666,1.6838],[-64.0652,1.676],[-64.0755,1.6527],[-64.0875,1.6402],[-64.0952,1.6171],[-64.1075,1.6071],[-64.1122,1.5893],[-64.1261,1.5777],[-64.1355,1.5768],[-64.1441,1.5824],[-64.16,1.5744],[-64.1677,1.576],[-64.1739,1.571],[-64.175,1.563],[-64.1939,1.5427],[-64.195,1.5249],[-64.2155,1.5085],[-64.2233,1.5071],[-64.2402,1.5113],[-64.2475,1.5082],[-64.2616,1.4999],[-64.2675,1.4847],[-64.2758,1.4855],[-64.2789,1.4785],[-64.3022,1.4683],[-64.3044,1.4605],[-64.313,1.4563],[-64.313,1.4479],[-64.318,1.4401],[-64.3261,1.436],[-64.3291,1.4193],[-64.325,1.4107],[-64.3261,1.4019],[-64.3297,1.3949],[-64.3375,1.3916],[-64.3427,1.3843],[-64.3419,1.3755],[-64.3352,1.3708],[-64.338,1.3635],[-64.3458,1.3661],[-64.3569,1.3813],[-64.3594,1.3899],[-64.3775,1.3866],[-64.3936,1.3885],[-64.4,1.3949],[-64.3936,1.4177],[-64.3975,1.4244],[-64.3775,1.4482],[-64.3747,1.4566],[-64.3789,1.4635],[-64.3572,1.4838],[-64.3489,1.5021],[-64.3514,1.5183],[-64.375,1.5238],[-64.3836,1.5204],[-64.3975,1.5268],[-64.4091,1.5138],[-64.4108,1.506],[-64.4219,1.4935],[-64.4247,1.4852],[-64.4386,1.4718],[-64.4494,1.4733],[-64.4536,1.4802],[-64.4766,1.468],[-64.4872,1.4535],[-64.5005,1.4427],[-64.5219,1.4377],[-64.528,1.4441],[-64.5314,1.4352],[-64.5305,1.426],[-64.5533,1.4168],[-64.5739,1.3835],[-64.5827,1.3755],[-64.58,1.3674],[-64.5822,1.359],[-64.5761,1.3541],[-64.5805,1.3474],[-64.5908,1.3374],[-64.6114,1.3358],[-64.6241,1.3241],[-64.635,1.3202],[-64.6447,1.3049],[-64.6602,1.2913],[-64.6686,1.2919],[-64.6766,1.2854],[-64.6847,1.2838],[-64.7019,1.2913],[-64.7053,1.2838],[-64.7044,1.276],[-64.7097,1.2693],[-64.7144,1.2511],[-64.7214,1.2472],[-64.7225,1.2385],[-64.7466,1.2254],[-64.7575,1.2263],[-64.7639,1.2308],[-64.7805,1.2582],[-64.7936,1.2694],[-64.7891,1.2857],[-64.8033,1.3105],[-64.823,1.2785],[-64.8251,1.2951],[-64.8616,1.2693],[-64.8528,1.2635],[-64.8689,1.241],[-64.8686,1.2319],[-64.8786,1.2285],[-64.8866,1.2319],[-64.8911,1.2482],[-64.8983,1.2526],[-64.9072,1.2513],[-64.9066,1.2416],[-64.9122,1.236],[-64.9144,1.228],[-64.9264,1.2147],[-64.9352,1.2113],[-64.9436,1.2157],[-64.9458,1.2252],[-64.9516,1.2315],[-64.9608,1.2302],[-64.9697,1.2172],[-64.9614,1.1983],[-64.9608,1.1897],[-64.9703,1.1729],[-64.9916,1.1505],[-65.0067,1.1289],[-65.0164,1.1244],[-65.0222,1.1149],[-65.0458,1.1169],[-65.0613,1.1117],[-65.0661,1.1191],[-65.0609,1.1377],[-65.0712,1.1534],[-65.0787,1.1475],[-65.0882,1.146],[-65.1031,1.1567],[-65.1191,1.1464],[-65.1225,1.1351],[-65.1389,1.1275],[-65.1551,1.125],[-65.1504,1.1073],[-65.1542,1.0885],[-65.154,1.0564],[-65.159,1.0334],[-65.1671,1.027],[-65.1695,1.0185],[-65.1669,1.0113],[-65.1473,1.0093],[-65.155,0.9868],[-65.1616,0.9785],[-65.165,0.9505],[-65.1825,0.9224],[-65.1972,0.9108],[-65.2075,0.9069],[-65.2053,0.9171],[-65.2089,0.9288],[-65.2339,0.9255],[-65.2408,0.921],[-65.25,0.9213],[-65.2569,0.9252],[-65.2636,0.9196],[-65.2694,0.9268],[-65.2641,0.9341],[-65.27,0.9433],[-65.2775,0.9382],[-65.3028,0.9422],[-65.3219,0.928],[-65.3291,0.9316],[-65.3433,0.8935],[-65.3564,0.8846],[-65.3519,0.873],[-65.3736,0.8646],[-65.3769,0.8494],[-65.3847,0.8491],[-65.3916,0.8441],[-65.398,0.8213],[-65.413,0.8157],[-65.3966,0.7905],[-65.4003,0.7816],[-65.395,0.7743],[-65.3997,0.7671],[-65.3955,0.7582],[-65.3975,0.7499],[-65.4139,0.7552],[-65.4158,0.7476],[-65.4105,0.7396],[-65.4214,0.7321],[-65.4236,0.708],[-65.4386,0.7002],[-65.443,0.6899],[-65.4528,0.6854],[-65.4722,0.6827],[-65.4803,0.6869],[-65.4847,0.6788],[-65.495,0.6783],[-65.5005,0.6721],[-65.5305,0.668],[-65.5405,0.6488],[-65.5458,0.6555],[-65.5536,0.6583],[-65.558,0.6699],[-65.5641,0.6757],[-65.5764,0.7116],[-65.585,0.7147],[-65.5914,0.7216],[-65.5839,0.7363],[-65.5758,0.7447],[-65.5736,0.7644],[-65.5564,0.7777],[-65.5486,0.7746],[-65.5397,0.7968],[-65.5408,0.8052],[-65.5311,0.8052],[-65.5241,0.8246],[-65.5278,0.8333],[-65.5214,0.8401],[-65.5144,0.8372],[-65.5089,0.8435],[-65.5003,0.8424],[-65.5053,0.8685],[-65.4936,0.8821],[-65.4961,0.8893],[-65.5123,0.8853],[-65.5139,0.8955],[-65.5092,0.905],[-65.5084,0.9155],[-65.522,0.9294],[-65.5245,0.9375],[-65.5364,0.9481],[-65.5309,0.9561],[-65.5372,0.9611],[-65.5419,0.9755],[-65.5581,0.9759],[-65.5614,0.9858],[-65.5578,0.9933],[-65.5672,0.9942],[-65.5722,0.985],[-65.5856,1.0089],[-65.5911,1.0022],[-65.6067,1.0045],[-65.6103,1.0142],[-65.6175,1.0098],[-65.6272,1.0093],[-65.625,0.989],[-65.6528,1.0118],[-65.6694,1.0024],[-65.6786,0.9888],[-65.6866,0.9908],[-65.6886,0.9996],[-65.6955,1.0041],[-65.7058,1.003],[-65.7122,0.9974],[-65.7216,1.0016],[-65.7394,0.9996],[-65.7508,0.9824],[-65.7611,0.981],[-65.7672,0.9641],[-65.7741,0.9591],[-65.78,0.964],[-65.7878,0.9619],[-65.7939,0.9541],[-65.8091,0.949],[-65.8164,0.9521],[-65.8317,0.9401],[-65.8623,0.9309],[-65.8797,0.9327],[-65.8737,0.922],[-65.8816,0.9016],[-65.8972,0.8922],[-65.9011,0.8836],[-65.9084,0.8888],[-65.9254,0.8913],[-65.9366,0.8821],[-65.9333,0.8625],[-65.9459,0.8526],[-65.9519,0.8363],[-65.9647,0.8198],[-65.9644,0.8095],[-65.9714,0.806],[-65.9778,0.8118],[-65.9833,0.8062],[-65.9931,0.807],[-66.0006,0.8026],[-66.0173,0.8],[-66.038,0.812],[-66.056,0.8022],[-66.0701,0.8051],[-66.0745,0.7987],[-66.0784,0.779],[-66.0763,0.7683],[-66.0885,0.7591],[-66.1022,0.7637],[-66.1145,0.7634],[-66.1211,0.7521],[-66.1322,0.7479],[-66.1511,0.7445],[-66.1611,0.7464],[-66.1633,0.7561],[-66.1827,0.7671],[-66.1881,0.7787],[-66.2022,0.7812],[-66.318501,0.755001],[-66.5993,0.9997],[-66.8569,1.2302],[-67.0882,1.1669],[-67.0829,1.2033],[-67.0873,1.2316],[-67.0888,1.325],[-67.0804,1.4013],[-67.0723,1.4426],[-67.0732,1.4729],[-67.0787,1.4998],[-67.0815,1.6382],[-67.0863,1.658],[-67.0995,1.6817],[-67.1014,1.7062],[-67.0974,1.7326],[-67.1156,1.7675],[-67.1241,1.7989],[-67.1397,1.8266],[-67.1571,1.8488],[-67.1743,1.857],[-67.2288,1.8608],[-67.2439,1.8582],[-67.2781,1.8757],[-67.2868,1.8886],[-67.3002,1.9267],[-67.3168,2.0012],[-67.3261,2.0297],[-67.3306,2.0613],[-67.3299,2.0782],[-67.3369,2.0981],[-67.3435,2.2055],[-67.3645,2.2303],[-67.3893,2.244],[-67.4103,2.2466],[-67.431,2.2416],[-67.4387,2.2333],[-67.4482,2.2081],[-67.5219,2.1703],[-67.5401,2.1559],[-67.5509,2.1417],[-67.558,2.1061],[-67.5864,2.0855],[-67.6071,2.0354],[-67.6198,2.0237],[-67.6706,2.02],[-67.6971,2.0234],[-67.7499,2.0401],[-67.769,2.0393],[-67.7794,2.0311],[-67.8182,1.9668],[-67.8321,1.9572],[-67.8357,1.9454],[-67.8597,1.9202],[-67.8826,1.9028],[-67.913,1.8978],[-67.9069,1.8661],[-67.9119,1.8559],[-67.9227,1.8522],[-67.9308,1.8348],[-67.9413,1.8307],[-67.9736,1.8328],[-68.0041,1.8603],[-68.0249,1.8853],[-68.0434,1.8997],[-68.0653,1.8979],[-68.0794,1.9024],[-68.0875,1.9013],[-68.0941,1.9102],[-68.1031,1.9363],[-68.1145,1.9442],[-68.1226,1.9658],[-68.1407,1.9848],[-68.1586,1.9777],[-68.1662,1.9848],[-68.1829,1.9788],[-68.1989,1.9609],[-68.2087,1.9616],[-68.2232,1.9455],[-68.2355,1.9379],[-68.2433,1.9267],[-68.2534,1.8787],[-68.2637,1.8606],[-68.2669,1.8273],[-68.2442,1.8313],[-68.2337,1.8299],[-68.245,1.7949],[-68.2366,1.7725],[-68.2204,1.7733],[-68.2091,1.7782],[-68.2026,1.7863],[-68.1877,1.7847],[-68.1695,1.7707],[-68.1792,1.7536],[-68.1596,1.75],[-68.1568,1.7316],[-69.1786,1.7334],[-69.3849,1.7298],[-69.3892,1.7268],[-69.3931,1.7301],[-69.4053,1.7312],[-69.4072,1.741],[-69.4097,1.739],[-69.4167,1.7416],[-69.4212,1.737],[-69.4242,1.7458],[-69.4245,1.7397],[-69.4281,1.7399],[-69.4308,1.7445],[-69.4334,1.7392],[-69.4375,1.7446],[-69.4369,1.7493],[-69.4414,1.7484],[-69.4413,1.7432],[-69.4463,1.7425],[-69.4553,1.7478],[-69.4558,1.7527],[-69.4645,1.7486],[-69.4617,1.7532],[-69.4657,1.7566],[-69.4702,1.746],[-69.4767,1.7436],[-69.4745,1.7485],[-69.4779,1.7467],[-69.482,1.7502],[-69.4824,1.759],[-69.4863,1.7524],[-69.4918,1.7559],[-69.4903,1.7596],[-69.4938,1.7576],[-69.4966,1.761],[-69.5017,1.7581],[-69.5044,1.764],[-69.506,1.7583],[-69.5084,1.7586],[-69.5123,1.7608],[-69.5098,1.7635],[-69.5137,1.7664],[-69.5138,1.7714],[-69.5178,1.7709],[-69.5177,1.7637],[-69.5198,1.7696],[-69.5269,1.7693],[-69.5279,1.7633],[-69.5345,1.7636],[-69.5309,1.7717],[-69.5344,1.777],[-69.5472,1.7767],[-69.5492,1.7731],[-69.5527,1.7745],[-69.5524,1.7698],[-69.5556,1.7729],[-69.5593,1.7717],[-69.5626,1.7669],[-69.5599,1.7649],[-69.564,1.7613],[-69.5652,1.7647],[-69.5696,1.7637],[-69.566,1.759],[-69.5713,1.7564],[-69.5721,1.7596],[-69.579,1.7553],[-69.584,1.7601],[-69.5874,1.7523],[-69.5868,1.7564],[-69.5903,1.7579],[-69.5901,1.7532],[-69.5972,1.7499],[-69.5974,1.7466],[-69.6044,1.747],[-69.6014,1.7423],[-69.613,1.7388],[-69.6176,1.7294],[-69.62,1.7297],[-69.6205,1.7362],[-69.6251,1.7312],[-69.6218,1.7285],[-69.6295,1.7231],[-69.6368,1.723],[-69.6401,1.7259],[-69.6395,1.7304],[-69.6445,1.7296],[-69.6462,1.7271],[-69.6418,1.7235],[-69.6478,1.7238],[-69.6538,1.7181],[-69.6653,1.7294],[-69.6682,1.7245],[-69.6741,1.7225],[-69.6763,1.7321],[-69.6922,1.7277],[-69.7021,1.7343],[-69.7184,1.7318],[-69.7211,1.7352],[-69.7207,1.7308],[-69.7366,1.7317],[-69.7375,1.7261],[-69.7452,1.7297],[-69.7541,1.7198],[-69.7486,1.7139],[-69.7532,1.7131],[-69.755,1.7175],[-69.7571,1.7135],[-69.762,1.7176],[-69.7652,1.7111],[-69.7701,1.7116],[-69.7714,1.7077],[-69.7754,1.7074],[-69.7732,1.7019],[-69.7807,1.7031],[-69.7826,1.6926],[-69.7875,1.6942],[-69.7854,1.6987],[-69.7977,1.6987],[-69.8032,1.7046],[-69.8024,1.7004],[-69.8088,1.6948],[-69.8144,1.6957],[-69.8157,1.7004],[-69.8219,1.6991],[-69.8209,1.703],[-69.8281,1.7075],[-69.8258,1.7092],[-69.828,1.7119],[-69.8349,1.7095],[-69.8403,1.7187],[-69.8462,1.7134],[-69.8466,1.0779],[-69.8309,1.0803],[-69.8224,1.0661],[-69.8108,1.0633],[-69.7974,1.0723],[-69.7919,1.0889],[-69.773,1.1028],[-69.7431,1.1154],[-69.7222,1.1087],[-69.7126,1.1181],[-69.7051,1.1189],[-69.7011,1.1162],[-69.7059,1.0994],[-69.7047,1.0756],[-69.6921,1.0763],[-69.6841,1.0717],[-69.6744,1.0715],[-69.6683,1.0821],[-69.6525,1.0852],[-69.6468,1.0902],[-69.6312,1.0856],[-69.6239,1.0958],[-69.6127,1.0988],[-69.5977,1.0946],[-69.5789,1.0764],[-69.5656,1.0725],[-69.5502,1.0744],[-69.5244,1.071],[-69.4849,1.0795],[-69.475,1.0723],[-69.4655,1.0772],[-69.4521,1.0729],[-69.4401,1.0745],[-69.4338,1.0701],[-69.4359,1.0613],[-69.4328,1.0488],[-69.4272,1.0439],[-69.4151,1.0426],[-69.4047,1.0486],[-69.3986,1.0596],[-69.3816,1.0737],[-69.3754,1.0895],[-69.3721,1.0804],[-69.3649,1.084],[-69.358,1.0789],[-69.3456,1.0847],[-69.342,1.0821],[-69.3219,1.0884],[-69.3063,1.0747],[-69.3014,1.0636],[-69.2888,1.0617],[-69.2872,1.0532],[-69.2442,1.0564],[-69.2457,1.0465],[-69.2129,1.019],[-69.2034,1.0041],[-69.1983,1.001],[-69.199,0.9962],[-69.2179,0.9804],[-69.2182,0.9731],[-69.209,0.9722],[-69.2037,0.9624],[-69.173,0.9518],[-69.1644,0.9402],[-69.1677,0.9361],[-69.1808,0.9372],[-69.1898,0.9326],[-69.1924,0.924],[-69.1905,0.9151],[-69.1859,0.9134],[-69.1856,0.899],[-69.1733,0.8982],[-69.1527,0.8804],[-69.1384,0.8828],[-69.1359,0.8696],[-69.1413,0.8502],[-69.1473,0.8464],[-69.1628,0.8496],[-69.1673,0.8433],[-69.1648,0.8335],[-69.1679,0.8214],[-69.1542,0.8064],[-69.1537,0.7934],[-69.1473,0.7801],[-69.1476,0.7684],[-69.1614,0.7563],[-69.1715,0.7599],[-69.1769,0.7586],[-69.1783,0.7539],[-69.1876,0.7469],[-69.1876,0.7324],[-69.1804,0.7156],[-69.1754,0.7132],[-69.1676,0.715],[-69.1536,0.7084],[-69.1267,0.6633],[-69.1183,0.6549],[-69.1157,0.644],[-69.1202,0.6356],[-69.125,0.634],[-69.1344,0.645],[-69.1477,0.6444],[-69.1838,0.6542],[-69.1951,0.647],[-69.1956,0.6398],[-69.2042,0.6328],[-69.1997,0.6071],[-69.2124,0.6101],[-69.2316,0.6031],[-69.2308,0.5984],[-69.2356,0.5996],[-69.2431,0.609],[-69.2527,0.6048],[-69.2572,0.6072],[-69.2678,0.6059],[-69.2722,0.6015],[-69.286,0.606],[-69.2951,0.6036],[-69.295,0.6082],[-69.2847,0.6192],[-69.2906,0.6347],[-69.2856,0.649],[-69.2896,0.65],[-69.3049,0.6441],[-69.3178,0.6321],[-69.3196,0.6256],[-69.3225,0.6402],[-69.327,0.6367],[-69.3359,0.6431],[-69.3393,0.6311],[-69.3453,0.6263],[-69.3498,0.6141],[-69.353,0.6138],[-69.3738,0.6389],[-69.4036,0.6632],[-69.4066,0.6751],[-69.4141,0.6871],[-69.4308,0.6933],[-69.4367,0.7001],[-69.433,0.7123],[-69.4547,0.7179],[-69.4638,0.7364],[-69.481,0.735],[-69.4871,0.7285],[-69.4998,0.7237],[-69.5056,0.7132],[-69.5147,0.714],[-69.5321,0.703],[-69.5313,0.6902],[-69.5361,0.6789],[-69.5568,0.6806],[-69.5629,0.6841],[-69.5668,0.6734],[-69.5786,0.6622],[-69.5845,0.663],[-69.5976,0.6543],[-69.5968,0.649],[-69.5873,0.6401],[-69.6068,0.634],[-69.6057,0.613],[-69.6086,0.6135],[-69.62,0.6339],[-69.6251,0.635],[-69.6271,0.6279],[-69.63,0.6284],[-69.6391,0.6419],[-69.6402,0.6499],[-69.6467,0.6539],[-69.6449,0.6592],[-69.6485,0.6632],[-69.6679,0.6643],[-69.6713,0.668],[-69.687,0.6632],[-69.6861,0.6543],[-69.6898,0.6496],[-69.6956,0.6543],[-69.6977,0.6509],[-69.702,0.652],[-69.7105,0.6404],[-69.7158,0.64],[-69.7181,0.6247],[-69.7255,0.6141],[-69.7397,0.6093],[-69.7455,0.6182],[-69.749,0.6187],[-69.7618,0.6084],[-69.7635,0.6033],[-69.7826,0.5954],[-69.7875,0.5864],[-69.794,0.5843],[-69.7955,0.5784],[-69.8021,0.5779],[-69.8027,0.5716],[-69.8101,0.5777],[-69.8127,0.5857],[-69.8235,0.5911],[-69.8314,0.5913],[-69.837,0.5848],[-69.8532,0.5872],[-69.8593,0.5777],[-69.8688,0.5824],[-69.8844,0.5767],[-69.892,0.5805],[-69.8945,0.5855],[-69.9018,0.5809],[-69.9168,0.59],[-69.9146,0.5802],[-69.92,0.5702],[-69.9295,0.5645],[-69.9293,0.5592],[-69.9357,0.5529],[-69.961,0.5616],[-69.9636,0.571],[-69.9787,0.578],[-69.9839,0.5746],[-69.9877,0.576],[-69.9855,0.5675],[-69.9954,0.5754],[-69.9999,0.5742],[-70.0001,0.5709],[-69.9939,0.5677],[-69.9917,0.5628],[-69.9964,0.5592],[-69.9954,0.5508],[-70.0054,0.5444],[-70.0101,0.548],[-70.0211,0.545],[-70.0209,0.556],[-70.0267,0.5621],[-70.038,0.5663],[-70.0465,0.5621],[-70.0464,-0.0211],[-70.0414,-0.114],[-70.0487,-0.1458],[-70.0581,-0.1583],[-70.0574,-0.1868],[-69.9972,-0.2348],[-69.9903,-0.2517],[-69.9814,-0.2587],[-69.9638,-0.285],[-69.9537,-0.2922],[-69.9483,-0.3015],[-69.9372,-0.3064],[-69.9341,-0.3166],[-69.9232,-0.3315],[-69.8925,-0.3492],[-69.8834,-0.3444],[-69.8621,-0.3483],[-69.8449,-0.3458],[-69.8235,-0.381],[-69.8139,-0.3812],[-69.7941,-0.3917],[-69.7921,-0.4002],[-69.7753,-0.4003],[-69.7621,-0.4107],[-69.7497,-0.4272],[-69.7425,-0.4299],[-69.7392,-0.4404],[-69.7333,-0.4462],[-69.7177,-0.4551],[-69.6912,-0.4625],[-69.6863,-0.4691],[-69.6705,-0.4716],[-69.645,-0.483],[-69.6438,-0.4997],[-69.6333,-0.4985],[-69.6155,-0.5063],[-69.6111,-0.5135],[-69.6147,-0.5403],[-69.6063,-0.5449],[-69.5932,-0.5677],[-69.5982,-0.5892],[-69.605,-0.6],[-69.5948,-0.6065],[-69.5883,-0.6228],[-69.5801,-0.6202],[-69.5733,-0.6261],[-69.5753,-0.6367],[-69.5643,-0.6398],[-69.5738,-0.6498],[-69.5821,-0.6669],[-69.5852,-0.6844],[-69.6024,-0.7069],[-69.6054,-0.714],[-69.6039,-0.7217],[-69.6121,-0.7237],[-69.6226,-0.7321],[-69.6182,-0.741],[-69.6264,-0.7497],[-69.6166,-0.7505],[-69.6199,-0.7592],[-69.6099,-0.7616],[-69.6121,-0.7702],[-69.5884,-0.791],[-69.5839,-0.8017],[-69.5742,-0.8011],[-69.5631,-0.8123],[-69.5596,-0.823],[-69.5737,-0.8422],[-69.5615,-0.8487],[-69.5482,-0.861],[-69.5385,-0.862],[-69.5233,-0.8863],[-69.5274,-0.922],[-69.5235,-0.9297],[-69.5164,-0.9337],[-69.508,-0.933],[-69.5022,-0.9426],[-69.4849,-0.9506],[-69.4636,-0.9673],[-69.4642,-0.9842],[-69.4501,-0.9983],[-69.441,-0.9946],[-69.4217,-1.0004],[-69.421,-1.0122],[-69.4285,-1.0157],[-69.4366,-1.0269],[-69.4442,-1.0279],[-69.4434,-1.0366],[-69.4334,-1.0399],[-69.4243,-1.0495],[-69.4284,-1.073],[-69.4251,-1.0836],[-69.4009,-1.114],[-69.3957,-1.1326],[-69.3984,-1.1444],[-69.4132,-1.1577],[-69.4142,-1.1868],[-69.4258,-1.2107],[-69.4313,-1.233],[-69.4256,-1.2572],[-69.4112,-1.2818],[-69.4086,-1.2932],[-69.4094,-1.3338],[-69.3999,-1.3539],[-69.4,-1.3707],[-69.41,-1.3734],[-69.4297,-1.3873],[-69.4345,-1.3983],[-69.4371,-1.4175],[-69.4353,-1.4579],[-69.441,-1.4711],[-69.4503,-1.479],[-69.4575,-1.4935],[-69.4533,-1.5315],[-69.5345,-2.0005],[-69.9332,-4.2192],[-69.9493,-4.228],[-69.9495,-4.2785],[-69.9545,-4.2945],[-69.9765,-4.3278],[-69.9839,-4.3325],[-69.9846,-4.3232],[-69.9925,-4.3213],[-69.9992,-4.3284],[-70.0118,-4.3314],[-70.0335,-4.3553],[-70.0276,-4.3703],[-70.0333,-4.3744],[-70.0432,-4.3746],[-70.0514,-4.3622],[-70.0402,-4.3484],[-70.0431,-4.3324],[-70.052,-4.3253],[-70.0712,-4.3223],[-70.0793,-4.313],[-70.073,-4.3039],[-70.0528,-4.3064],[-70.0444,-4.3032],[-70.0402,-4.2991],[-70.0407,-4.294],[-70.0458,-4.2917],[-70.0623,-4.2945],[-70.0768,-4.2853],[-70.0908,-4.2892],[-70.0965,-4.2878],[-70.1003,-4.2818],[-70.1006,-4.2659],[-70.1045,-4.2586],[-70.1099,-4.2566],[-70.1149,-4.2603],[-70.114,-4.2791],[-70.1224,-4.2859],[-70.1308,-4.2838],[-70.1453,-4.2727],[-70.1561,-4.2746],[-70.1714,-4.3049],[-70.1697,-4.3091],[-70.1524,-4.3206],[-70.1521,-4.3292],[-70.1565,-4.3328],[-70.1734,-4.3341],[-70.1773,-4.338],[-70.1781,-4.3501],[-70.1819,-4.3565],[-70.1872,-4.3605],[-70.1954,-4.3607],[-70.2004,-4.356],[-70.2031,-4.3277],[-70.2114,-4.3152],[-70.213,-4.2989],[-70.2176,-4.299],[-70.218,-4.3103],[-70.2233,-4.3166],[-70.2581,-4.3096],[-70.2646,-4.3045],[-70.2681,-4.2957],[-70.248,-4.2877],[-70.245,-4.2818],[-70.2478,-4.2732],[-70.2572,-4.2714],[-70.2881,-4.288],[-70.2899,-4.2853],[-70.2837,-4.2769],[-70.2849,-4.2714],[-70.3075,-4.2582],[-70.3079,-4.2468],[-70.299,-4.2403],[-70.2798,-4.2343],[-70.2786,-4.2306],[-70.2815,-4.2141],[-70.2877,-4.2008],[-70.2862,-4.169],[-70.2932,-4.1599],[-70.3093,-4.156],[-70.3209,-4.1427],[-70.3242,-4.1423],[-70.3294,-4.1477],[-70.3282,-4.1706],[-70.3373,-4.1791],[-70.3482,-4.1744],[-70.3547,-4.1673],[-70.3645,-4.1462],[-70.3755,-4.1357],[-70.3848,-4.134],[-70.3977,-4.1374],[-70.4328,-4.1314],[-70.4398,-4.1349],[-70.4424,-4.1412],[-70.4327,-4.154],[-70.436,-4.1637],[-70.4542,-4.1591],[-70.4589,-4.1727],[-70.4652,-4.1761],[-70.4776,-4.1606],[-70.4849,-4.1607],[-70.4889,-4.1678],[-70.4925,-4.1914],[-70.4988,-4.1984],[-70.5054,-4.1996],[-70.5139,-4.1928],[-70.5034,-4.1676],[-70.5086,-4.1506],[-70.5236,-4.1368],[-70.5339,-4.1453],[-70.5522,-4.1368],[-70.5521,-4.142],[-70.5424,-4.1484],[-70.5408,-4.1538],[-70.5433,-4.1584],[-70.5577,-4.1657],[-70.5527,-4.189],[-70.5559,-4.2028],[-70.5639,-4.2102],[-70.5722,-4.2113],[-70.5751,-4.2036],[-70.5624,-4.184],[-70.5658,-4.1732],[-70.5734,-4.1738],[-70.585,-4.1846],[-70.6163,-4.1934],[-70.6253,-4.19],[-70.6325,-4.1814],[-70.6347,-4.1713],[-70.6177,-4.1363],[-70.6178,-4.128],[-70.6221,-4.1267],[-70.6463,-4.1278],[-70.6506,-4.1376],[-70.6507,-4.1643],[-70.6583,-4.1469],[-70.6622,-4.1432],[-70.6688,-4.143],[-70.6668,-4.1691],[-70.6724,-4.1951],[-70.6819,-4.2069],[-70.685,-4.2064],[-70.6891,-4.1891],[-70.6969,-4.1865],[-70.7207,-4.1871],[-70.7298,-4.1818],[-70.745,-4.163],[-70.759,-4.1587],[-70.7716,-4.1666],[-70.784,-4.1836],[-70.7881,-4.1864],[-70.8018,-4.1823],[-70.8048,-4.1941],[-70.8193,-4.1986],[-70.826,-4.2123],[-70.8444,-4.2184],[-70.8476,-4.2264],[-70.8432,-4.2309],[-70.8249,-4.2193],[-70.8198,-4.2201],[-70.8162,-4.2284],[-70.826,-4.2385],[-70.8295,-4.2505],[-70.8342,-4.254],[-70.8399,-4.2545],[-70.8515,-4.247],[-70.8621,-4.2492],[-70.8639,-4.2576],[-70.8598,-4.2641],[-70.8477,-4.2715],[-70.845,-4.276],[-70.847,-4.2806],[-70.8765,-4.2921],[-70.8798,-4.2979],[-70.876,-4.3208],[-70.8823,-4.3248],[-70.8956,-4.3234],[-70.9003,-4.3257],[-70.914,-4.3591],[-70.917,-4.3608],[-70.9256,-4.3544],[-70.9347,-4.3573],[-70.9365,-4.3707],[-70.9341,-4.3769],[-70.938,-4.3832],[-70.946,-4.3769],[-70.9602,-4.3807],[-70.97,-4.3788],[-70.9753,-4.3581],[-70.9939,-4.3442],[-70.9989,-4.3487],[-70.9886,-4.3633],[-70.9892,-4.3818],[-71.0035,-4.3882],[-71.0194,-4.3837],[-71.0239,-4.3913],[-71.0382,-4.402],[-71.0471,-4.3955],[-71.0432,-4.3755],[-71.0465,-4.37],[-71.0515,-4.3685],[-71.0557,-4.3708],[-71.0577,-4.3881],[-71.0766,-4.397],[-71.084,-4.3933],[-71.0765,-4.3803],[-71.0786,-4.3751],[-71.0954,-4.3747],[-71.1086,-4.3787],[-71.1082,-4.405],[-71.1166,-4.4101],[-71.1209,-4.4079],[-71.1291,-4.3919],[-71.1425,-4.3815],[-71.1484,-4.381],[-71.1522,-4.3867],[-71.1476,-4.396],[-71.1506,-4.405],[-71.1572,-4.4041],[-71.1597,-4.3928],[-71.1822,-4.3938],[-71.1873,-4.4011],[-71.1878,-4.4193],[-71.1962,-4.4246],[-71.2072,-4.3996],[-71.1984,-4.3865],[-71.2015,-4.3794],[-71.2142,-4.3778],[-71.2175,-4.3808],[-71.218,-4.4011],[-71.2219,-4.408],[-71.2278,-4.4077],[-71.2255,-4.3906],[-71.2333,-4.3837],[-71.2472,-4.3915],[-71.2665,-4.3845],[-71.2742,-4.3859],[-71.2795,-4.3907],[-71.2801,-4.4004],[-71.2683,-4.3929],[-71.2612,-4.3964],[-71.269,-4.4079],[-71.2617,-4.4247],[-71.277,-4.4406],[-71.289,-4.4416],[-71.2951,-4.4374],[-71.307,-4.4167],[-71.3168,-4.4153],[-71.321,-4.4193],[-71.3176,-4.4306],[-71.3037,-4.4414],[-71.3016,-4.4469],[-71.3085,-4.463],[-71.3112,-4.4622],[-71.3132,-4.4448],[-71.3184,-4.441],[-71.3408,-4.4411],[-71.3447,-4.4267],[-71.3615,-4.435],[-71.3772,-4.4251],[-71.3882,-4.4259],[-71.3972,-4.4325],[-71.3998,-4.443],[-71.4085,-4.4477],[-71.4195,-4.4657],[-71.4362,-4.477],[-71.438,-4.4713],[-71.4263,-4.4673],[-71.4335,-4.4595],[-71.4304,-4.4458],[-71.4123,-4.4408],[-71.4123,-4.4366],[-71.4235,-4.4382],[-71.4308,-4.4293],[-71.4381,-4.4285],[-71.4387,-4.4356],[-71.4335,-4.4468],[-71.4459,-4.4495],[-71.4523,-4.4459],[-71.4497,-4.4366],[-71.4525,-4.4323],[-71.4637,-4.4401],[-71.4785,-4.4337],[-71.4765,-4.4493],[-71.4806,-4.4572],[-71.4841,-4.4578],[-71.5063,-4.4371],[-71.5099,-4.441],[-71.5071,-4.4587],[-71.4959,-4.4691],[-71.4936,-4.485],[-71.4986,-4.4845],[-71.5037,-4.4774],[-71.5171,-4.4731],[-71.5158,-4.4643],[-71.518,-4.4627],[-71.5262,-4.4659],[-71.5358,-4.463],[-71.5408,-4.4678],[-71.5361,-4.4824],[-71.5497,-4.4766],[-71.5589,-4.4783],[-71.5586,-4.4816],[-71.5515,-4.4832],[-71.5525,-4.4875],[-71.5593,-4.4905],[-71.5689,-4.5078],[-71.5984,-4.5287],[-71.6169,-4.5289],[-71.6338,-4.5147],[-71.634,-4.5094],[-71.6261,-4.5067],[-71.6205,-4.5007],[-71.6124,-4.4813],[-71.6118,-4.4714],[-71.6156,-4.4681],[-71.6263,-4.4727],[-71.6282,-4.4795],[-71.6245,-4.4845],[-71.6256,-4.49],[-71.6504,-4.504],[-71.6473,-4.4814],[-71.6523,-4.4729],[-71.6607,-4.4737],[-71.6551,-4.4902],[-71.6592,-4.502],[-71.6732,-4.5064],[-71.6752,-4.5024],[-71.6896,-4.4978],[-71.7081,-4.5105],[-71.7175,-4.5066],[-71.7244,-4.4985],[-71.739,-4.4956],[-71.742,-4.4788],[-71.7499,-4.4682],[-71.7545,-4.4712],[-71.7486,-4.4817],[-71.7498,-4.4922],[-71.7656,-4.5033],[-71.7706,-4.503],[-71.7702,-4.4923],[-71.7737,-4.4881],[-71.786,-4.4837],[-71.79,-4.4861],[-71.7826,-4.4938],[-71.7855,-4.4976],[-71.7931,-4.4965],[-71.7936,-4.4852],[-71.8111,-4.493],[-71.8072,-4.501],[-71.8086,-4.5053],[-71.827,-4.4968],[-71.8346,-4.4974],[-71.8279,-4.5065],[-71.8313,-4.5159],[-71.8354,-4.5158],[-71.8373,-4.5051],[-71.8405,-4.5051],[-71.8588,-4.513],[-71.8615,-4.5239],[-71.8661,-4.5275],[-71.8815,-4.5155],[-71.8852,-4.5166],[-71.8857,-4.5229],[-71.893,-4.5154],[-71.9069,-4.5152],[-71.9078,-4.5213],[-71.8944,-4.5232],[-71.886,-4.5315],[-71.8855,-4.5382],[-71.8918,-4.5396],[-71.8988,-4.5299],[-71.9203,-4.53],[-71.9224,-4.5349],[-71.9197,-4.5401],[-71.9287,-4.5474],[-71.9231,-4.5512],[-71.9195,-4.5638],[-71.9315,-4.5617],[-71.9329,-4.5654],[-71.9279,-4.5694],[-71.9339,-4.5779],[-71.9469,-4.578],[-71.9515,-4.5817],[-71.9431,-4.5944],[-71.9512,-4.5989],[-71.9476,-4.609],[-71.9546,-4.6101],[-71.9605,-4.6051],[-71.966,-4.6114],[-71.9703,-4.6092],[-71.9782,-4.6121],[-71.9853,-4.6038],[-71.9954,-4.6102],[-71.996,-4.614],[-71.9868,-4.6135],[-71.9822,-4.6276],[-72.0023,-4.629],[-72.0046,-4.6448],[-72.0125,-4.6403],[-72.0149,-4.6326],[-72.0417,-4.623],[-72.0378,-4.6438],[-72.0456,-4.6437],[-72.0458,-4.6541],[-72.0567,-4.6495],[-72.0679,-4.6591],[-72.0594,-4.6733],[-72.0653,-4.6764],[-72.0705,-4.6634],[-72.0798,-4.6682],[-72.0825,-4.6733],[-72.0767,-4.6773],[-72.0781,-4.6818],[-72.083,-4.6844],[-72.0892,-4.681],[-72.0911,-4.6907],[-72.0992,-4.6968],[-72.1027,-4.7064],[-72.1137,-4.7059],[-72.1142,-4.7126],[-72.1181,-4.7113],[-72.1257,-4.7168],[-72.1208,-4.728],[-72.1245,-4.7333],[-72.1331,-4.7339],[-72.1335,-4.7291],[-72.1272,-4.7228],[-72.1405,-4.7116],[-72.1459,-4.7235],[-72.1616,-4.7278],[-72.1594,-4.736],[-72.1725,-4.7344],[-72.1931,-4.7461],[-72.1876,-4.7505],[-72.1922,-4.7623],[-72.1956,-4.7601],[-72.1916,-4.7567],[-72.1994,-4.7575],[-72.2012,-4.7518],[-72.2083,-4.747],[-72.2119,-4.7529],[-72.2224,-4.7536],[-72.2219,-4.7578],[-72.2129,-4.7581],[-72.2151,-4.7667],[-72.2218,-4.7718],[-72.2273,-4.7665],[-72.2289,-4.7746],[-72.2366,-4.7748],[-72.2443,-4.7808],[-72.2479,-4.7771],[-72.25,-4.766],[-72.2561,-4.7644],[-72.2625,-4.7802],[-72.2562,-4.7846],[-72.2541,-4.7904],[-72.2568,-4.7915],[-72.2596,-4.7867],[-72.2647,-4.7852],[-72.2719,-4.7983],[-72.2842,-4.7967],[-72.277,-4.7893],[-72.2782,-4.7701],[-72.2812,-4.7715],[-72.2827,-4.7829],[-72.3017,-4.7754],[-72.3059,-4.7902],[-72.3136,-4.7854],[-72.3087,-4.781],[-72.3107,-4.7743],[-72.324,-4.778],[-72.3297,-4.7834],[-72.327,-4.7875],[-72.3199,-4.7879],[-72.3235,-4.7951],[-72.3216,-4.8072],[-72.3246,-4.8137],[-72.3242,-4.8025],[-72.3393,-4.8045],[-72.3358,-4.7974],[-72.3397,-4.7925],[-72.3431,-4.797],[-72.3431,-4.8057],[-72.3553,-4.8062],[-72.366,-4.8026],[-72.371,-4.8056],[-72.3673,-4.8152],[-72.3584,-4.823],[-72.3624,-4.8266],[-72.3697,-4.8225],[-72.377,-4.8231],[-72.3823,-4.8269],[-72.373,-4.8293],[-72.3715,-4.8326],[-72.3825,-4.8316],[-72.39,-4.835],[-72.3785,-4.8352],[-72.3751,-4.8391],[-72.3835,-4.8505],[-72.3801,-4.8588],[-72.39,-4.863],[-72.381,-4.8701],[-72.3813,-4.8729],[-72.3858,-4.8751],[-72.3904,-4.8688],[-72.4004,-4.8753],[-72.404,-4.8893],[-72.4098,-4.8871],[-72.4146,-4.8752],[-72.4233,-4.8781],[-72.4226,-4.8831],[-72.4151,-4.888],[-72.4182,-4.8938],[-72.4146,-4.9009],[-72.4266,-4.9014],[-72.4294,-4.903],[-72.4295,-4.9105],[-72.4343,-4.9113],[-72.439,-4.9088],[-72.4423,-4.8989],[-72.4535,-4.902],[-72.4532,-4.8921],[-72.4618,-4.8944],[-72.4668,-4.8909],[-72.4708,-4.8919],[-72.4664,-4.897],[-72.4693,-4.9056],[-72.4631,-4.9029],[-72.4627,-4.9095],[-72.4532,-4.9119],[-72.4511,-4.9162],[-72.4563,-4.9173],[-72.4576,-4.9248],[-72.472,-4.9233],[-72.4772,-4.9318],[-72.4743,-4.943],[-72.481,-4.9519],[-72.4861,-4.9524],[-72.4838,-4.9416],[-72.4867,-4.9339],[-72.491,-4.9343],[-72.4968,-4.9502],[-72.5063,-4.9459],[-72.5044,-4.9385],[-72.52,-4.9325],[-72.5232,-4.9471],[-72.5213,-4.9594],[-72.5265,-4.9534],[-72.5385,-4.9643],[-72.5406,-4.9621],[-72.5358,-4.9542],[-72.5517,-4.9555],[-72.5524,-4.9644],[-72.5675,-4.9749],[-72.5674,-4.9836],[-72.5837,-4.9813],[-72.5843,-4.9982],[-72.5902,-4.9965],[-72.5908,-4.9846],[-72.5989,-4.9838],[-72.5979,-4.9946],[-72.6109,-4.9953],[-72.6078,-4.9993],[-72.5994,-4.9994],[-72.6028,-5.0039],[-72.6021,-5.0113],[-72.6133,-5.0153],[-72.6057,-5.0367],[-72.609,-5.039],[-72.6086,-5.03],[-72.6166,-5.0333],[-72.6219,-5.0513],[-72.6256,-5.0403],[-72.6293,-5.0377],[-72.6313,-5.0399],[-72.6282,-5.0461],[-72.6324,-5.0568],[-72.6415,-5.0623],[-72.6437,-5.062],[-72.6391,-5.0536],[-72.6427,-5.0448],[-72.6529,-5.0499],[-72.6534,-5.0606],[-72.6569,-5.0633],[-72.661,-5.0612],[-72.6576,-5.0566],[-72.6589,-5.0533],[-72.6669,-5.0593],[-72.6694,-5.0481],[-72.6727,-5.0519],[-72.6838,-5.0504],[-72.6884,-5.0592],[-72.6941,-5.0608],[-72.709,-5.0484],[-72.7173,-5.0578],[-72.7277,-5.0514],[-72.7303,-5.0532],[-72.7259,-5.0579],[-72.7267,-5.0618],[-72.736,-5.0589],[-72.7385,-5.0613],[-72.7384,-5.0673],[-72.7316,-5.0695],[-72.7307,-5.0752],[-72.7337,-5.0774],[-72.7389,-5.0753],[-72.7403,-5.0887],[-72.7562,-5.0772],[-72.7571,-5.0827],[-72.7634,-5.0846],[-72.7614,-5.093],[-72.7688,-5.1],[-72.7785,-5.093],[-72.7845,-5.0934],[-72.78,-5.1012],[-72.7869,-5.1138],[-72.7913,-5.1051],[-72.8021,-5.1113],[-72.8185,-5.1024],[-72.8207,-5.105],[-72.8167,-5.1142],[-72.8183,-5.1233],[-72.8138,-5.1344],[-72.8153,-5.1387],[-72.8178,-5.1393],[-72.8233,-5.1313],[-72.8255,-5.1338],[-72.8221,-5.1405],[-72.8258,-5.1445],[-72.8333,-5.138],[-72.8377,-5.1437],[-72.8508,-5.1464],[-72.8503,-5.1356],[-72.8606,-5.1396],[-72.8616,-5.1446],[-72.8691,-5.1441],[-72.867,-5.1517],[-72.8756,-5.1519],[-72.8879,-5.1636],[-72.8851,-5.1746],[-72.8787,-5.1724],[-72.8803,-5.1867],[-72.8739,-5.1824],[-72.8762,-5.1764],[-72.8693,-5.1787],[-72.8719,-5.1873],[-72.8767,-5.1867],[-72.8774,-5.1913],[-72.8697,-5.1952],[-72.8698,-5.2013],[-72.8766,-5.2036],[-72.8714,-5.2072],[-72.8663,-5.2057],[-72.8646,-5.2097],[-72.8701,-5.2161],[-72.8635,-5.2331],[-72.874,-5.2498],[-72.8652,-5.2449],[-72.8619,-5.247],[-72.8684,-5.2486],[-72.8676,-5.2593],[-72.8724,-5.2626],[-72.8679,-5.2625],[-72.8659,-5.2681],[-72.8608,-5.2708],[-72.8647,-5.2719],[-72.8689,-5.2891],[-72.8757,-5.2934],[-72.8701,-5.2994],[-72.8799,-5.3108],[-72.8884,-5.3133],[-72.886,-5.323],[-72.8904,-5.3309],[-72.8987,-5.337],[-72.8987,-5.3462],[-72.9093,-5.3661],[-72.907,-5.3751],[-72.9207,-5.3824],[-72.9204,-5.3902],[-72.9291,-5.4055],[-72.9294,-5.4131],[-72.9359,-5.4187],[-72.9359,-5.4263],[-72.9425,-5.4415],[-72.951,-5.4447],[-72.9484,-5.4519],[-72.9569,-5.4654],[-72.958,-5.492],[-72.9638,-5.4981],[-72.9605,-5.5235],[-72.9538,-5.5401],[-72.9572,-5.5568],[-72.952,-5.5662],[-72.9585,-5.5708],[-72.9511,-5.5843],[-72.9664,-5.5932],[-72.9743,-5.6159],[-72.9745,-5.6241],[-72.9673,-5.6296],[-72.966,-5.6454],[-72.9618,-5.6546],[-72.9652,-5.6617],[-72.9717,-5.6572],[-72.9863,-5.6623],[-72.9904,-5.6694],[-72.9862,-5.6773],[-72.9882,-5.6858],[-72.985,-5.6943],[-72.9927,-5.6958],[-72.9922,-5.7038],[-73.004,-5.7082],[-72.9987,-5.7147],[-73.0029,-5.7214],[-73.0217,-5.7319],[-73.0206,-5.7395],[-73.0347,-5.7506],[-73.0425,-5.749],[-73.0496,-5.766],[-73.056,-5.7719],[-73.0537,-5.7806],[-73.0555,-5.7891],[-73.064,-5.7893],[-73.0792,-5.806],[-73.0957,-5.8133],[-73.0935,-5.8217],[-73.1102,-5.8242],[-73.1171,-5.8286],[-73.1147,-5.8538],[-73.1376,-5.8586],[-73.1432,-5.8637],[-73.151,-5.8634],[-73.157,-5.8694],[-73.1611,-5.8766],[-73.1559,-5.8826],[-73.17,-5.8928],[-73.1683,-5.9093],[-73.1742,-5.9155],[-73.1737,-5.9239],[-73.1815,-5.923],[-73.183,-5.9326],[-73.1878,-5.9388],[-73.1867,-5.9556],[-73.1818,-5.9628],[-73.1941,-5.9843],[-73.189,-5.9992],[-73.2026,-6.0053],[-73.2102,-6.005],[-73.2162,-6.0118],[-73.2179,-6.0198],[-73.23,-6.0308],[-73.2375,-6.0322],[-73.2378,-6.0449],[-73.2318,-6.0736],[-73.2397,-6.0795],[-73.2352,-6.0858],[-73.2508,-6.1049],[-73.2527,-6.1299],[-73.2494,-6.1371],[-73.2502,-6.1449],[-73.2205,-6.1785],[-73.2169,-6.2033],[-73.2204,-6.2122],[-73.2192,-6.2217],[-73.2091,-6.2266],[-73.1978,-6.2397],[-73.1929,-6.2563],[-73.1852,-6.257],[-73.1655,-6.2742],[-73.1621,-6.283],[-73.1661,-6.2906],[-73.1616,-6.2991],[-73.161,-6.3181],[-73.1583,-6.3273],[-73.1511,-6.3217],[-73.1455,-6.3563],[-73.1392,-6.3631],[-73.1335,-6.3874],[-73.117,-6.3949],[-73.1089,-6.41],[-73.111,-6.42],[-73.1193,-6.4239],[-73.1226,-6.4319],[-73.1181,-6.4399],[-73.1178,-6.4498],[-73.1237,-6.4548],[-73.1237,-6.4633],[-73.1322,-6.4682],[-73.1392,-6.4838],[-73.1418,-6.4912],[-73.1384,-6.498],[-73.1594,-6.5247],[-73.1669,-6.526],[-73.1727,-6.5183],[-73.1842,-6.5276],[-73.1825,-6.54],[-73.1902,-6.5452],[-73.1983,-6.5445],[-73.1981,-6.554],[-73.2052,-6.5569],[-73.2004,-6.5648],[-73.213,-6.5778],[-73.2197,-6.5732],[-73.2221,-6.5648],[-73.2301,-6.5705],[-73.2332,-6.5779],[-73.2472,-6.5843],[-73.2805,-6.5854],[-73.3016,-6.5947],[-73.3108,-6.5925],[-73.3259,-6.5943],[-73.3318,-6.5999],[-73.3376,-6.5931],[-73.3545,-6.5949],[-73.3599,-6.6026],[-73.3747,-6.6111],[-73.3792,-6.6173],[-73.3807,-6.635],[-73.4051,-6.6429],[-73.4127,-6.6421],[-73.4283,-6.6522],[-73.437,-6.6511],[-73.4586,-6.6655],[-73.4761,-6.6653],[-73.4825,-6.6712],[-73.4982,-6.6719],[-73.5164,-6.6773],[-73.5504,-6.7066],[-73.5598,-6.721],[-73.5765,-6.7265],[-73.5846,-6.7247],[-73.6071,-6.7391],[-73.6158,-6.7413],[-73.6428,-6.7621],[-73.6486,-6.7782],[-73.6668,-6.8064],[-73.6815,-6.8181],[-73.6905,-6.8343],[-73.6973,-6.8394],[-73.7072,-6.8397],[-73.7115,-6.8626],[-73.7169,-6.8704],[-73.7214,-6.8891],[-73.7415,-6.9095],[-73.7546,-6.9419],[-73.7429,-6.9653],[-73.7384,-6.9821],[-73.7386,-6.9993],[-73.73,-7.0069],[-73.7268,-7.0225],[-73.7387,-7.0453],[-73.7743,-7.0852],[-73.7967,-7.1033],[-73.8016,-7.1118],[-73.7921,-7.1239],[-73.7931,-7.1327],[-73.7777,-7.1455],[-73.7753,-7.1562],[-73.7661,-7.1632],[-73.7594,-7.1742],[-73.7533,-7.201],[-73.7447,-7.21],[-73.7239,-7.2209],[-73.7138,-7.2339],[-73.7157,-7.2672],[-73.7006,-7.2906],[-73.6998,-7.3039],[-73.7182,-7.3288],[-73.7554,-7.3465],[-73.7639,-7.3475],[-73.7591,-7.3349],[-73.7659,-7.3314],[-73.7941,-7.3438],[-73.8171,-7.335],[-73.8296,-7.3365],[-73.8523,-7.3469],[-73.8629,-7.3736],[-73.8765,-7.3823],[-73.8902,-7.3776],[-73.9095,-7.3777],[-73.9309,-7.3519],[-73.9363,-7.3524],[-73.9422,-7.362],[-73.9531,-7.3455],[-73.9634,-7.3473],[-73.9671,-7.3598],[-73.9416,-7.4095],[-73.9314,-7.4228],[-73.9274,-7.4517],[-73.9193,-7.4653],[-73.9292,-7.4776],[-73.9328,-7.4942],[-73.9475,-7.5262],[-73.9743,-7.5323],[-73.9851,-7.5304],[-73.9904,-7.536]],[[-66.3187,0.7415],[-66.318501,0.754901],[-66.3165,0.7361],[-66.3187,0.7415]],[[-53.4309,-26.2821],[-53.4308,-26.282],[-53.4304,-26.2819],[-53.4309,-26.2821]],[[-51.3531,-14.9939],[-51.3499,-14.9903],[-51.3474,-14.9877],[-51.3531,-14.9939]]],[[[-52.1404,-31.9578],[-52.1244,-31.9696],[-52.1279,-31.9727],[-52.126,-31.9747],[-52.1244,-31.9697],[-52.1212,-31.9711],[-52.1208,-31.968],[-52.1249,-31.969],[-52.1321,-31.9641],[-52.1287,-31.9612],[-52.1317,-31.9561],[-52.1404,-31.9578]]],[[[-52.1265,-31.9758],[-52.1255,-31.9771],[-52.1249,-31.976],[-52.126,-31.9747],[-52.1265,-31.9758]]],[[[-52.1112,-31.7935],[-52.104,-31.8019],[-52.0972,-31.7989],[-52.0942,-31.7929],[-52.1045,-31.7909],[-52.1112,-31.7935]]],[[[-51.2947,-30.0542],[-51.2915,-30.0651],[-51.2869,-30.0633],[-51.2856,-30.0602],[-51.2947,-30.0542]]],[[[-51.1702,-30.2637],[-51.1653,-30.2662],[-51.1626,-30.2628],[-51.1702,-30.2637]]],[[[-50.5524,2.1503],[-50.5446,2.1498],[-50.5318,2.1407],[-50.5113,2.1034],[-50.4998,2.0969],[-50.4934,2.097],[-50.4862,2.1044],[-50.4713,2.1023],[-50.4582,2.1152],[-50.4488,2.1126],[-50.4429,2.116],[-50.4226,2.1185],[-50.4195,2.1233],[-50.4219,2.1423],[-50.43,2.1501],[-50.4322,2.158],[-50.4384,2.1596],[-50.4425,2.1675],[-50.4506,2.1668],[-50.4588,2.1726],[-50.4591,2.1775],[-50.4668,2.1847],[-50.4801,2.1808],[-50.4838,2.1844],[-50.52,2.1837],[-50.544,2.1621],[-50.5524,2.1503]]],[[[-50.5212,2.0054],[-50.5169,1.9994],[-50.5057,1.9992],[-50.4986,1.9945],[-50.4914,1.9797],[-50.4906,1.9647],[-50.4719,1.9375],[-50.4525,1.8841],[-50.4289,1.8675],[-50.4037,1.8717],[-50.3699,1.8871],[-50.3317,1.9262],[-50.3174,1.9475],[-50.322,1.9752],[-50.3328,1.9894],[-50.3386,1.9923],[-50.3385,1.9962],[-50.3461,1.9966],[-50.3512,2.0133],[-50.3625,2.022],[-50.3618,2.06],[-50.3721,2.0702],[-50.3834,2.0712],[-50.384,2.0801],[-50.3887,2.0885],[-50.3948,2.092],[-50.3967,2.1012],[-50.4054,2.1113],[-50.4373,2.1125],[-50.4501,2.1092],[-50.4574,2.1127],[-50.4684,2.1],[-50.4838,2.1014],[-50.4939,2.0928],[-50.5042,2.094],[-50.5096,2.0827],[-50.5124,2.0455],[-50.5171,2.0346],[-50.5212,2.0054]]],[[[-49.6785,0.1631],[-49.6775,0.1557],[-49.672,0.1515],[-49.6535,0.145],[-49.6154,0.1528],[-49.6024,0.1695],[-49.6027,0.176],[-49.6066,0.1814],[-49.6329,0.1945],[-49.6607,0.1873],[-49.6785,0.1631]]],[[[-49.6338,0.205],[-49.6321,0.201],[-49.6181,0.1992],[-49.5993,0.2111],[-49.5763,0.2197],[-49.5578,0.2439],[-49.5741,0.2493],[-49.6021,0.2428],[-49.6138,0.2321],[-49.6338,0.205]]],[[[-49.6079,0.192],[-49.6026,0.1849],[-49.5683,0.181],[-49.5549,0.2064],[-49.5648,0.2061],[-49.6079,0.192]]],[[[-49.5074,0.1241],[-49.5024,0.1174],[-49.467,0.1124],[-49.4492,0.1143],[-49.4713,0.1389],[-49.4737,0.1452],[-49.4842,0.15],[-49.5074,0.1241]]],[[[-49.1544,-0.1465],[-49.1434,-0.1591],[-49.1353,-0.1615],[-49.1241,-0.1593],[-49.1206,-0.1537],[-49.1227,-0.1451],[-49.1283,-0.1408],[-49.146,-0.1352],[-49.1511,-0.1358],[-49.1544,-0.1465]]],[[[-48.9867,-0.18],[-48.9684,-0.1894],[-48.9711,-0.1808],[-48.9771,-0.1746],[-48.9865,-0.1714],[-48.9867,-0.18]]],[[[-48.9815,-0.1665],[-48.9752,-0.172],[-48.975,-0.1668],[-48.9815,-0.1665]]],[[[-48.9482,-0.1818],[-48.943,-0.181],[-48.9387,-0.1708],[-48.9452,-0.1717],[-48.9482,-0.1818]]],[[[-48.9475,-0.2068],[-48.9423,-0.2109],[-48.9246,-0.214],[-48.9019,-0.2032],[-48.8813,-0.2033],[-48.8726,-0.2001],[-48.8643,-0.1865],[-48.8656,-0.1837],[-48.8797,-0.1804],[-48.8726,-0.1728],[-48.8797,-0.1572],[-48.887,-0.1532],[-48.912,-0.1504],[-48.9321,-0.162],[-48.9475,-0.2068]]],[[[-48.7707,-0.1787],[-48.7637,-0.1861],[-48.7468,-0.1705],[-48.7575,-0.1637],[-48.7648,-0.1678],[-48.7707,-0.1787]]],[[[-48.7366,-0.171],[-48.7339,-0.1736],[-48.7313,-0.1716],[-48.734,-0.1677],[-48.7366,-0.171]]],[[[-48.7106,-28.4476],[-48.7088,-28.4486],[-48.707,-28.4469],[-48.708,-28.4457],[-48.7104,-28.4467],[-48.7106,-28.4476]]],[[[-48.6762,-26.6949],[-48.6749,-26.6957],[-48.6739,-26.6948],[-48.6751,-26.6939],[-48.6762,-26.6949]]],[[[-48.6553,-28.2485],[-48.6535,-28.2489],[-48.6534,-28.2472],[-48.6549,-28.247],[-48.6553,-28.2485]]],[[[-48.6523,-28.2419],[-48.6503,-28.2423],[-48.6499,-28.2413],[-48.6514,-28.2403],[-48.6523,-28.2419]]],[[[-48.65,-28.3237],[-48.6494,-28.3256],[-48.6485,-28.323],[-48.6467,-28.3206],[-48.6475,-28.3189],[-48.6496,-28.322],[-48.65,-28.3237]]],[[[-48.6438,-28.1521],[-48.6426,-28.1542],[-48.6412,-28.1543],[-48.6403,-28.1527],[-48.6409,-28.1513],[-48.6438,-28.1521]]],[[[-48.6392,-26.9129],[-48.636,-26.913],[-48.6387,-26.9116],[-48.6392,-26.9129]]],[[[-48.639,-26.7455],[-48.6341,-26.7452],[-48.6373,-26.7429],[-48.639,-26.7455]]],[[[-48.5832,-26.4602],[-48.5772,-26.4601],[-48.5787,-26.4544],[-48.5832,-26.4602]]],[[[-48.5703,-26.4592],[-48.5695,-26.4607],[-48.5678,-26.4606],[-48.5665,-26.4613],[-48.564,-26.4604],[-48.5653,-26.46],[-48.5669,-26.4581],[-48.5703,-26.4592]]],[[[-48.5495,-27.1446],[-48.5461,-27.1446],[-48.5393,-27.1362],[-48.5495,-27.1446]]],[[[-48.5456,-27.9348],[-48.5409,-27.9412],[-48.5424,-27.9322],[-48.5456,-27.9348]]],[[[-48.5326,-27.3063],[-48.5303,-27.3078],[-48.5284,-27.305],[-48.5326,-27.3063]]],[[[-48.5305,-27.8421],[-48.5251,-27.8441],[-48.5189,-27.8337],[-48.5274,-27.8368],[-48.5305,-27.8421]]],[[[-48.5303,-27.832],[-48.5275,-27.8323],[-48.5279,-27.8291],[-48.5303,-27.832]]],[[[-48.5249,-26.3812],[-48.5248,-26.3838],[-48.5229,-26.381],[-48.5249,-26.3812]]],[[[-48.5232,-26.3691],[-48.5219,-26.3699],[-48.5212,-26.3686],[-48.5228,-26.3678],[-48.5232,-26.3691]]],[[[-48.5229,-26.3721],[-48.5224,-26.3743],[-48.5203,-26.3705],[-48.5229,-26.3721]]],[[[-48.5086,-27.8382],[-48.5016,-27.8401],[-48.5011,-27.8356],[-48.5086,-27.8382]]],[[[-48.4932,-26.2028],[-48.4905,-26.2031],[-48.4912,-26.2016],[-48.4932,-26.2028]]],[[[-48.489,-26.1809],[-48.4889,-26.1818],[-48.487,-26.182],[-48.4864,-26.1805],[-48.487,-26.18],[-48.489,-26.1809]]],[[[-48.4862,-26.1771],[-48.4841,-26.1798],[-48.4818,-26.1757],[-48.4854,-26.1744],[-48.4862,-26.1771]]],[[[-48.4861,-26.1642],[-48.4854,-26.1656],[-48.484,-26.1637],[-48.4861,-26.1642]]],[[[-48.4823,-26.165],[-48.4822,-26.1668],[-48.4809,-26.1664],[-48.4809,-26.1647],[-48.4823,-26.165]]],[[[-48.4748,-27.2082],[-48.4683,-27.2107],[-48.4641,-27.2055],[-48.4694,-27.2058],[-48.4695,-27.2028],[-48.4748,-27.2082]]],[[[-48.4683,-27.7039],[-48.4639,-27.7005],[-48.4625,-27.691],[-48.4669,-27.6926],[-48.4683,-27.7039]]],[[[-48.4332,-27.847],[-48.4328,-27.848],[-48.4305,-27.8473],[-48.4287,-27.8455],[-48.4287,-27.8441],[-48.4311,-27.8439],[-48.4319,-27.8457],[-48.4332,-27.847]]],[[[-48.4328,-0.8072],[-48.4324,-0.8086],[-48.4311,-0.8087],[-48.4279,-0.8075],[-48.4273,-0.8062],[-48.4281,-0.8051],[-48.4294,-0.805],[-48.4328,-0.8072]]],[[[-48.4109,-27.1855],[-48.4083,-27.1881],[-48.4071,-27.1836],[-48.4022,-27.1817],[-48.4053,-27.1753],[-48.4109,-27.1855]]],[[[-48.4002,-27.1802],[-48.3981,-27.182],[-48.3974,-27.1805],[-48.3984,-27.1787],[-48.4002,-27.1802]]],[[[-48.3879,-27.6117],[-48.3867,-27.6123],[-48.3846,-27.6106],[-48.3835,-27.608],[-48.3848,-27.6074],[-48.3879,-27.6117]]],[[[-48.3774,-27.28],[-48.3771,-27.2835],[-48.3709,-27.284],[-48.366,-27.2958],[-48.3558,-27.2983],[-48.3592,-27.2742],[-48.3672,-27.2754],[-48.371,-27.27],[-48.3774,-27.28]]],[[[-48.3678,-27.4249],[-48.3666,-27.4261],[-48.3658,-27.4247],[-48.3669,-27.423],[-48.3678,-27.4249]]],[[[-48.3672,-25.7359],[-48.3661,-25.7375],[-48.3648,-25.7375],[-48.3638,-25.7362],[-48.3638,-25.7353],[-48.3656,-25.7345],[-48.3672,-25.7359]]],[[[-48.3656,-27.4901],[-48.3607,-27.4878],[-48.3612,-27.4869],[-48.3626,-27.4862],[-48.3639,-27.4867],[-48.3656,-27.4901]]],[[[-48.3601,-27.4873],[-48.3564,-27.4887],[-48.3552,-27.484],[-48.3601,-27.4873]]],[[[-48.334,-27.2752],[-48.3338,-27.2774],[-48.3279,-27.2684],[-48.334,-27.2752]]],[[[-48.0381,-25.3568],[-48.0372,-25.3579],[-48.0354,-25.3568],[-48.0375,-25.356],[-48.0381,-25.3568]]],[[[-48.0163,-0.6703],[-48.0154,-0.6837],[-48.009,-0.6842],[-48.0076,-0.6631],[-48.014,-0.6629],[-48.0163,-0.6703]]],[[[-47.9964,-0.6816],[-47.9922,-0.6935],[-47.9951,-0.6785],[-47.9964,-0.6816]]],[[[-47.9854,-0.662],[-47.9816,-0.6734],[-47.9708,-0.655],[-47.9751,-0.6487],[-47.9845,-0.6562],[-47.9854,-0.662]]],[[[-47.9576,-25.273],[-47.9559,-25.2744],[-47.9533,-25.2745],[-47.9528,-25.2727],[-47.9553,-25.2728],[-47.9576,-25.273]]],[[[-47.9217,-0.5812],[-47.914,-0.5844],[-47.9204,-0.5766],[-47.9217,-0.5812]]],[[[-47.9211,-0.5932],[-47.9097,-0.6007],[-47.9177,-0.5899],[-47.9211,-0.5932]]],[[[-47.9148,-25.1663],[-47.909,-25.1661],[-47.9114,-25.1629],[-47.9148,-25.1663]]],[[[-47.8656,-25.1235],[-47.865,-25.1282],[-47.8618,-25.1276],[-47.8507,-25.1215],[-47.85,-25.1178],[-47.8552,-25.1163],[-47.8656,-25.1235]]],[[[-47.8622,-25.1323],[-47.8603,-25.1332],[-47.8596,-25.1318],[-47.8615,-25.1308],[-47.8622,-25.1323]]],[[[-47.8543,-0.6399],[-47.8519,-0.6366],[-47.8526,-0.636],[-47.8541,-0.6385],[-47.8543,-0.6399]]],[[[-47.8465,-0.6651],[-47.8421,-0.6718],[-47.841,-0.6561],[-47.8465,-0.6651]]],[[[-47.838,-0.6562],[-47.8366,-0.6647],[-47.8347,-0.657],[-47.838,-0.6562]]],[[[-47.8298,-0.6366],[-47.8272,-0.6488],[-47.8229,-0.634],[-47.8276,-0.631],[-47.8298,-0.6366]]],[[[-47.0034,-24.4098],[-47.0017,-24.4106],[-47.0004,-24.4092],[-47.0006,-24.4085],[-47.0034,-24.4098]]],[[[-46.9876,-24.3815],[-46.9858,-24.3825],[-46.9847,-24.3825],[-46.9836,-24.3807],[-46.9848,-24.3792],[-46.9861,-24.3799],[-46.9872,-24.3796],[-46.9876,-24.3815]]],[[[-46.808,-24.3759],[-46.8056,-24.3759],[-46.8053,-24.3746],[-46.8069,-24.374],[-46.808,-24.3744],[-46.808,-24.3759]]],[[[-46.7293,-0.7831],[-46.7223,-0.7884],[-46.7237,-0.79],[-46.7188,-0.7893],[-46.7213,-0.7831],[-46.7293,-0.7831]]],[[[-46.6779,-24.4847],[-46.6762,-24.492],[-46.6714,-24.4887],[-46.6749,-24.4781],[-46.6776,-24.4787],[-46.6779,-24.4847]]],[[[-46.6268,-0.9592],[-46.6064,-0.9551],[-46.6036,-0.9399],[-46.6201,-0.9459],[-46.6268,-0.9592]]],[[[-46.4857,-0.9733],[-46.4841,-0.9739],[-46.4807,-0.9738],[-46.4792,-0.9724],[-46.4812,-0.9713],[-46.4841,-0.9716],[-46.4857,-0.9733]]],[[[-46.476,-0.9687],[-46.4712,-0.9689],[-46.4687,-0.9639],[-46.476,-0.9687]]],[[[-46.464,-0.9141],[-46.4606,-0.9147],[-46.4564,-0.9068],[-46.462,-0.9081],[-46.464,-0.9141]]],[[[-46.4489,-1.0164],[-46.4355,-1.016],[-46.4323,-1.0067],[-46.445,-1.0109],[-46.4489,-1.0164]]],[[[-46.4362,-0.9904],[-46.4137,-0.9753],[-46.4049,-0.9654],[-46.4016,-0.9499],[-46.4049,-0.9425],[-46.4165,-0.9431],[-46.4317,-0.9712],[-46.4362,-0.9904]]],[[[-46.3859,-1.0072],[-46.3814,-1.0224],[-46.375,-1.0201],[-46.3801,-1.0104],[-46.3772,-1.002],[-46.3829,-1.0029],[-46.3859,-1.0072]]],[[[-46.34,-0.9598],[-46.3278,-0.973],[-46.3316,-0.9861],[-46.3128,-1.0073],[-46.3056,-0.9978],[-46.3141,-0.9635],[-46.3075,-0.9398],[-46.3161,-0.9346],[-46.3221,-0.9364],[-46.34,-0.9598]]],[[[-46.2662,-24.0494],[-46.2608,-24.0524],[-46.2605,-24.0451],[-46.2662,-24.0494]]],[[[-46.1844,-23.9743],[-46.1813,-23.9752],[-46.1801,-23.9711],[-46.1844,-23.9743]]],[[[-46.1829,-24.3201],[-46.1825,-24.3213],[-46.1799,-24.3192],[-46.1805,-24.3182],[-46.1829,-24.3201]]],[[[-46.156,-0.9496],[-46.1529,-0.9542],[-46.1466,-0.9517],[-46.1384,-0.9256],[-46.1521,-0.9252],[-46.156,-0.9496]]],[[[-46.0174,-1.0773],[-46.0118,-1.0769],[-46.0095,-1.0726],[-46.0143,-1.072],[-46.0174,-1.0773]]],[[[-45.9561,-1.1913],[-45.9553,-1.1915],[-45.954,-1.1893],[-45.9535,-1.1872],[-45.9533,-1.1833],[-45.9542,-1.1828],[-45.9561,-1.187],[-45.9561,-1.1913]]],[[[-45.9045,-1.1636],[-45.9013,-1.1616],[-45.8987,-1.1594],[-45.8945,-1.1539],[-45.893,-1.1522],[-45.8924,-1.1505],[-45.895,-1.152],[-45.8983,-1.1563],[-45.9042,-1.1619],[-45.9045,-1.1636]]],[[[-45.8278,-1.1287],[-45.8268,-1.1506],[-45.8232,-1.1538],[-45.813,-1.1525],[-45.805,-1.1451],[-45.8078,-1.1245],[-45.8186,-1.1234],[-45.8278,-1.1287]]],[[[-45.7872,-23.8656],[-45.787,-23.8685],[-45.7812,-23.8709],[-45.7766,-23.8683],[-45.7736,-23.8605],[-45.7781,-23.8578],[-45.7842,-23.8595],[-45.7872,-23.8656]]],[[[-45.7741,-1.1923],[-45.7719,-1.1956],[-45.768,-1.1947],[-45.7707,-1.1894],[-45.7741,-1.1923]]],[[[-45.7262,-23.8023],[-45.7167,-23.8049],[-45.716,-23.8029],[-45.7187,-23.7987],[-45.7262,-23.8023]]],[[[-45.7176,-23.7937],[-45.7047,-23.7876],[-45.7111,-23.7872],[-45.7176,-23.7937]]],[[[-45.7109,-1.228],[-45.7094,-1.2443],[-45.6931,-1.2653],[-45.6726,-1.2541],[-45.668,-1.2437],[-45.6674,-1.226],[-45.6765,-1.2138],[-45.6774,-1.2034],[-45.6737,-1.1971],[-45.6762,-1.1908],[-45.6889,-1.1837],[-45.6994,-1.1988],[-45.7109,-1.228]]],[[[-45.7065,-24.1117],[-45.6799,-24.0978],[-45.6879,-24.0985],[-45.6898,-24.0917],[-45.7024,-24.1065],[-45.702,-24.1097],[-45.7065,-24.1117]]],[[[-45.6716,-23.8059],[-45.6715,-23.8073],[-45.6701,-23.807],[-45.6688,-23.8059],[-45.6677,-23.8041],[-45.6707,-23.805],[-45.6716,-23.8059]]],[[[-45.6564,-24.076],[-45.6558,-24.0768],[-45.6543,-24.0758],[-45.6554,-24.0749],[-45.6564,-24.076]]],[[[-45.6522,-1.2346],[-45.6493,-1.2336],[-45.6504,-1.2291],[-45.6522,-1.2346]]],[[[-45.6106,-1.1538],[-45.6096,-1.1601],[-45.605,-1.1601],[-45.6049,-1.1512],[-45.6082,-1.1504],[-45.6106,-1.1538]]],[[[-45.5963,-1.2398],[-45.5938,-1.2419],[-45.5781,-1.2308],[-45.5401,-1.2307],[-45.5332,-1.2258],[-45.5322,-1.2205],[-45.5416,-1.2036],[-45.5645,-1.1926],[-45.5763,-1.1928],[-45.5805,-1.198],[-45.5784,-1.2062],[-45.5804,-1.2211],[-45.5963,-1.2398]]],[[[-45.5765,-1.2711],[-45.573,-1.2738],[-45.5694,-1.2698],[-45.5705,-1.2605],[-45.5761,-1.2622],[-45.5765,-1.2711]]],[[[-45.5265,-23.8501],[-45.5243,-23.856],[-45.5204,-23.8475],[-45.5229,-23.8459],[-45.5265,-23.8501]]],[[[-45.5006,-1.353],[-45.4992,-1.3617],[-45.4953,-1.3468],[-45.5006,-1.353]]],[[[-45.4924,-1.3469],[-45.4913,-1.3482],[-45.4902,-1.3469],[-45.4899,-1.3447],[-45.4881,-1.343],[-45.4867,-1.3406],[-45.4881,-1.3399],[-45.4913,-1.3431],[-45.4924,-1.3469]]],[[[-45.4621,-23.8885],[-45.4596,-23.9158],[-45.4514,-23.9224],[-45.4443,-23.9341],[-45.4322,-23.9391],[-45.4079,-23.9385],[-45.3981,-23.9326],[-45.3634,-23.93],[-45.3573,-23.9278],[-45.3474,-23.9161],[-45.343,-23.9202],[-45.3452,-23.9234],[-45.3398,-23.925],[-45.3393,-23.9208],[-45.3259,-23.912],[-45.3205,-23.9165],[-45.3042,-23.908],[-45.3032,-23.915],[-45.2926,-23.9103],[-45.2837,-23.9218],[-45.2809,-23.9314],[-45.2865,-23.9432],[-45.269,-23.965],[-45.2514,-23.9678],[-45.2425,-23.9641],[-45.2334,-23.948],[-45.2275,-23.9443],[-45.2362,-23.9423],[-45.237,-23.9353],[-45.2323,-23.9306],[-45.2375,-23.9258],[-45.2376,-23.9091],[-45.2346,-23.9064],[-45.2274,-23.9081],[-45.2232,-23.9035],[-45.229,-23.8983],[-45.2353,-23.9],[-45.2414,-23.8922],[-45.2455,-23.8963],[-45.244,-23.9004],[-45.2485,-23.9032],[-45.2606,-23.8927],[-45.2719,-23.8926],[-45.2742,-23.8862],[-45.2778,-23.885],[-45.2686,-23.879],[-45.2698,-23.8753],[-45.2889,-23.8737],[-45.2908,-23.8659],[-45.2854,-23.8633],[-45.2887,-23.8593],[-45.2875,-23.8529],[-45.274,-23.8388],[-45.2445,-23.8373],[-45.2385,-23.843],[-45.2277,-23.8378],[-45.2439,-23.837],[-45.2383,-23.8304],[-45.2442,-23.8318],[-45.2438,-23.8274],[-45.2481,-23.8239],[-45.2388,-23.8191],[-45.2373,-23.8114],[-45.2423,-23.8108],[-45.2422,-23.8077],[-45.2361,-23.7997],[-45.2375,-23.7956],[-45.2327,-23.785],[-45.2352,-23.7823],[-45.2298,-23.7766],[-45.2346,-23.7761],[-45.2443,-23.7624],[-45.2576,-23.7622],[-45.2601,-23.7578],[-45.2559,-23.7499],[-45.2633,-23.7415],[-45.267,-23.7434],[-45.2681,-23.7396],[-45.2743,-23.7386],[-45.2769,-23.7349],[-45.2911,-23.7373],[-45.294,-23.733],[-45.2984,-23.7344],[-45.3131,-23.7295],[-45.3188,-23.7234],[-45.3358,-23.724],[-45.3415,-23.7278],[-45.3434,-23.7367],[-45.3493,-23.7424],[-45.3478,-23.7478],[-45.3513,-23.758],[-45.3489,-23.7654],[-45.352,-23.7723],[-45.3592,-23.7778],[-45.359,-23.7855],[-45.3635,-23.7874],[-45.3665,-23.811],[-45.3727,-23.8189],[-45.3763,-23.8184],[-45.4023,-23.8422],[-45.4128,-23.8479],[-45.4178,-23.8594],[-45.4301,-23.8602],[-45.4349,-23.8702],[-45.4414,-23.8719],[-45.4517,-23.8849],[-45.4579,-23.8848],[-45.4621,-23.8885]]],[[[-45.4203,-1.4076],[-45.4139,-1.4208],[-45.4046,-1.4093],[-45.4045,-1.4011],[-45.4112,-1.3998],[-45.4203,-1.4076]]],[[[-45.3257,-23.919],[-45.3251,-23.9194],[-45.3237,-23.9172],[-45.3246,-23.9167],[-45.3257,-23.919]]],[[[-45.3126,-23.5839],[-45.3115,-23.5842],[-45.3105,-23.5837],[-45.3109,-23.5813],[-45.3121,-23.5817],[-45.3126,-23.5839]]],[[[-45.2957,-23.5987],[-45.2948,-23.602],[-45.2833,-23.6009],[-45.2799,-23.5959],[-45.281,-23.5928],[-45.2893,-23.5923],[-45.2957,-23.5987]]],[[[-45.2651,-23.8887],[-45.2641,-23.89],[-45.2621,-23.8891],[-45.2628,-23.8878],[-45.2651,-23.8887]]],[[[-45.2292,-23.8128],[-45.2273,-23.8143],[-45.2259,-23.8126],[-45.2272,-23.8112],[-45.2292,-23.8128]]],[[[-45.2184,-23.551],[-45.2167,-23.551],[-45.2155,-23.5502],[-45.2159,-23.5486],[-45.2181,-23.5496],[-45.2184,-23.551]]],[[[-45.2141,-23.5318],[-45.214,-23.533],[-45.2114,-23.533],[-45.2117,-23.5319],[-45.2141,-23.5318]]],[[[-45.1633,-23.5676],[-45.1573,-23.5723],[-45.1525,-23.5689],[-45.1471,-23.5718],[-45.1446,-23.5695],[-45.1578,-23.56],[-45.1633,-23.5676]]],[[[-45.1612,-23.8027],[-45.157,-23.8043],[-45.1565,-23.8103],[-45.1476,-23.814],[-45.1471,-23.8176],[-45.1328,-23.8094],[-45.1203,-23.8139],[-45.1166,-23.8114],[-45.1151,-23.8044],[-45.1401,-23.7971],[-45.1388,-23.7897],[-45.1486,-23.7917],[-45.1612,-23.8027]]],[[[-45.1559,-23.8277],[-45.1549,-23.829],[-45.153,-23.828],[-45.1532,-23.8261],[-45.1545,-23.8263],[-45.1559,-23.8277]]],[[[-45.1431,-1.4755],[-45.1416,-1.4775],[-45.1416,-1.4714],[-45.1431,-1.4755]]],[[[-45.1337,-1.4639],[-45.1292,-1.4717],[-45.1261,-1.4718],[-45.1128,-1.471],[-45.103,-1.4642],[-45.1106,-1.4219],[-45.1242,-1.4389],[-45.1236,-1.446],[-45.1337,-1.4639]]],[[[-45.1268,-1.3854],[-45.1172,-1.3913],[-45.1112,-1.4128],[-45.1087,-1.413],[-45.0974,-1.3856],[-45.0931,-1.3824],[-45.0994,-1.3716],[-45.1131,-1.3626],[-45.123,-1.3738],[-45.1268,-1.3854]]],[[[-45.1035,-1.4251],[-45.0996,-1.4324],[-45.0929,-1.4136],[-45.0945,-1.4112],[-45.0897,-1.4084],[-45.0849,-1.3933],[-45.0746,-1.3895],[-45.0717,-1.3734],[-45.0808,-1.3755],[-45.1035,-1.4251]]],[[[-45.0993,-1.4466],[-45.0986,-1.4485],[-45.0974,-1.4503],[-45.096,-1.4501],[-45.097,-1.4478],[-45.0989,-1.4453],[-45.0993,-1.4466]]],[[[-45.0968,-1.435],[-45.0944,-1.4427],[-45.0885,-1.4439],[-45.0879,-1.4224],[-45.0944,-1.4248],[-45.0968,-1.435]]],[[[-45.0849,-1.4425],[-45.0749,-1.4596],[-45.0694,-1.4468],[-45.0722,-1.4426],[-45.0704,-1.438],[-45.0776,-1.4281],[-45.0823,-1.4308],[-45.0849,-1.4425]]],[[[-45.0836,-23.5387],[-45.0795,-23.5415],[-45.0812,-23.5565],[-45.0763,-23.5611],[-45.0727,-23.557],[-45.0652,-23.5555],[-45.0567,-23.5455],[-45.0501,-23.546],[-45.0408,-23.5412],[-45.0393,-23.5343],[-45.0455,-23.5345],[-45.0445,-23.5317],[-45.0508,-23.5277],[-45.0585,-23.5268],[-45.0641,-23.5386],[-45.0715,-23.5393],[-45.0778,-23.5361],[-45.0763,-23.5291],[-45.0804,-23.5259],[-45.0796,-23.5332],[-45.0836,-23.5387]]],[[[-45.0792,-23.563],[-45.0777,-23.5647],[-45.0759,-23.5633],[-45.0768,-23.5621],[-45.0792,-23.563]]],[[[-45.0501,-1.3696],[-45.0466,-1.3818],[-45.0472,-1.3972],[-45.0446,-1.3991],[-45.0394,-1.3882],[-45.0416,-1.3726],[-45.0451,-1.3668],[-45.0501,-1.3696]]],[[[-45.0423,-23.5179],[-45.0418,-23.5186],[-45.04,-23.5173],[-45.0412,-23.5164],[-45.0423,-23.5179]]],[[[-45.0339,-23.7387],[-45.0334,-23.7395],[-45.0297,-23.7373],[-45.0317,-23.7375],[-45.0339,-23.7387]]],[[[-45.0339,-1.338],[-45.0258,-1.3461],[-45.0141,-1.3495],[-45.0218,-1.3726],[-45.0186,-1.3888],[-45.0053,-1.4008],[-44.9891,-1.4016],[-44.986,-1.3954],[-44.9682,-1.3905],[-44.9574,-1.378],[-44.9472,-1.3789],[-44.9434,-1.365],[-44.936,-1.3622],[-44.9164,-1.3444],[-44.9014,-1.3372],[-44.8945,-1.3377],[-44.8918,-1.3412],[-44.8946,-1.3479],[-44.8925,-1.3495],[-44.8866,-1.3456],[-44.8776,-1.3304],[-44.8682,-1.3299],[-44.8686,-1.3157],[-44.8744,-1.3078],[-44.8704,-1.2993],[-44.8781,-1.2855],[-44.8995,-1.2743],[-44.929,-1.2668],[-44.9463,-1.2662],[-44.9546,-1.2705],[-44.9662,-1.2711],[-44.9811,-1.2641],[-44.9866,-1.2661],[-45.0017,-1.292],[-44.9925,-1.3061],[-44.979,-1.3113],[-44.9785,-1.3168],[-44.9873,-1.3227],[-45.0051,-1.325],[-45.0288,-1.318],[-45.0339,-1.338]]],[[[-45.0328,-23.5476],[-45.0321,-23.549],[-45.0294,-23.5486],[-45.0276,-23.5476],[-45.0262,-23.5476],[-45.0247,-23.5455],[-45.0257,-23.5444],[-45.0263,-23.5441],[-45.0281,-23.5456],[-45.0315,-23.5466],[-45.0328,-23.5476]]],[[[-45.0248,-23.737],[-45.0243,-23.74],[-45.02,-23.7352],[-45.0248,-23.737]]],[[[-45.0238,-23.7459],[-45.0173,-23.7507],[-45.0178,-23.7595],[-45.0148,-23.7613],[-45.0107,-23.759],[-45.007,-23.7517],[-45.0084,-23.7475],[-45.0168,-23.7485],[-45.0136,-23.7417],[-45.0175,-23.7388],[-45.0236,-23.7412],[-45.0238,-23.7459]]],[[[-44.9484,-23.3872],[-44.9431,-23.3871],[-44.9404,-23.3834],[-44.9467,-23.3829],[-44.9484,-23.3872]]],[[[-44.939,-23.388],[-44.9378,-23.389],[-44.9362,-23.3882],[-44.9359,-23.387],[-44.9381,-23.387],[-44.939,-23.388]]],[[[-44.9073,-23.3788],[-44.9031,-23.3794],[-44.8996,-23.3759],[-44.9073,-23.3788]]],[[[-44.9058,-23.4266],[-44.9024,-23.4273],[-44.9014,-23.4242],[-44.9058,-23.4266]]],[[[-44.9049,-23.3527],[-44.9038,-23.3532],[-44.9026,-23.3517],[-44.9033,-23.351],[-44.9049,-23.3527]]],[[[-44.8984,-1.5306],[-44.8951,-1.5319],[-44.896,-1.5281],[-44.8984,-1.5306]]],[[[-44.8894,-23.3849],[-44.8885,-23.3856],[-44.8875,-23.3837],[-44.8888,-23.3837],[-44.8894,-23.3849]]],[[[-44.8717,-1.491],[-44.8716,-1.4923],[-44.8698,-1.4928],[-44.8667,-1.4931],[-44.8638,-1.4918],[-44.866,-1.4901],[-44.8671,-1.4897],[-44.8696,-1.4897],[-44.8717,-1.491]]],[[[-44.8592,-23.4236],[-44.853,-23.4263],[-44.85,-23.4213],[-44.8537,-23.4164],[-44.8522,-23.4101],[-44.8556,-23.4223],[-44.8592,-23.4236]]],[[[-44.8542,-23.3981],[-44.8506,-23.403],[-44.8513,-23.3999],[-44.8467,-23.3963],[-44.8542,-23.3981]]],[[[-44.8391,-1.5575],[-44.8304,-1.5676],[-44.8246,-1.5648],[-44.8288,-1.5577],[-44.8391,-1.5575]]],[[[-44.8366,-1.5428],[-44.8286,-1.5559],[-44.8179,-1.5606],[-44.8091,-1.561],[-44.7982,-1.5515],[-44.7937,-1.5353],[-44.7973,-1.5334],[-44.7998,-1.5253],[-44.795,-1.5129],[-44.7765,-1.4925],[-44.7756,-1.4818],[-44.7821,-1.4786],[-44.7812,-1.4851],[-44.8134,-1.5057],[-44.8077,-1.5116],[-44.8089,-1.5165],[-44.8158,-1.5257],[-44.8336,-1.5344],[-44.8366,-1.5428]]],[[[-44.795,-1.5213],[-44.7905,-1.5266],[-44.7782,-1.5192],[-44.7507,-1.5173],[-44.7459,-1.5121],[-44.743,-1.487],[-44.7517,-1.4684],[-44.7628,-1.4582],[-44.7839,-1.4635],[-44.7935,-1.4704],[-44.7759,-1.4785],[-44.7722,-1.4859],[-44.7748,-1.4952],[-44.795,-1.5213]]],[[[-44.7853,-1.5759],[-44.7811,-1.5765],[-44.7802,-1.574],[-44.7853,-1.5759]]],[[[-44.7633,-1.5791],[-44.7482,-1.5692],[-44.7337,-1.5542],[-44.7323,-1.5441],[-44.737,-1.5366],[-44.7488,-1.5344],[-44.7533,-1.5369],[-44.7547,-1.5476],[-44.7617,-1.553],[-44.7633,-1.5791]]],[[[-44.7579,-1.6893],[-44.7493,-1.6969],[-44.7417,-1.6989],[-44.7317,-1.6882],[-44.7385,-1.6791],[-44.7579,-1.6893]]],[[[-44.7503,-1.6801],[-44.7493,-1.6803],[-44.7453,-1.6793],[-44.7454,-1.6778],[-44.7464,-1.6773],[-44.748,-1.6779],[-44.7503,-1.6801]]],[[[-44.742,-1.6683],[-44.7269,-1.6725],[-44.7263,-1.6617],[-44.7312,-1.6593],[-44.742,-1.6683]]],[[[-44.7209,-23.3586],[-44.7195,-23.3596],[-44.7184,-23.3584],[-44.7187,-23.357],[-44.7209,-23.3586]]],[[[-44.6954,-23.1609],[-44.691,-23.1663],[-44.6919,-23.1697],[-44.6886,-23.1679],[-44.6852,-23.1584],[-44.6822,-23.1577],[-44.6832,-23.1518],[-44.6949,-23.1562],[-44.6954,-23.1609]]],[[[-44.6928,-23.2152],[-44.6911,-23.2181],[-44.6896,-23.2149],[-44.6928,-23.2152]]],[[[-44.689,-23.1098],[-44.6856,-23.1068],[-44.687,-23.1068],[-44.6885,-23.1084],[-44.689,-23.1098]]],[[[-44.6873,-23.1297],[-44.6871,-23.1308],[-44.6856,-23.1307],[-44.6845,-23.1299],[-44.6846,-23.1282],[-44.6873,-23.1297]]],[[[-44.6842,-23.1788],[-44.6832,-23.179],[-44.6821,-23.1774],[-44.6841,-23.1773],[-44.6842,-23.1788]]],[[[-44.6809,-23.1092],[-44.6792,-23.1097],[-44.6795,-23.1081],[-44.6809,-23.1092]]],[[[-44.6787,-23.1717],[-44.6786,-23.1724],[-44.6746,-23.1698],[-44.6772,-23.1698],[-44.6787,-23.1717]]],[[[-44.6782,-23.1142],[-44.6732,-23.1114],[-44.6771,-23.1109],[-44.6782,-23.1142]]],[[[-44.673,-23.0988],[-44.6713,-23.0985],[-44.6695,-23.0974],[-44.6723,-23.0972],[-44.673,-23.0988]]],[[[-44.6729,-23.3556],[-44.6718,-23.3567],[-44.6706,-23.3552],[-44.6712,-23.3546],[-44.6729,-23.3556]]],[[[-44.6717,-23.2397],[-44.6706,-23.2405],[-44.668,-23.2398],[-44.6685,-23.2387],[-44.6717,-23.2397]]],[[[-44.6671,-2.9718],[-44.6612,-2.9802],[-44.6606,-2.9577],[-44.6671,-2.9718]]],[[[-44.6658,-23.1625],[-44.6641,-23.1635],[-44.663,-23.1618],[-44.6617,-23.1606],[-44.6614,-23.1592],[-44.6639,-23.1589],[-44.6658,-23.1625]]],[[[-44.6648,-2.9312],[-44.6641,-2.9436],[-44.6596,-2.9446],[-44.6401,-2.9236],[-44.6406,-2.915],[-44.6557,-2.9217],[-44.6648,-2.9312]]],[[[-44.6597,-23.1854],[-44.6565,-23.1869],[-44.6577,-23.1811],[-44.6597,-23.1854]]],[[[-44.6509,-23.2315],[-44.6348,-23.2254],[-44.6474,-23.2271],[-44.6509,-23.2315]]],[[[-44.6447,-23.072],[-44.6442,-23.0751],[-44.6416,-23.0745],[-44.6367,-23.0682],[-44.6417,-23.068],[-44.6447,-23.072]]],[[[-44.6416,-2.9727],[-44.6333,-2.9863],[-44.6157,-2.9949],[-44.6068,-3.0067],[-44.5921,-3.0152],[-44.5809,-3.0319],[-44.5609,-3.0225],[-44.5244,-2.9939],[-44.4956,-2.976],[-44.479,-2.9579],[-44.4819,-2.9384],[-44.4761,-2.8766],[-44.4818,-2.8344],[-44.4821,-2.808],[-44.4767,-2.7825],[-44.4794,-2.7582],[-44.4758,-2.7345],[-44.4787,-2.7284],[-44.4885,-2.7238],[-44.4967,-2.7282],[-44.5022,-2.7264],[-44.5153,-2.7372],[-44.5159,-2.7425],[-44.5317,-2.7495],[-44.5414,-2.7671],[-44.5561,-2.7778],[-44.5862,-2.8147],[-44.5885,-2.8208],[-44.5864,-2.8393],[-44.5803,-2.8594],[-44.5896,-2.8948],[-44.5932,-2.902],[-44.6008,-2.905],[-44.6067,-2.9333],[-44.6139,-2.9506],[-44.6227,-2.9596],[-44.6407,-2.9693],[-44.6416,-2.9727]]],[[[-44.6371,-23.1938],[-44.6365,-23.1946],[-44.6354,-23.1942],[-44.6361,-23.1926],[-44.6371,-23.1938]]],[[[-44.633,-23.0695],[-44.6299,-23.0713],[-44.6311,-23.0678],[-44.633,-23.0695]]],[[[-44.6294,-23.0618],[-44.628,-23.0629],[-44.6262,-23.0613],[-44.6285,-23.0605],[-44.6294,-23.0618]]],[[[-44.6294,-2.9366],[-44.6291,-2.9433],[-44.6231,-2.9376],[-44.6211,-2.9263],[-44.6294,-2.9366]]],[[[-44.6241,-23.0579],[-44.6233,-23.0602],[-44.6207,-23.0588],[-44.6241,-23.0579]]],[[[-44.6212,-23.2233],[-44.6117,-23.2246],[-44.6017,-23.2218],[-44.6009,-23.2171],[-44.5925,-23.2151],[-44.5846,-23.2043],[-44.5878,-23.2068],[-44.5948,-23.2021],[-44.6054,-23.2153],[-44.6212,-23.2233]]],[[[-44.6088,-23.0609],[-44.6086,-23.0642],[-44.6009,-23.057],[-44.6088,-23.0609]]],[[[-44.6086,-23.1958],[-44.6075,-23.1962],[-44.6065,-23.1952],[-44.6078,-23.1944],[-44.6086,-23.1958]]],[[[-44.6039,-23.0678],[-44.6025,-23.0689],[-44.6018,-23.068],[-44.6024,-23.0667],[-44.6039,-23.0678]]],[[[-44.5964,-23.0671],[-44.5946,-23.0663],[-44.596,-23.0653],[-44.5964,-23.0671]]],[[[-44.5958,-23.0887],[-44.5943,-23.088],[-44.5928,-23.086],[-44.5944,-23.0852],[-44.5958,-23.0887]]],[[[-44.5915,-2.8778],[-44.5878,-2.8739],[-44.5878,-2.867],[-44.5915,-2.8778]]],[[[-44.5853,-23.211],[-44.5846,-23.2118],[-44.5833,-23.2114],[-44.5833,-23.21],[-44.5853,-23.211]]],[[[-44.5846,-23.2004],[-44.5788,-23.2012],[-44.5815,-23.1981],[-44.5846,-23.2004]]],[[[-44.5777,-23.1863],[-44.5772,-23.1894],[-44.5741,-23.1892],[-44.5728,-23.1837],[-44.5777,-23.1863]]],[[[-44.5716,-23.2675],[-44.5698,-23.266],[-44.5712,-23.2656],[-44.5716,-23.2675]]],[[[-44.5709,-23.3519],[-44.5701,-23.3527],[-44.5668,-23.3486],[-44.5688,-23.3477],[-44.5709,-23.3519]]],[[[-44.5645,-23.0645],[-44.5635,-23.0669],[-44.5572,-23.0631],[-44.556,-23.0575],[-44.5519,-23.0566],[-44.556,-23.055],[-44.5645,-23.0645]]],[[[-44.5631,-23.0526],[-44.5607,-23.0532],[-44.5593,-23.0519],[-44.5612,-23.0513],[-44.5631,-23.0526]]],[[[-44.5578,-23.2224],[-44.5567,-23.2238],[-44.5545,-23.221],[-44.5544,-23.2198],[-44.5569,-23.221],[-44.5578,-23.2224]]],[[[-44.5413,-2.0216],[-44.5403,-2.0225],[-44.5386,-2.0231],[-44.5368,-2.0229],[-44.5359,-2.0214],[-44.5383,-2.0212],[-44.5391,-2.0204],[-44.541,-2.0203],[-44.5413,-2.0216]]],[[[-44.5207,-23.0376],[-44.5206,-23.0386],[-44.5188,-23.0382],[-44.5165,-23.0359],[-44.5184,-23.0358],[-44.5207,-23.0376]]],[[[-44.5038,-23.0534],[-44.4991,-23.0548],[-44.4917,-23.0515],[-44.4819,-23.0404],[-44.4966,-23.0465],[-44.5038,-23.0534]]],[[[-44.4835,-2.0769],[-44.481,-2.0791],[-44.4679,-2.0771],[-44.4656,-2.0708],[-44.4697,-2.068],[-44.4835,-2.0769]]],[[[-44.4828,-23.0319],[-44.4809,-23.0311],[-44.4817,-23.0301],[-44.4828,-23.0319]]],[[[-44.4501,-23.0342],[-44.4492,-23.0347],[-44.448,-23.0344],[-44.4448,-23.0304],[-44.4452,-23.0283],[-44.4469,-23.0294],[-44.4469,-23.0311],[-44.4477,-23.0319],[-44.4498,-23.0328],[-44.4501,-23.0342]]],[[[-44.427,-2.4214],[-44.4252,-2.428],[-44.4215,-2.4273],[-44.42,-2.4166],[-44.4255,-2.4149],[-44.427,-2.4214]]],[[[-44.4253,-22.9721],[-44.4211,-22.9737],[-44.4143,-22.9684],[-44.4174,-22.967],[-44.4253,-22.9721]]],[[[-44.4199,-23.0588],[-44.4184,-23.061],[-44.4123,-23.0591],[-44.4144,-23.057],[-44.4199,-23.0588]]],[[[-44.4168,-22.9865],[-44.4133,-22.9936],[-44.4104,-22.9928],[-44.4093,-22.9895],[-44.4168,-22.9865]]],[[[-44.4136,-2.7967],[-44.4123,-2.7983],[-44.4117,-2.7973],[-44.4124,-2.7957],[-44.4136,-2.7967]]],[[[-44.4118,-23.0639],[-44.4099,-23.0635],[-44.4104,-23.0617],[-44.4116,-23.0627],[-44.4118,-23.0639]]],[[[-44.4101,-22.9931],[-44.4072,-22.9969],[-44.4054,-22.9943],[-44.4101,-22.9931]]],[[[-44.4075,-22.9816],[-44.4051,-22.9851],[-44.4005,-22.9821],[-44.4,-22.9848],[-44.3955,-22.9793],[-44.4022,-22.9762],[-44.4075,-22.9816]]],[[[-44.405,-23.0318],[-44.401,-23.0318],[-44.3993,-23.0272],[-44.4029,-23.0266],[-44.405,-23.0318]]],[[[-44.4044,-22.9914],[-44.4033,-22.9924],[-44.4012,-22.9928],[-44.4003,-22.9916],[-44.4007,-22.9902],[-44.4026,-22.9898],[-44.4044,-22.9914]]],[[[-44.4043,-23.0549],[-44.4033,-23.0583],[-44.4014,-23.0572],[-44.4043,-23.0549]]],[[[-44.4004,-23.0369],[-44.3986,-23.0368],[-44.3971,-23.0352],[-44.4003,-23.0349],[-44.4004,-23.0369]]],[[[-44.3993,-22.9587],[-44.3985,-22.9591],[-44.3972,-22.9576],[-44.3985,-22.9565],[-44.3993,-22.9587]]],[[[-44.3963,-23.0712],[-44.3931,-23.0716],[-44.3921,-23.0679],[-44.3963,-23.0712]]],[[[-44.3956,-23.0398],[-44.395,-23.0427],[-44.3911,-23.0413],[-44.3956,-23.0398]]],[[[-44.3918,-23.045],[-44.3619,-23.0463],[-44.3557,-23.0553],[-44.358,-23.0588],[-44.3538,-23.0622],[-44.3617,-23.0698],[-44.3513,-23.0637],[-44.3454,-23.0685],[-44.3445,-23.0636],[-44.3512,-23.0603],[-44.3515,-23.0539],[-44.3449,-23.0486],[-44.3496,-23.0491],[-44.3478,-23.0428],[-44.3521,-23.037],[-44.3569,-23.0352],[-44.3597,-23.04],[-44.3719,-23.0398],[-44.3743,-23.0314],[-44.3776,-23.0315],[-44.3918,-23.045]]],[[[-44.3909,-22.9724],[-44.3905,-22.9734],[-44.389,-22.9739],[-44.3876,-22.9733],[-44.3873,-22.9719],[-44.3893,-22.9715],[-44.3909,-22.9724]]],[[[-44.3782,-23.1745],[-44.3713,-23.1838],[-44.3622,-23.1788],[-44.3572,-23.1917],[-44.3512,-23.1852],[-44.348,-23.1857],[-44.346,-23.1809],[-44.3404,-23.1829],[-44.3404,-23.1926],[-44.3506,-23.2084],[-44.3489,-23.2165],[-44.3399,-23.218],[-44.3453,-23.2252],[-44.3334,-23.2236],[-44.3333,-23.2146],[-44.3193,-23.198],[-44.3154,-23.1908],[-44.3161,-23.184],[-44.3028,-23.1782],[-44.2886,-23.1766],[-44.287,-23.1791],[-44.2717,-23.1798],[-44.2657,-23.1874],[-44.2701,-23.1968],[-44.2646,-23.1921],[-44.2535,-23.1893],[-44.251,-23.1974],[-44.2581,-23.2021],[-44.2532,-23.2055],[-44.2439,-23.2001],[-44.2307,-23.1997],[-44.2266,-23.1957],[-44.208,-23.1925],[-44.1976,-23.1966],[-44.1958,-23.2033],[-44.1927,-23.1987],[-44.1817,-23.1938],[-44.182,-23.191],[-44.1898,-23.1894],[-44.1891,-23.1836],[-44.1847,-23.1798],[-44.1778,-23.1797],[-44.1702,-23.1845],[-44.1632,-23.1742],[-44.14,-23.167],[-44.1313,-23.1692],[-44.1234,-23.1765],[-44.1306,-23.1875],[-44.1244,-23.1846],[-44.1185,-23.1861],[-44.1088,-23.1785],[-44.0945,-23.1748],[-44.0907,-23.1675],[-44.0966,-23.164],[-44.1075,-23.1649],[-44.117,-23.1546],[-44.1141,-23.1482],[-44.1377,-23.1597],[-44.1407,-23.1573],[-44.1327,-23.1454],[-44.1381,-23.1465],[-44.1405,-23.1389],[-44.1243,-23.1249],[-44.1269,-23.1195],[-44.148,-23.1249],[-44.1469,-23.1287],[-44.1509,-23.1341],[-44.1578,-23.1347],[-44.1555,-23.1388],[-44.1618,-23.142],[-44.1699,-23.1376],[-44.1693,-23.1325],[-44.1726,-23.1287],[-44.1701,-23.1182],[-44.1764,-23.1171],[-44.1892,-23.1218],[-44.2017,-23.1197],[-44.2063,-23.1081],[-44.2119,-23.1117],[-44.2181,-23.1059],[-44.2069,-23.1033],[-44.2005,-23.1052],[-44.2017,-23.1086],[-44.1995,-23.1089],[-44.1903,-23.1024],[-44.194,-23.1034],[-44.1947,-23.0986],[-44.2021,-23.0972],[-44.2099,-23.099],[-44.2099,-23.093],[-44.2163,-23.0898],[-44.2334,-23.0907],[-44.2351,-23.084],[-44.2298,-23.0771],[-44.2318,-23.0753],[-44.2403,-23.0818],[-44.2354,-23.0839],[-44.2386,-23.0868],[-44.2377,-23.0928],[-44.2592,-23.0987],[-44.2487,-23.1021],[-44.2495,-23.1094],[-44.2584,-23.1113],[-44.2583,-23.1157],[-44.2747,-23.1167],[-44.2723,-23.1224],[-44.283,-23.1305],[-44.2825,-23.1363],[-44.2907,-23.1371],[-44.2907,-23.132],[-44.2973,-23.1314],[-44.2941,-23.1227],[-44.295,-23.1139],[-44.3116,-23.1282],[-44.3133,-23.1333],[-44.3103,-23.1367],[-44.3274,-23.1382],[-44.3201,-23.1437],[-44.3251,-23.1541],[-44.3336,-23.1563],[-44.3398,-23.1535],[-44.3487,-23.1612],[-44.3549,-23.1596],[-44.3624,-23.166],[-44.3684,-23.165],[-44.3782,-23.1745]]],[[[-44.375,-2.5778],[-44.3732,-2.5793],[-44.3741,-2.5773],[-44.375,-2.5778]]],[[[-44.3727,-2.5226],[-44.3702,-2.5283],[-44.3679,-2.5262],[-44.3643,-2.5287],[-44.3614,-2.5226],[-44.3657,-2.5186],[-44.3727,-2.5226]]],[[[-44.3724,-22.9701],[-44.3723,-22.9706],[-44.3687,-22.9692],[-44.3677,-22.968],[-44.3686,-22.9666],[-44.3698,-22.967],[-44.3724,-22.9701]]],[[[-44.3665,-2.5432],[-44.3657,-2.545],[-44.3645,-2.5451],[-44.3639,-2.5438],[-44.3657,-2.5425],[-44.3665,-2.5432]]],[[[-44.3627,-22.9875],[-44.3614,-22.987],[-44.3594,-22.9851],[-44.3608,-22.9849],[-44.3627,-22.9865],[-44.3627,-22.9875]]],[[[-44.3609,-23.2145],[-44.3594,-23.215],[-44.3566,-23.2136],[-44.3574,-23.2122],[-44.3595,-23.2128],[-44.3609,-23.2145]]],[[[-44.3578,-22.986],[-44.3574,-22.9871],[-44.3559,-22.9865],[-44.3539,-22.9849],[-44.3526,-22.9849],[-44.3511,-22.9833],[-44.3502,-22.9809],[-44.3518,-22.9811],[-44.3541,-22.983],[-44.3561,-22.9857],[-44.3578,-22.986]]],[[[-44.3532,-22.9552],[-44.352,-22.9548],[-44.3511,-22.953],[-44.3523,-22.9529],[-44.3532,-22.9552]]],[[[-44.3521,-22.9628],[-44.3457,-22.9629],[-44.3456,-22.9598],[-44.3521,-22.9628]]],[[[-44.3481,-22.9782],[-44.3452,-22.9765],[-44.3459,-22.9752],[-44.348,-22.9768],[-44.3481,-22.9782]]],[[[-44.3443,-22.9392],[-44.342,-22.943],[-44.3362,-22.9367],[-44.3391,-22.9344],[-44.3443,-22.9392]]],[[[-44.3442,-22.9621],[-44.3439,-22.9626],[-44.3418,-22.9617],[-44.3421,-22.96],[-44.3442,-22.9621]]],[[[-44.3435,-23.0386],[-44.3428,-23.0398],[-44.3412,-23.0393],[-44.3403,-23.0376],[-44.3417,-23.0374],[-44.3435,-23.0386]]],[[[-44.3419,-22.9777],[-44.3392,-22.9778],[-44.3405,-22.9755],[-44.3419,-22.9777]]],[[[-44.3386,-22.9543],[-44.335,-22.9542],[-44.3342,-22.9478],[-44.3386,-22.9543]]],[[[-44.3338,-23.0263],[-44.3329,-23.0276],[-44.3314,-23.0283],[-44.3296,-23.028],[-44.3292,-23.0268],[-44.3327,-23.0255],[-44.3338,-23.0263]]],[[[-44.3335,-22.927],[-44.3318,-22.9276],[-44.3321,-22.9258],[-44.3335,-22.927]]],[[[-44.3326,-23.0864],[-44.3297,-23.0872],[-44.3293,-23.0832],[-44.3326,-23.0864]]],[[[-44.3222,-22.9619],[-44.3213,-22.9627],[-44.32,-22.9617],[-44.3206,-22.96],[-44.3217,-22.9602],[-44.3222,-22.9619]]],[[[-44.3194,-22.9667],[-44.3189,-22.9677],[-44.3176,-22.9673],[-44.3178,-22.9659],[-44.3194,-22.9667]]],[[[-44.3192,-23.0617],[-44.3092,-23.0584],[-44.3132,-23.0572],[-44.3192,-23.0617]]],[[[-44.3179,-23.054],[-44.3167,-23.056],[-44.3127,-23.0538],[-44.3179,-23.054]]],[[[-44.3129,-23.0857],[-44.3119,-23.0868],[-44.3101,-23.0852],[-44.312,-23.085],[-44.3129,-23.0857]]],[[[-44.3091,-23.008],[-44.3088,-23.0098],[-44.3077,-23.0084],[-44.3091,-23.008]]],[[[-44.2882,-23.027],[-44.2872,-23.0278],[-44.2855,-23.0267],[-44.2859,-23.0259],[-44.2877,-23.0258],[-44.2882,-23.027]]],[[[-44.255,-23.0705],[-44.2525,-23.0719],[-44.2505,-23.0706],[-44.2517,-23.0698],[-44.255,-23.0705]]],[[[-44.1629,-23.225],[-44.1604,-23.2277],[-44.1499,-23.2238],[-44.1494,-23.2165],[-44.1538,-23.2147],[-44.1535,-23.2206],[-44.1629,-23.225]]],[[[-44.162,-23.0397],[-44.1581,-23.0409],[-44.1593,-23.0375],[-44.162,-23.0397]]],[[[-44.1393,-23.0422],[-44.1376,-23.0439],[-44.1364,-23.0411],[-44.1393,-23.0422]]],[[[-44.1308,-23.0382],[-44.1284,-23.0422],[-44.1232,-23.0397],[-44.1308,-23.0382]]],[[[-44.1102,-23.1423],[-44.1095,-23.1427],[-44.1085,-23.142],[-44.1072,-23.1397],[-44.1044,-23.1383],[-44.1048,-23.1372],[-44.1092,-23.1387],[-44.11,-23.1404],[-44.1102,-23.1423]]],[[[-44.0531,-23.0056],[-44.0476,-23.0102],[-44.0411,-23.007],[-44.0381,-23.0117],[-44.0299,-23.0077],[-44.029,-22.9985],[-44.0334,-23],[-44.035,-22.9963],[-44.0398,-23.0002],[-44.0505,-23.0019],[-44.0531,-23.0056]]],[[[-44.0449,-22.9886],[-44.0402,-22.9891],[-44.0416,-22.9868],[-44.0449,-22.9886]]],[[[-44.011,-23.0784],[-44.0075,-23.0834],[-44.008,-23.094],[-43.988,-23.1024],[-43.9641,-23.0891],[-43.9346,-23.0831],[-43.7837,-23.0627],[-43.6304,-23.0503],[-43.5868,-23.0533],[-43.5678,-23.0631],[-43.566,-23.0561],[-43.577,-23.0481],[-43.6009,-23.0405],[-43.6058,-23.0338],[-43.614,-23.031],[-43.713,-23.0541],[-43.754,-23.0598],[-43.8063,-23.0613],[-43.8284,-23.0582],[-43.8547,-23.05],[-43.9085,-23.0251],[-43.881,-23.0421],[-43.8768,-23.0566],[-43.8823,-23.067],[-43.8995,-23.0688],[-43.919,-23.0583],[-43.9334,-23.0572],[-43.9475,-23.0504],[-43.9559,-23.0413],[-43.9733,-23.0453],[-43.9825,-23.0582],[-43.9869,-23.06],[-43.9911,-23.0574],[-43.9934,-23.0671],[-44.002,-23.0738],[-44.0076,-23.0729],[-44.011,-23.0784]]],[[[-43.9548,-23.0024],[-43.9534,-23.0037],[-43.9536,-23.0016],[-43.9548,-23.0024]]],[[[-43.9542,-23.025],[-43.951,-23.0244],[-43.9533,-23.0225],[-43.9542,-23.025]]],[[[-43.9539,-23.0075],[-43.9526,-23.0099],[-43.9495,-23.0056],[-43.9539,-23.0075]]],[[[-43.9499,-22.9603],[-43.9473,-22.9611],[-43.9472,-22.9593],[-43.9496,-22.9596],[-43.9499,-22.9603]]],[[[-43.9481,-23.024],[-43.945,-23.0242],[-43.944,-23.0201],[-43.9481,-23.024]]],[[[-43.9379,-23.0059],[-43.9336,-23.0102],[-43.9347,-23.0143],[-43.9304,-23.0117],[-43.931,-23.0074],[-43.9177,-22.9951],[-43.9177,-22.9885],[-43.9233,-22.9915],[-43.928,-22.9891],[-43.932,-22.9969],[-43.9374,-22.9987],[-43.9379,-23.0059]]],[[[-43.9233,-22.9876],[-43.9226,-22.9883],[-43.9193,-22.9874],[-43.9186,-22.9866],[-43.9192,-22.9851],[-43.922,-22.9855],[-43.9233,-22.9876]]],[[[-43.9208,-22.9447],[-43.9204,-22.945],[-43.918,-22.9432],[-43.9159,-22.9424],[-43.9149,-22.9411],[-43.9154,-22.9395],[-43.9168,-22.9407],[-43.9187,-22.9406],[-43.9203,-22.9417],[-43.9208,-22.9447]]],[[[-43.9154,-22.9809],[-43.9132,-22.9839],[-43.9073,-22.9815],[-43.9154,-22.9809]]],[[[-43.9131,-22.9431],[-43.906,-22.9475],[-43.91,-22.9561],[-43.906,-22.9589],[-43.8969,-22.9586],[-43.8853,-22.9478],[-43.879,-22.9507],[-43.8731,-22.948],[-43.8772,-22.9458],[-43.8752,-22.9426],[-43.8772,-22.9381],[-43.8679,-22.9264],[-43.8825,-22.9248],[-43.8869,-22.9317],[-43.8928,-22.9284],[-43.8932,-22.9336],[-43.904,-22.9308],[-43.9056,-22.934],[-43.9124,-22.9352],[-43.9109,-22.9414],[-43.9131,-22.9431]]],[[[-43.913,-22.9959],[-43.9115,-22.995],[-43.9106,-22.9954],[-43.9081,-22.9917],[-43.9078,-22.99],[-43.9085,-22.9896],[-43.9101,-22.9905],[-43.91,-22.9914],[-43.9121,-22.9921],[-43.913,-22.9959]]],[[[-43.8703,-2.4455],[-43.8573,-2.4438],[-43.8492,-2.4349],[-43.8462,-2.427],[-43.8528,-2.4204],[-43.8541,-2.4237],[-43.8505,-2.4269],[-43.8621,-2.4329],[-43.8703,-2.4455]]],[[[-43.8638,-22.948],[-43.8579,-22.9551],[-43.8595,-22.9453],[-43.8638,-22.948]]],[[[-43.8568,-2.4488],[-43.8565,-2.4499],[-43.8551,-2.4494],[-43.8553,-2.4482],[-43.8568,-2.4488]]],[[[-43.8537,-2.4693],[-43.8536,-2.4732],[-43.8529,-2.4722],[-43.8519,-2.4693],[-43.8537,-2.4693]]],[[[-43.813,-22.9256],[-43.8104,-22.9253],[-43.8095,-22.9236],[-43.8122,-22.9238],[-43.813,-22.9256]]],[[[-43.7887,-2.4144],[-43.7754,-2.4075],[-43.762,-2.378],[-43.7537,-2.3782],[-43.7604,-2.371],[-43.7706,-2.3693],[-43.7876,-2.3783],[-43.7876,-2.3855],[-43.7806,-2.3933],[-43.7878,-2.4037],[-43.7887,-2.4144]]],[[[-43.7869,-22.9264],[-43.7854,-22.9289],[-43.7833,-22.9257],[-43.7869,-22.9264]]],[[[-43.681,-2.5068],[-43.6803,-2.5085],[-43.6789,-2.5065],[-43.6798,-2.5051],[-43.681,-2.5068]]],[[[-43.6131,-2.3818],[-43.6088,-2.385],[-43.6089,-2.3902],[-43.6003,-2.406],[-43.6013,-2.4129],[-43.5905,-2.4155],[-43.5815,-2.4233],[-43.5668,-2.4252],[-43.5619,-2.4238],[-43.5575,-2.409],[-43.5464,-2.393],[-43.5398,-2.369],[-43.5421,-2.3606],[-43.5581,-2.3555],[-43.57,-2.3615],[-43.5983,-2.3669],[-43.6067,-2.3716],[-43.6131,-2.3818]]],[[[-43.6116,-23.031],[-43.6085,-23.0313],[-43.605,-23.0331],[-43.6041,-23.0317],[-43.6045,-23.0307],[-43.6076,-23.0296],[-43.6096,-23.0295],[-43.6116,-23.0302],[-43.6116,-23.031]]],[[[-43.6046,-23.0274],[-43.6037,-23.0288],[-43.6027,-23.0289],[-43.6003,-23.0275],[-43.6025,-23.0263],[-43.6046,-23.0274]]],[[[-43.604,-23.0291],[-43.6023,-23.039],[-43.5785,-23.0461],[-43.5834,-23.0384],[-43.5992,-23.0282],[-43.604,-23.0291]]],[[[-43.5925,-23.0427],[-43.5886,-23.0422],[-43.5917,-23.0413],[-43.5925,-23.0427]]],[[[-43.5883,-23.0358],[-43.5778,-23.0441],[-43.5849,-23.0357],[-43.5883,-23.0358]]],[[[-43.5638,-23.0815],[-43.5618,-23.0823],[-43.5609,-23.0807],[-43.5609,-23.0796],[-43.5638,-23.0815]]],[[[-43.5372,-2.4056],[-43.5162,-2.4068],[-43.5063,-2.4043],[-43.5066,-2.384],[-43.5215,-2.3707],[-43.5268,-2.3707],[-43.5372,-2.4056]]],[[[-43.514,-23.0644],[-43.5079,-23.0648],[-43.5123,-23.0615],[-43.514,-23.0644]]],[[[-43.4735,-2.4738],[-43.4648,-2.4849],[-43.4696,-2.4705],[-43.4735,-2.4738]]],[[[-43.4721,-23.0365],[-43.4675,-23.0371],[-43.4707,-23.0338],[-43.4721,-23.0365]]],[[[-43.3067,-23.0374],[-43.3052,-23.0382],[-43.3031,-23.0385],[-43.3024,-23.0379],[-43.3039,-23.0366],[-43.3067,-23.0374]]],[[[-43.3011,-23.0334],[-43.2993,-23.0342],[-43.2994,-23.0312],[-43.3009,-23.032],[-43.3011,-23.0334]]],[[[-43.2657,-22.8112],[-43.2612,-22.8176],[-43.2509,-22.8233],[-43.2515,-22.8285],[-43.242,-22.8338],[-43.2255,-22.82],[-43.2101,-22.8157],[-43.2036,-22.8202],[-43.1909,-22.8204],[-43.1888,-22.8292],[-43.1841,-22.8329],[-43.1761,-22.8274],[-43.1759,-22.8239],[-43.1726,-22.8253],[-43.1737,-22.8312],[-43.1702,-22.8312],[-43.1682,-22.8247],[-43.1638,-22.8224],[-43.1745,-22.8202],[-43.1784,-22.8027],[-43.1695,-22.7934],[-43.1574,-22.7873],[-43.1563,-22.7797],[-43.1668,-22.7775],[-43.1693,-22.7831],[-43.1732,-22.7792],[-43.1722,-22.7757],[-43.1781,-22.7828],[-43.1892,-22.7831],[-43.1904,-22.7955],[-43.2075,-22.7949],[-43.2169,-22.7865],[-43.2285,-22.7836],[-43.2289,-22.7882],[-43.2338,-22.7915],[-43.2449,-22.792],[-43.2564,-22.7972],[-43.2657,-22.8112]]],[[[-43.2599,-22.8251],[-43.2592,-22.8266],[-43.2574,-22.8257],[-43.2583,-22.8245],[-43.2599,-22.8251]]],[[[-43.2433,-22.8396],[-43.2402,-22.8417],[-43.2362,-22.8611],[-43.2317,-22.8664],[-43.2223,-22.8705],[-43.2146,-22.8698],[-43.2151,-22.8637],[-43.2194,-22.8621],[-43.2083,-22.8587],[-43.2227,-22.8588],[-43.2324,-22.8472],[-43.2262,-22.8415],[-43.2213,-22.8478],[-43.2198,-22.8448],[-43.2237,-22.8393],[-43.2423,-22.837],[-43.2433,-22.8396]]],[[[-43.2109,-22.8868],[-43.2087,-22.8895],[-43.2074,-22.8891],[-43.2082,-22.8867],[-43.2092,-22.8864],[-43.2109,-22.8868]]],[[[-43.2082,-23.0399],[-43.206,-23.0402],[-43.2031,-23.0386],[-43.2026,-23.0379],[-43.2001,-23.0376],[-43.1987,-23.0367],[-43.1968,-23.0347],[-43.1982,-23.0347],[-43.2006,-23.0366],[-43.2052,-23.0378],[-43.2074,-23.0378],[-43.2082,-23.0399]]],[[[-43.2057,-23.0269],[-43.202,-23.0274],[-43.2008,-23.0261],[-43.203,-23.0253],[-43.2046,-23.0258],[-43.2057,-23.0269]]],[[[-43.1991,-23.0715],[-43.193,-23.0741],[-43.1912,-23.0706],[-43.1945,-23.0672],[-43.1991,-23.0715]]],[[[-43.195,-23.0269],[-43.1918,-23.0277],[-43.1901,-23.027],[-43.1912,-23.0253],[-43.1933,-23.0258],[-43.195,-23.0269]]],[[[-43.1759,-22.8956],[-43.1713,-22.8987],[-43.1674,-22.8956],[-43.1747,-22.8931],[-43.1759,-22.8956]]],[[[-43.1756,-22.8376],[-43.1741,-22.8388],[-43.173,-22.8384],[-43.1745,-22.8368],[-43.1756,-22.8376]]],[[[-43.1753,-22.8829],[-43.1751,-22.8839],[-43.1737,-22.8842],[-43.1728,-22.8832],[-43.1753,-22.8829]]],[[[-43.1649,-22.8138],[-43.1619,-22.8151],[-43.1614,-22.8122],[-43.1649,-22.8138]]],[[[-43.1615,-22.9149],[-43.1606,-22.9166],[-43.1579,-22.913],[-43.1589,-22.9126],[-43.1606,-22.9129],[-43.1615,-22.9149]]],[[[-43.1609,-22.7702],[-43.1589,-22.7758],[-43.1521,-22.7742],[-43.1609,-22.7702]]],[[[-43.1511,-22.9643],[-43.1492,-22.9659],[-43.1473,-22.9618],[-43.1511,-22.9643]]],[[[-43.1485,-23.0608],[-43.1468,-23.0657],[-43.1423,-23.0659],[-43.1485,-23.0608]]],[[[-43.1382,-22.8691],[-43.1367,-22.8749],[-43.1315,-22.8737],[-43.1332,-22.868],[-43.1382,-22.8691]]],[[[-43.1314,-22.8659],[-43.1302,-22.8665],[-43.129,-22.8662],[-43.1266,-22.8638],[-43.1264,-22.8626],[-43.128,-22.8615],[-43.1288,-22.862],[-43.1314,-22.8659]]],[[[-43.129,-22.7467],[-43.128,-22.7484],[-43.126,-22.7472],[-43.1271,-22.7461],[-43.129,-22.7467]]],[[[-43.1266,-22.8619],[-43.1188,-22.8635],[-43.1168,-22.8588],[-43.1266,-22.8619]]],[[[-43.1249,-22.8753],[-43.1239,-22.8765],[-43.1224,-22.876],[-43.12,-22.8773],[-43.1184,-22.8765],[-43.1185,-22.875],[-43.1198,-22.8748],[-43.123,-22.8742],[-43.1247,-22.8744],[-43.1249,-22.8753]]],[[[-43.1209,-22.7565],[-43.1186,-22.7586],[-43.1148,-22.7565],[-43.1177,-22.7538],[-43.1209,-22.7565]]],[[[-43.1196,-22.8038],[-43.1179,-22.8044],[-43.1171,-22.8037],[-43.117,-22.8026],[-43.1192,-22.8028],[-43.1196,-22.8038]]],[[[-43.1155,-22.8336],[-43.1095,-22.8402],[-43.1057,-22.8383],[-43.1047,-22.8348],[-43.1084,-22.8312],[-43.1155,-22.8336]]],[[[-43.1144,-22.7675],[-43.1083,-22.7699],[-43.1025,-22.7651],[-43.1066,-22.7635],[-43.1085,-22.7578],[-43.1026,-22.7506],[-43.1058,-22.7489],[-43.1123,-22.7531],[-43.1102,-22.7647],[-43.1144,-22.7675]]],[[[-43.1063,-22.8474],[-43.1051,-22.8482],[-43.1042,-22.8479],[-43.1035,-22.8465],[-43.1039,-22.8457],[-43.1058,-22.8463],[-43.1063,-22.8474]]],[[[-43.1056,-22.9568],[-43.105,-22.9576],[-43.1021,-22.9569],[-43.1021,-22.9553],[-43.1041,-22.9554],[-43.1056,-22.9568]]],[[[-43.1028,-22.8285],[-43.102,-22.8297],[-43.0995,-22.8272],[-43.0983,-22.8266],[-43.0966,-22.8248],[-43.0962,-22.8233],[-43.0944,-22.823],[-43.0931,-22.8213],[-43.0938,-22.82],[-43.0952,-22.8192],[-43.0964,-22.8198],[-43.0978,-22.8226],[-43.1013,-22.8244],[-43.1018,-22.8269],[-43.1028,-22.8285]]],[[[-43.0889,-22.988],[-43.0857,-22.9897],[-43.0807,-22.9869],[-43.0889,-22.988]]],[[[-43.0685,-22.9856],[-43.0674,-22.9863],[-43.0628,-22.9841],[-43.0623,-22.9823],[-43.0637,-22.9822],[-43.0664,-22.9829],[-43.0678,-22.983],[-43.0685,-22.9856]]],[[[-43.0552,-22.9807],[-43.0547,-22.9811],[-43.0533,-22.9801],[-43.0529,-22.9774],[-43.0543,-22.9778],[-43.0552,-22.9807]]],[[[-43.0327,-22.7424],[-43.0313,-22.7468],[-43.028,-22.7454],[-43.0307,-22.7404],[-43.0327,-22.7424]]],[[[-42.929,-23.0243],[-42.9279,-23.0243],[-42.9263,-23.023],[-42.9252,-23.0211],[-42.9259,-23.0207],[-42.9282,-23.0222],[-42.929,-23.0243]]],[[[-42.9231,-23.0172],[-42.9196,-23.0166],[-42.9137,-23.0075],[-42.9231,-23.0172]]],[[[-42.0134,-22.9996],[-42.0047,-23.0139],[-42.0002,-23.0147],[-41.9976,-23.0061],[-41.9853,-23.0032],[-41.9746,-22.9922],[-41.9769,-22.9795],[-41.9831,-22.979],[-41.9983,-22.9925],[-42.0026,-22.9919],[-42.0048,-23.0021],[-42.0134,-22.9996]]],[[[-41.9939,-22.9685],[-41.9897,-22.969],[-41.9855,-22.9637],[-41.993,-22.9632],[-41.9939,-22.9685]]],[[[-41.9889,-22.8924],[-41.9808,-22.9026],[-41.9763,-22.8999],[-41.9805,-22.8964],[-41.9793,-22.8916],[-41.9889,-22.8924]]],[[[-41.9599,-22.8835],[-41.9591,-22.8841],[-41.9581,-22.8824],[-41.9589,-22.8818],[-41.9599,-22.8835]]],[[[-41.9544,-22.8742],[-41.9539,-22.8759],[-41.9517,-22.8745],[-41.9498,-22.8713],[-41.9504,-22.8708],[-41.9531,-22.8723],[-41.9544,-22.8742]]],[[[-41.9501,-22.8699],[-41.9432,-22.8754],[-41.935,-22.8646],[-41.9452,-22.8636],[-41.9501,-22.8699]]],[[[-41.9469,-22.7394],[-41.9453,-22.7399],[-41.9437,-22.741],[-41.942,-22.739],[-41.9443,-22.739],[-41.9455,-22.7374],[-41.9469,-22.7379],[-41.9469,-22.7394]]],[[[-41.943,-22.8785],[-41.942,-22.88],[-41.9407,-22.8793],[-41.9395,-22.877],[-41.9414,-22.877],[-41.943,-22.8785]]],[[[-41.9265,-22.7234],[-41.9221,-22.7255],[-41.9198,-22.7219],[-41.9265,-22.7234]]],[[[-41.9235,-22.8131],[-41.921,-22.8148],[-41.9209,-22.8135],[-41.9232,-22.8126],[-41.9235,-22.8131]]],[[[-41.9211,-22.8647],[-41.9197,-22.8656],[-41.9187,-22.8647],[-41.9201,-22.8635],[-41.9211,-22.8647]]],[[[-41.9129,-22.8611],[-41.9038,-22.8595],[-41.9032,-22.8515],[-41.9129,-22.8611]]],[[[-41.8935,-22.8459],[-41.892,-22.8465],[-41.8899,-22.8442],[-41.8907,-22.8432],[-41.8931,-22.8447],[-41.8935,-22.8459]]],[[[-41.8755,-22.731],[-41.8732,-22.7309],[-41.8741,-22.7296],[-41.8755,-22.731]]],[[[-41.8259,-22.7718],[-41.8254,-22.7764],[-41.8204,-22.7724],[-41.8259,-22.7718]]],[[[-41.7938,-22.7712],[-41.7843,-22.7691],[-41.7894,-22.7674],[-41.7938,-22.7712]]],[[[-41.76,-22.384],[-41.759,-22.3847],[-41.7584,-22.3828],[-41.7596,-22.3827],[-41.76,-22.384]]],[[[-41.7173,-22.4169],[-41.7136,-22.422],[-41.7119,-22.4203],[-41.7173,-22.4169]]],[[[-41.7111,-22.4135],[-41.702,-22.4208],[-41.7,-22.4195],[-41.7029,-22.4134],[-41.698,-22.4111],[-41.7047,-22.4054],[-41.7111,-22.4135]]],[[[-41.6976,-22.3997],[-41.6953,-22.4053],[-41.6901,-22.4003],[-41.6928,-22.3967],[-41.6976,-22.3997]]],[[[-41.0484,-21.5891],[-41.0443,-21.6068],[-41.0459,-21.6162],[-41.0178,-21.614],[-41.0185,-21.6088],[-41.0368,-21.5964],[-41.0438,-21.585],[-41.0484,-21.5891]]],[[[-41.0272,-21.6211],[-41.0259,-21.6225],[-41.0242,-21.6229],[-41.0222,-21.6214],[-41.0229,-21.6207],[-41.0272,-21.6211]]],[[[-41.0162,-21.6124],[-41.0156,-21.6155],[-41.0139,-21.6173],[-41.0128,-21.6151],[-41.0138,-21.615],[-41.0151,-21.6115],[-41.0162,-21.6124]]],[[[-40.7566,-20.9272],[-40.7564,-20.9289],[-40.7519,-20.9272],[-40.7517,-20.9257],[-40.7531,-20.9243],[-40.7547,-20.9251],[-40.7566,-20.9272]]],[[[-40.7289,-20.8561],[-40.7281,-20.8565],[-40.726,-20.8545],[-40.7269,-20.8542],[-40.7289,-20.8561]]],[[[-40.728,-20.8502],[-40.7277,-20.851],[-40.7256,-20.8505],[-40.7253,-20.8481],[-40.7267,-20.8483],[-40.728,-20.8502]]],[[[-40.472,-20.6628],[-40.4708,-20.6638],[-40.4684,-20.6633],[-40.4667,-20.6621],[-40.4685,-20.6609],[-40.472,-20.6628]]],[[[-40.4072,-20.6996],[-40.4069,-20.7012],[-40.4057,-20.7006],[-40.4057,-20.6995],[-40.4072,-20.6996]]],[[[-40.3927,-20.5973],[-40.3917,-20.5986],[-40.3904,-20.5978],[-40.3915,-20.5967],[-40.3927,-20.5973]]],[[[-40.3842,-20.6148],[-40.3795,-20.6134],[-40.3822,-20.6109],[-40.3842,-20.6148]]],[[[-40.3781,-20.6129],[-40.3773,-20.6143],[-40.3761,-20.6135],[-40.3764,-20.6125],[-40.3781,-20.6129]]],[[[-40.3758,-20.6113],[-40.3727,-20.6131],[-40.3745,-20.6082],[-40.3758,-20.6113]]],[[[-40.2976,-20.3808],[-40.297,-20.3825],[-40.2946,-20.3813],[-40.2955,-20.3802],[-40.2976,-20.3808]]],[[[-39.2016,-17.7555],[-39.1974,-17.758],[-39.1819,-17.7481],[-39.1763,-17.7401],[-39.1854,-17.7481],[-39.2016,-17.7555]]],[[[-38.9653,-13.6756],[-38.9646,-13.6773],[-38.9636,-13.6767],[-38.9638,-13.6755],[-38.9653,-13.6756]]],[[[-38.9408,-13.8366],[-38.9396,-13.8379],[-38.938,-13.8387],[-38.9379,-13.8364],[-38.9405,-13.8356],[-38.9408,-13.8366]]],[[[-38.7141,-17.9707],[-38.7106,-17.9717],[-38.7082,-17.9714],[-38.7083,-17.9702],[-38.7072,-17.9697],[-38.7078,-17.9689],[-38.7092,-17.9699],[-38.7111,-17.9698],[-38.7141,-17.9707]]],[[[-38.7125,-17.965],[-38.7117,-17.9678],[-38.7079,-17.9672],[-38.7083,-17.9643],[-38.7125,-17.965]]],[[[-38.7066,-17.9628],[-38.6917,-17.9647],[-38.6998,-17.9612],[-38.7066,-17.9628]]],[[[-38.7012,-17.9805],[-38.6997,-17.9817],[-38.6966,-17.9803],[-38.6979,-17.9793],[-38.7001,-17.98],[-38.7012,-17.9792],[-38.7012,-17.9805]]],[[[-37.0458,-4.8167],[-37.045,-4.8188],[-37.0441,-4.8185],[-37.0448,-4.8164],[-37.0458,-4.8167]]],[[[-35.0249,-8.6136],[-35.0208,-8.6154],[-35.0235,-8.6085],[-35.0249,-8.6136]]],[[[-34.9678,-8.3816],[-34.966,-8.3874],[-34.9617,-8.3884],[-34.9578,-8.3856],[-34.9572,-8.3761],[-34.9645,-8.3723],[-34.9678,-8.3816]]],[[[-34.868,-6.988],[-34.8655,-7.0015],[-34.8586,-7.0152],[-34.8497,-7.0021],[-34.8476,-6.9831],[-34.8616,-6.9824],[-34.8611,-6.9796],[-34.8663,-6.9816],[-34.868,-6.988]]],[[[-32.4755,-3.8764],[-32.4578,-3.88],[-32.4355,-3.87],[-32.4276,-3.8712],[-32.4249,-3.8775],[-32.4227,-3.8735],[-32.4259,-3.867],[-32.4197,-3.869],[-32.4079,-3.8568],[-32.3974,-3.8568],[-32.3965,-3.8524],[-32.3913,-3.8517],[-32.396,-3.8487],[-32.3996,-3.8379],[-32.3969,-3.8335],[-32.3984,-3.8285],[-32.3949,-3.8267],[-32.3988,-3.8289],[-32.402,-3.8262],[-32.3993,-3.8313],[-32.4026,-3.8358],[-32.4437,-3.851],[-32.4432,-3.854],[-32.4486,-3.8565],[-32.4476,-3.8619],[-32.4565,-3.8646],[-32.4603,-3.8722],[-32.4676,-3.877],[-32.4755,-3.8764]]],[[[-32.4197,-3.8717],[-32.4187,-3.8729],[-32.4172,-3.872],[-32.4189,-3.8707],[-32.4197,-3.8717]]],[[[-32.3951,-3.8215],[-32.3918,-3.8212],[-32.3912,-3.8175],[-32.3951,-3.8215]]],[[[-32.3948,-3.8238],[-32.3943,-3.8257],[-32.3925,-3.825],[-32.3924,-3.8237],[-32.3931,-3.823],[-32.3948,-3.8238]]],[[[-32.3948,-3.8124],[-32.3901,-3.8162],[-32.3816,-3.8142],[-32.3778,-3.8063],[-32.3792,-3.8048],[-32.3817,-3.8106],[-32.3892,-3.8074],[-32.3948,-3.8124]]],[[[-29.3446,-20.5072],[-29.3308,-20.5234],[-29.3251,-20.5237],[-29.326,-20.5276],[-29.3245,-20.5244],[-29.3122,-20.5206],[-29.3027,-20.5279],[-29.2996,-20.5267],[-29.3016,-20.5214],[-29.2992,-20.5189],[-29.3085,-20.5082],[-29.3181,-20.505],[-29.3334,-20.4889],[-29.3436,-20.4913],[-29.3415,-20.4923],[-29.3446,-20.5072]]],[[[-28.8565,-20.4691],[-28.8543,-20.4696],[-28.8542,-20.4687],[-28.8557,-20.4681],[-28.8565,-20.4691]]],[[[-28.8543,-20.4755],[-28.8513,-20.4791],[-28.8478,-20.4754],[-28.8518,-20.4719],[-28.8543,-20.4755]]],[[[-28.8503,-20.4972],[-28.8476,-20.4971],[-28.8483,-20.4959],[-28.8496,-20.4958],[-28.8503,-20.4972]]]]}}]}
